ISO-10303-21;
HEADER;
FILE_DESCRIPTION (( 'STEP AP214' ),
    '1' );
FILE_NAME ('User Library-Klemme_057_2.STEP',
    '2025-06-05T06:12:14',
    ( '' ),
    ( '' ),
    'SwSTEP 2.0',
    'SolidWorks 2022',
    '' );
FILE_SCHEMA (( 'AUTOMOTIVE_DESIGN' ));
ENDSEC;

DATA;
#1 = ORIENTED_EDGE ( 'NONE', *, *, #1618, .T. ) ;
#2 = FACE_OUTER_BOUND ( 'NONE', #2712, .T. ) ;
#3 = COLOUR_RGB ( '',0.4274509803921568429, 0.4705882352941176405, 0.5411764705882352589 ) ;
#4 = COLOUR_RGB ( '',0.4000000000000000222, 0.4000000000000000222, 0.4000000000000000222 ) ;
#5 = FILL_AREA_STYLE_COLOUR ( '', #2419 ) ;
#6 =( GEOMETRIC_REPRESENTATION_CONTEXT ( 3 ) GLOBAL_UNCERTAINTY_ASSIGNED_CONTEXT ( ( #1020 ) ) GLOBAL_UNIT_ASSIGNED_CONTEXT ( ( #2655, #1126, #2886 ) ) REPRESENTATION_CONTEXT ( 'NONE', 'WORKASPACE' ) );
#7 = APPLICATION_CONTEXT ( 'automotive_design' ) ;
#8 = FILL_AREA_STYLE ('',( #3879 ) ) ;
#9 =( GEOMETRIC_REPRESENTATION_CONTEXT ( 3 ) GLOBAL_UNCERTAINTY_ASSIGNED_CONTEXT ( ( #2242 ) ) GLOBAL_UNIT_ASSIGNED_CONTEXT ( ( #2304, #2834, #1664 ) ) REPRESENTATION_CONTEXT ( 'NONE', 'WORKASPACE' ) );
#10 = LINE ( 'NONE', #2049, #892 ) ;
#11 = FACE_BOUND ( 'NONE', #320, .T. ) ;
#12 = PLANE ( 'NONE',  #452 ) ;
#13 = FILL_AREA_STYLE ('',( #1206 ) ) ;
#14 = AXIS2_PLACEMENT_3D ( 'NONE', #3113, #3752, #2876 ) ;
#15 = UNCERTAINTY_MEASURE_WITH_UNIT (LENGTH_MEASURE( 1.000000000000000082E-05 ), #3250, 'distance_accuracy_value', 'NONE');
#16 = PRODUCT_CONTEXT ( 'NONE', #3257, 'mechanical' ) ;
#17 = FILL_AREA_STYLE ('',( #2745 ) ) ;
#18 = VERTEX_POINT ( 'NONE', #2592 ) ;
#19 = STYLED_ITEM ( 'NONE', ( #559 ), #194 ) ;
#20 = COLOUR_RGB ( '',0.1960784313725490169, 0.1960784313725490169, 0.1960784313725490169 ) ;
#21 = FILL_AREA_STYLE ('',( #3607 ) ) ;
#22 = CIRCLE ( 'NONE', #2467, 1.449999999999999956 ) ;
#23 = CIRCLE ( 'NONE', #3419, 1.949999999999999956 ) ;
#24 = MECHANICAL_DESIGN_GEOMETRIC_PRESENTATION_REPRESENTATION (  '', ( #1592 ), #848 ) ;
#25 = VERTEX_POINT ( 'NONE', #201 ) ;
#26 =( GEOMETRIC_REPRESENTATION_CONTEXT ( 3 ) GLOBAL_UNCERTAINTY_ASSIGNED_CONTEXT ( ( #986 ) ) GLOBAL_UNIT_ASSIGNED_CONTEXT ( ( #735, #1622, #2761 ) ) REPRESENTATION_CONTEXT ( 'NONE', 'WORKASPACE' ) );
#27 = EDGE_CURVE ( 'NONE', #355, #3611, #1310, .T. ) ;
#28 = CARTESIAN_POINT ( 'NONE',  ( -2.115000000000000213, 0.0000000000000000000, 0.0000000000000000000 ) ) ;
#29 = PRESENTATION_LAYER_ASSIGNMENT (  '', '', ( #1339 ) ) ;
#30 = VECTOR ( 'NONE', #1967, 1000.000000000000227 ) ;
#31 = DIRECTION ( 'NONE',  ( 0.0000000000000000000, -0.0000000000000000000, 1.000000000000000000 ) ) ;
#32 = AXIS2_PLACEMENT_3D ( 'NONE', #2212, #3084, #2190 ) ;
#33 = COLOUR_RGB ( '',0.4000000000000000222, 0.4000000000000000222, 0.4000000000000000222 ) ;
#34 = LINE ( 'NONE', #1446, #3035 ) ;
#35 = ORIENTED_EDGE ( 'NONE', *, *, #2290, .F. ) ;
#36 = DIRECTION ( 'NONE',  ( 0.0000000000000000000, -2.990902544787598592E-16, -1.000000000000000000 ) ) ;
#37 = VECTOR ( 'NONE', #805, 1000.000000000000000 ) ;
#38 = MANIFOLD_SOLID_BREP ( 'Imported1', #2478 ) ;
#39 = PRESENTATION_LAYER_ASSIGNMENT (  '', '', ( #1738 ) ) ;
#40 = SURFACE_STYLE_FILL_AREA ( #330 ) ;
#41 = ORIENTED_EDGE ( 'NONE', *, *, #1937, .T. ) ;
#42 = ORIENTED_EDGE ( 'NONE', *, *, #2290, .T. ) ;
#43 = SHAPE_REPRESENTATION_RELATIONSHIP ( 'NONE' , 'NONE' ,  #1842, #217 ) ;
#44 = ORIENTED_EDGE ( 'NONE', *, *, #2729, .F. ) ;
#45 = CARTESIAN_POINT ( 'NONE',  ( 4.700000000000000178, -4.070000000000000284, 6.700000000000000178 ) ) ;
#46 = VERTEX_POINT ( 'NONE', #690 ) ;
#47 =( NAMED_UNIT ( * ) SI_UNIT ( $, .STERADIAN. ) SOLID_ANGLE_UNIT ( ) );
#48 =( NAMED_UNIT ( * ) SI_UNIT ( $, .STERADIAN. ) SOLID_ANGLE_UNIT ( ) );
#49 = FACE_OUTER_BOUND ( 'NONE', #1487, .T. ) ;
#50 = DIRECTION ( 'NONE',  ( 1.000000000000000000, 0.0000000000000000000, -0.0000000000000000000 ) ) ;
#51 =( NAMED_UNIT ( * ) SI_UNIT ( $, .STERADIAN. ) SOLID_ANGLE_UNIT ( ) );
#52 = SURFACE_SIDE_STYLE ('',( #1877 ) ) ;
#53 = LINE ( 'NONE', #3400, #1778 ) ;
#54 = DIRECTION ( 'NONE',  ( 1.000000000000000000, 0.0000000000000000000, -0.0000000000000000000 ) ) ;
#55 = ORIENTED_EDGE ( 'NONE', *, *, #101, .T. ) ;
#56 = ORIENTED_EDGE ( 'NONE', *, *, #1869, .F. ) ;
#57 =( NAMED_UNIT ( * ) PLANE_ANGLE_UNIT ( ) SI_UNIT ( $, .RADIAN. ) );
#58 = VERTEX_POINT ( 'NONE', #1898 ) ;
#59 =( LENGTH_UNIT ( ) NAMED_UNIT ( * ) SI_UNIT ( .MILLI., .METRE. ) );
#60 = ORIENTED_EDGE ( 'NONE', *, *, #535, .F. ) ;
#61 = DIRECTION ( 'NONE',  ( 0.0000000000000000000, -1.000000000000000000, -0.0000000000000000000 ) ) ;
#62 = ORIENTED_EDGE ( 'NONE', *, *, #2036, .T. ) ;
#63 = PRESENTATION_STYLE_ASSIGNMENT (( #979 ) ) ;
#64 = SURFACE_STYLE_FILL_AREA ( #2488 ) ;
#65 = EDGE_CURVE ( 'NONE', #493, #2065, #480, .T. ) ;
#66 = VECTOR ( 'NONE', #475, 1000.000000000000000 ) ;
#67 = EDGE_CURVE ( 'NONE', #390, #1660, #3686, .T. ) ;
#68 = PLANE ( 'NONE',  #2218 ) ;
#69 = CARTESIAN_POINT ( 'NONE',  ( -1.840000000000000080, -4.070000000000000284, 1.149999999999999911 ) ) ;
#70 = CIRCLE ( 'NONE', #1007, 1.750000000000000222 ) ;
#71 = COLOUR_RGB ( '',0.7921568627450980005, 0.8196078431372548767, 0.9333333333333333481 ) ;
#72 = MECHANICAL_DESIGN_GEOMETRIC_PRESENTATION_REPRESENTATION (  '', ( #1639 ), #1012 ) ;
#73 = DIRECTION ( 'NONE',  ( -0.0000000000000000000, -0.0000000000000000000, 1.000000000000000000 ) ) ;
#74 = CARTESIAN_POINT ( 'NONE',  ( 4.700000000000000178, -4.070000000000000284, 0.0000000000000000000 ) ) ;
#75 = EDGE_LOOP ( 'NONE', ( #1242, #370, #1375, #3482 ) ) ;
#76 = ORIENTED_EDGE ( 'NONE', *, *, #3176, .T. ) ;
#77 = FACE_BOUND ( 'NONE', #2735, .T. ) ;
#78 = PRESENTATION_LAYER_ASSIGNMENT (  '', '', ( #3291 ) ) ;
#79 = UNCERTAINTY_MEASURE_WITH_UNIT (LENGTH_MEASURE( 1.000000000000000082E-05 ), #2401, 'distance_accuracy_value', 'NONE');
#80 = PRODUCT_RELATED_PRODUCT_CATEGORY ( 'part', '', ( #2236 ) ) ;
#81 = FILL_AREA_STYLE_COLOUR ( '', #3780 ) ;
#82 = EDGE_CURVE ( 'NONE', #3178, #1514, #420, .T. ) ;
#83 = ORIENTED_EDGE ( 'NONE', *, *, #3286, .F. ) ;
#84 =( LENGTH_UNIT ( ) NAMED_UNIT ( * ) SI_UNIT ( .MILLI., .METRE. ) );
#85 = PRESENTATION_LAYER_ASSIGNMENT (  '', '', ( #3485 ) ) ;
#86 = FILL_AREA_STYLE_COLOUR ( '', #838 ) ;
#87 = PRESENTATION_LAYER_ASSIGNMENT (  '', '', ( #1785 ) ) ;
#88 = VECTOR ( 'NONE', #1662, 1000.000000000000000 ) ;
#89 = STYLED_ITEM ( 'NONE', ( #994 ), #2564 ) ;
#90 =( GEOMETRIC_REPRESENTATION_CONTEXT ( 3 ) GLOBAL_UNCERTAINTY_ASSIGNED_CONTEXT ( ( #2392 ) ) GLOBAL_UNIT_ASSIGNED_CONTEXT ( ( #1296, #2828, #147 ) ) REPRESENTATION_CONTEXT ( 'NONE', 'WORKASPACE' ) );
#91 = ORIENTED_EDGE ( 'NONE', *, *, #1076, .T. ) ;
#92 =( GEOMETRIC_REPRESENTATION_CONTEXT ( 3 ) GLOBAL_UNCERTAINTY_ASSIGNED_CONTEXT ( ( #3715 ) ) GLOBAL_UNIT_ASSIGNED_CONTEXT ( ( #84, #113, #988 ) ) REPRESENTATION_CONTEXT ( 'NONE', 'WORKASPACE' ) );
#93 = FACE_OUTER_BOUND ( 'NONE', #3622, .T. ) ;
#94 = EDGE_LOOP ( 'NONE', ( #55, #3800 ) ) ;
#95 = FILL_AREA_STYLE_COLOUR ( '', #2052 ) ;
#96 = CARTESIAN_POINT ( 'NONE',  ( -2.540000000000000036, -2.000000000000000444, 0.5500000000000001554 ) ) ;
#97 = CARTESIAN_POINT ( 'NONE',  ( 2.540000000000000036, 0.0000000000000000000, 10.00000000000000000 ) ) ;
#98 =( GEOMETRIC_REPRESENTATION_CONTEXT ( 3 ) GLOBAL_UNCERTAINTY_ASSIGNED_CONTEXT ( ( #739 ) ) GLOBAL_UNIT_ASSIGNED_CONTEXT ( ( #1233, #596, #575 ) ) REPRESENTATION_CONTEXT ( 'NONE', 'WORKASPACE' ) );
#99 = COLOUR_RGB ( '',0.4274509803921568429, 0.4705882352941176405, 0.5411764705882352589 ) ;
#100 = CARTESIAN_POINT ( 'NONE',  ( -4.700000000000000178, 2.429999999999999716, 1.149999999999999911 ) ) ;
#101 = EDGE_CURVE ( 'NONE', #115, #2047, #2169, .T. ) ;
#102 = FILL_AREA_STYLE_COLOUR ( '', #578 ) ;
#103 = SURFACE_STYLE_USAGE ( .BOTH. , #1581 ) ;
#104 = COLOUR_RGB ( '',0.4274509803921568429, 0.4705882352941176405, 0.5411764705882352589 ) ;
#105 = EDGE_CURVE ( 'NONE', #571, #1866, #1362, .T. ) ;
#106 = CLOSED_SHELL ( 'NONE', ( #2607, #376, #238, #289, #1817, #478, #2856, #2092, #2564, #1470, #2422 ) ) ;
#107 = ADVANCED_FACE ( 'NONE', ( #3396 ), #2192, .T. ) ;
#108 = SURFACE_STYLE_USAGE ( .BOTH. , #1642 ) ;
#109 =( NAMED_UNIT ( * ) PLANE_ANGLE_UNIT ( ) SI_UNIT ( $, .RADIAN. ) );
#110 = ORIENTED_EDGE ( 'NONE', *, *, #3608, .F. ) ;
#111 = SURFACE_STYLE_USAGE ( .BOTH. , #3653 ) ;
#112 = ORIENTED_EDGE ( 'NONE', *, *, #2940, .T. ) ;
#113 =( NAMED_UNIT ( * ) PLANE_ANGLE_UNIT ( ) SI_UNIT ( $, .RADIAN. ) );
#114 = SURFACE_STYLE_USAGE ( .BOTH. , #2269 ) ;
#115 = VERTEX_POINT ( 'NONE', #96 ) ;
#116 = DIRECTION ( 'NONE',  ( -1.000000000000000000, -0.0000000000000000000, 0.0000000000000000000 ) ) ;
#117 = ORIENTED_EDGE ( 'NONE', *, *, #1049, .F. ) ;
#118 = ADVANCED_FACE ( 'NONE', ( #152 ), #1977, .T. ) ;
#119 = UNCERTAINTY_MEASURE_WITH_UNIT (LENGTH_MEASURE( 1.000000000000000082E-05 ), #2803, 'distance_accuracy_value', 'NONE');
#120 = DIRECTION ( 'NONE',  ( -0.0000000000000000000, -1.000000000000000000, -0.0000000000000000000 ) ) ;
#121 = DIRECTION ( 'NONE',  ( -1.000000000000000000, -0.0000000000000000000, 0.0000000000000000000 ) ) ;
#122 = SURFACE_STYLE_FILL_AREA ( #409 ) ;
#123 =( LENGTH_UNIT ( ) NAMED_UNIT ( * ) SI_UNIT ( .MILLI., .METRE. ) );
#124 = PRODUCT_DEFINITION_CONTEXT ( 'detailed design', #1889, 'design' ) ;
#125 = FILL_AREA_STYLE_COLOUR ( '', #3075 ) ;
#126 = EDGE_CURVE ( 'NONE', #1514, #1294, #876, .T. ) ;
#127 = VERTEX_POINT ( 'NONE', #1462 ) ;
#128 =( NAMED_UNIT ( * ) PLANE_ANGLE_UNIT ( ) SI_UNIT ( $, .RADIAN. ) );
#129 = PRODUCT ( 'User Library-Klemme_057_2', 'User Library-Klemme_057_2', '', ( #3269 ) ) ;
#130 = CARTESIAN_POINT ( 'NONE',  ( 4.700000000000000178, 2.429999999999999716, 1.149999999999998357 ) ) ;
#131 = ORIENTED_EDGE ( 'NONE', *, *, #3138, .F. ) ;
#132 = FILL_AREA_STYLE_COLOUR ( '', #3497 ) ;
#133 = CARTESIAN_POINT ( 'NONE',  ( -2.540000000000000036, -2.000000000000000000, 2.000000000000000000 ) ) ;
#134 = DIRECTION ( 'NONE',  ( 0.0000000000000000000, -1.000000000000000000, 2.220446049250000002E-16 ) ) ;
#135 = DIRECTION ( 'NONE',  ( 1.000000000000000000, 0.0000000000000000000, -0.0000000000000000000 ) ) ;
#136 = PRESENTATION_STYLE_ASSIGNMENT (( #108 ) ) ;
#137 = VECTOR ( 'NONE', #2861, 1000.000000000000000 ) ;
#138 = LINE ( 'NONE', #757, #3551 ) ;
#139 = CARTESIAN_POINT ( 'NONE',  ( -2.540000000000000036, 2.000000000000000444, 3.449999999999999289 ) ) ;
#140 = PRESENTATION_LAYER_ASSIGNMENT (  '', '', ( #3405 ) ) ;
#141 =( GEOMETRIC_REPRESENTATION_CONTEXT ( 3 ) GLOBAL_UNCERTAINTY_ASSIGNED_CONTEXT ( ( #2070 ) ) GLOBAL_UNIT_ASSIGNED_CONTEXT ( ( #2670, #603, #2700 ) ) REPRESENTATION_CONTEXT ( 'NONE', 'WORKASPACE' ) );
#142 = UNCERTAINTY_MEASURE_WITH_UNIT (LENGTH_MEASURE( 1.000000000000000082E-05 ), #2720, 'distance_accuracy_value', 'NONE');
#143 = PRODUCT_DEFINITION_FORMATION_WITH_SPECIFIED_SOURCE ( 'ANY', '', #2236, .NOT_KNOWN. ) ;
#144 = ADVANCED_FACE ( 'NONE', ( #3563 ), #2078, .F. ) ;
#145 = FILL_AREA_STYLE ('',( #2848 ) ) ;
#146 =( LENGTH_UNIT ( ) NAMED_UNIT ( * ) SI_UNIT ( .MILLI., .METRE. ) );
#147 =( NAMED_UNIT ( * ) SI_UNIT ( $, .STERADIAN. ) SOLID_ANGLE_UNIT ( ) );
#148 = VERTEX_POINT ( 'NONE', #863 ) ;
#149 = CARTESIAN_POINT ( 'NONE',  ( -4.280000000000000249, 3.370000000000000107, 6.700000000000000178 ) ) ;
#150 = MECHANICAL_DESIGN_GEOMETRIC_PRESENTATION_REPRESENTATION (  '', ( #3414 ), #1401 ) ;
#151 =( NAMED_UNIT ( * ) SI_UNIT ( $, .STERADIAN. ) SOLID_ANGLE_UNIT ( ) );
#152 = FACE_OUTER_BOUND ( 'NONE', #3185, .T. ) ;
#153 =( GEOMETRIC_REPRESENTATION_CONTEXT ( 3 ) GLOBAL_UNCERTAINTY_ASSIGNED_CONTEXT ( ( #198 ) ) GLOBAL_UNIT_ASSIGNED_CONTEXT ( ( #749, #2558, #500 ) ) REPRESENTATION_CONTEXT ( 'NONE', 'WORKASPACE' ) );
#154 =( GEOMETRIC_REPRESENTATION_CONTEXT ( 3 ) GLOBAL_UNCERTAINTY_ASSIGNED_CONTEXT ( ( #1222 ) ) GLOBAL_UNIT_ASSIGNED_CONTEXT ( ( #3036, #2220, #2244 ) ) REPRESENTATION_CONTEXT ( 'NONE', 'WORKASPACE' ) );
#155 = PRESENTATION_LAYER_ASSIGNMENT (  '', '', ( #3425 ) ) ;
#156 = UNCERTAINTY_MEASURE_WITH_UNIT (LENGTH_MEASURE( 1.000000000000000082E-05 ), #3502, 'distance_accuracy_value', 'NONE');
#157 = DIRECTION ( 'NONE',  ( 1.000000000000000000, 0.0000000000000000000, 0.0000000000000000000 ) ) ;
#158 = VECTOR ( 'NONE', #1705, 1000.000000000000000 ) ;
#159 = ORIENTED_EDGE ( 'NONE', *, *, #2707, .T. ) ;
#160 = AXIS2_PLACEMENT_3D ( 'NONE', #2280, #2260, #2309 ) ;
#161 = AXIS2_PLACEMENT_3D ( 'NONE', #527, #2066, #275 ) ;
#162 = PRESENTATION_LAYER_ASSIGNMENT (  '', '', ( #2301 ) ) ;
#163 =( NAMED_UNIT ( * ) PLANE_ANGLE_UNIT ( ) SI_UNIT ( $, .RADIAN. ) );
#164 = DIRECTION ( 'NONE',  ( -1.000000000000000000, 0.0000000000000000000, 0.0000000000000000000 ) ) ;
#165 = CARTESIAN_POINT ( 'NONE',  ( -5.080000000000000071, 3.370000000000000107, 0.0000000000000000000 ) ) ;
#166 =( NAMED_UNIT ( * ) SI_UNIT ( $, .STERADIAN. ) SOLID_ANGLE_UNIT ( ) );
#167 = UNCERTAINTY_MEASURE_WITH_UNIT (LENGTH_MEASURE( 1.000000000000000082E-05 ), #429, 'distance_accuracy_value', 'NONE');
#168 = DIRECTION ( 'NONE',  ( 1.000000000000000000, 0.0000000000000000000, 0.0000000000000000000 ) ) ;
#169 = VERTEX_POINT ( 'NONE', #1727 ) ;
#170 = CARTESIAN_POINT ( 'NONE',  ( 5.080000000000000071, 4.070000000000000284, 6.720000000000000639 ) ) ;
#171 =( NAMED_UNIT ( * ) SI_UNIT ( $, .STERADIAN. ) SOLID_ANGLE_UNIT ( ) );
#172 = ORIENTED_EDGE ( 'NONE', *, *, #3303, .T. ) ;
#173 = PLANE ( 'NONE',  #3794 ) ;
#174 = PLANE ( 'NONE',  #1782 ) ;
#175 = SURFACE_STYLE_USAGE ( .BOTH. , #3481 ) ;
#176 = ORIENTED_EDGE ( 'NONE', *, *, #1453, .T. ) ;
#177 = CYLINDRICAL_SURFACE ( 'NONE', #3409, 1.449999999999999956 ) ;
#178 = DIRECTION ( 'NONE',  ( 1.000000000000000000, 0.0000000000000000000, 0.0000000000000000000 ) ) ;
#179 = SURFACE_SIDE_STYLE ('',( #3163 ) ) ;
#180 = CARTESIAN_POINT ( 'NONE',  ( -2.540000000000000036, 0.0000000000000000000, 1.399999999999999911 ) ) ;
#181 = ORIENTED_EDGE ( 'NONE', *, *, #3560, .T. ) ;
#182 = SURFACE_SIDE_STYLE ('',( #1110 ) ) ;
#183 = DIRECTION ( 'NONE',  ( 0.0000000000000000000, -2.990902544787598592E-16, -1.000000000000000000 ) ) ;
#184 = ORIENTED_EDGE ( 'NONE', *, *, #1181, .F. ) ;
#185 = CARTESIAN_POINT ( 'NONE',  ( -2.540000000000000036, -2.000000000000000000, 2.000000000000000000 ) ) ;
#186 = SURFACE_SIDE_STYLE ('',( #1663 ) ) ;
#187 = DIRECTION ( 'NONE',  ( 0.0000000000000000000, -0.0000000000000000000, 1.000000000000000000 ) ) ;
#188 = DIRECTION ( 'NONE',  ( 0.0000000000000000000, 0.0000000000000000000, -1.000000000000000000 ) ) ;
#189 = LINE ( 'NONE', #3838, #641 ) ;
#190 =( NAMED_UNIT ( * ) SI_UNIT ( $, .STERADIAN. ) SOLID_ANGLE_UNIT ( ) );
#191 =( NAMED_UNIT ( * ) SI_UNIT ( $, .STERADIAN. ) SOLID_ANGLE_UNIT ( ) );
#192 = ORIENTED_EDGE ( 'NONE', *, *, #375, .T. ) ;
#193 = CARTESIAN_POINT ( 'NONE',  ( -2.540000000000000036, 0.0000000000000000000, 0.0000000000000000000 ) ) ;
#194 = ADVANCED_FACE ( 'NONE', ( #797 ), #3579, .T. ) ;
#195 = FILL_AREA_STYLE ('',( #1983 ) ) ;
#196 =( NAMED_UNIT ( * ) SI_UNIT ( $, .STERADIAN. ) SOLID_ANGLE_UNIT ( ) );
#197 = CIRCLE ( 'NONE', #2572, 0.4250000000000000444 ) ;
#198 = UNCERTAINTY_MEASURE_WITH_UNIT (LENGTH_MEASURE( 1.000000000000000082E-05 ), #749, 'distance_accuracy_value', 'NONE');
#199 = MECHANICAL_DESIGN_GEOMETRIC_PRESENTATION_REPRESENTATION (  '', ( #1950 ), #2517 ) ;
#200 = DIRECTION ( 'NONE',  ( 0.0000000000000000000, 0.0000000000000000000, 1.000000000000000000 ) ) ;
#201 = CARTESIAN_POINT ( 'NONE',  ( 5.080000000000000071, 2.569999999999999840, 6.700000000000000178 ) ) ;
#202 = CARTESIAN_POINT ( 'NONE',  ( -0.7900000000000000355, -0.3499999999999999778, 0.5999999999999999778 ) ) ;
#203 = ADVANCED_FACE ( 'NONE', ( #2576 ), #3785, .T. ) ;
#204 = DIRECTION ( 'NONE',  ( 0.0000000000000000000, -1.000000000000000000, 0.0000000000000000000 ) ) ;
#205 = AXIS2_PLACEMENT_3D ( 'NONE', #1757, #856, #1714 ) ;
#206 = DIRECTION ( 'NONE',  ( 1.000000000000000000, 0.0000000000000000000, 0.0000000000000000000 ) ) ;
#207 = ADVANCED_FACE ( 'NONE', ( #3333 ), #3354, .T. ) ;
#208 = COLOUR_RGB ( '',0.4274509803921568429, 0.4705882352941176405, 0.5411764705882352589 ) ;
#209 = ORIENTED_EDGE ( 'NONE', *, *, #3484, .F. ) ;
#210 = LINE ( 'NONE', #477, #3549 ) ;
#211 = CYLINDRICAL_SURFACE ( 'NONE', #2225, 1.750000000000000222 ) ;
#212 =( GEOMETRIC_REPRESENTATION_CONTEXT ( 3 ) GLOBAL_UNCERTAINTY_ASSIGNED_CONTEXT ( ( #1198 ) ) GLOBAL_UNIT_ASSIGNED_CONTEXT ( ( #1953, #2559, #1010 ) ) REPRESENTATION_CONTEXT ( 'NONE', 'WORKASPACE' ) );
#213 = FILL_AREA_STYLE_COLOUR ( '', #1801 ) ;
#214 = DIRECTION ( 'NONE',  ( 0.0000000000000000000, -1.000000000000000000, -0.0000000000000000000 ) ) ;
#215 = MECHANICAL_DESIGN_GEOMETRIC_PRESENTATION_REPRESENTATION (  '', ( #1965 ), #336 ) ;
#216 = VERTEX_POINT ( 'NONE', #2976 ) ;
#217 = ADVANCED_BREP_SHAPE_REPRESENTATION ( '', ( #1303, #1260 ), #1952 ) ;
#218 = LINE ( 'NONE', #1116, #2709 ) ;
#219 = CIRCLE ( 'NONE', #642, 1.750000000000000222 ) ;
#220 = PRESENTATION_LAYER_ASSIGNMENT (  '', '', ( #529 ) ) ;
#221 = COLOUR_RGB ( '',0.1960784313725490169, 0.1960784313725490169, 0.1960784313725490169 ) ;
#222 = SURFACE_SIDE_STYLE ('',( #1413 ) ) ;
#223 = VECTOR ( 'NONE', #2620, 1000.000000000000000 ) ;
#224 = SURFACE_SIDE_STYLE ('',( #2681 ) ) ;
#225 =( GEOMETRIC_REPRESENTATION_CONTEXT ( 3 ) GLOBAL_UNCERTAINTY_ASSIGNED_CONTEXT ( ( #2793 ) ) GLOBAL_UNIT_ASSIGNED_CONTEXT ( ( #3616, #2175, #2502 ) ) REPRESENTATION_CONTEXT ( 'NONE', 'WORKASPACE' ) );
#226 = AXIS2_PLACEMENT_3D ( 'NONE', #1643, #2840, #3445 ) ;
#227 = SURFACE_SIDE_STYLE ('',( #1235 ) ) ;
#228 = EDGE_CURVE ( 'NONE', #2751, #1313, #2431, .T. ) ;
#229 = SURFACE_STYLE_FILL_AREA ( #3135 ) ;
#230 = STYLED_ITEM ( 'NONE', ( #1850 ), #2092 ) ;
#231 = ORIENTED_EDGE ( 'NONE', *, *, #3124, .T. ) ;
#232 = CARTESIAN_POINT ( 'NONE',  ( -4.540000000000000036, 2.000000000000000000, 0.0000000000000000000 ) ) ;
#233 = VECTOR ( 'NONE', #3010, 1000.000000000000000 ) ;
#234 = ORIENTED_EDGE ( 'NONE', *, *, #2981, .T. ) ;
#235 =( NAMED_UNIT ( * ) SI_UNIT ( $, .STERADIAN. ) SOLID_ANGLE_UNIT ( ) );
#236 = SURFACE_STYLE_FILL_AREA ( #2325 ) ;
#237 = DIRECTION ( 'NONE',  ( -1.000000000000000000, 0.0000000000000000000, -0.0000000000000000000 ) ) ;
#238 = ADVANCED_FACE ( 'NONE', ( #2736 ), #359, .T. ) ;
#239 = CARTESIAN_POINT ( 'NONE',  ( -0.4000000000000001887, -4.070000000000000284, 0.0000000000000000000 ) ) ;
#240 = ORIENTED_EDGE ( 'NONE', *, *, #623, .F. ) ;
#241 = EDGE_CURVE ( 'NONE', #2238, #619, #3606, .T. ) ;
#242 = CYLINDRICAL_SURFACE ( 'NONE', #948, 0.4250000000000000444 ) ;
#243 = DIRECTION ( 'NONE',  ( 0.0000000000000000000, 0.0000000000000000000, -1.000000000000000000 ) ) ;
#244 = APPLICATION_PROTOCOL_DEFINITION ( 'draft international standard', 'automotive_design', 1998, #2639 ) ;
#245 = FILL_AREA_STYLE ('',( #3252 ) ) ;
#246 = ORIENTED_EDGE ( 'NONE', *, *, #1722, .T. ) ;
#247 = CARTESIAN_POINT ( 'NONE',  ( -4.540000000000000036, -2.000000000000000000, 0.0000000000000000000 ) ) ;
#248 = EDGE_CURVE ( 'NONE', #2213, #3245, #2810, .T. ) ;
#249 = LINE ( 'NONE', #2012, #3713 ) ;
#250 = ORIENTED_EDGE ( 'NONE', *, *, #3126, .T. ) ;
#251 = LINE ( 'NONE', #3860, #2035 ) ;
#252 = DIRECTION ( 'NONE',  ( -1.000000000000000000, -0.0000000000000000000, 0.0000000000000000000 ) ) ;
#253 = LINE ( 'NONE', #3182, #3095 ) ;
#254 = LINE ( 'NONE', #548, #1791 ) ;
#255 = ORIENTED_EDGE ( 'NONE', *, *, #3401, .T. ) ;
#256 = CARTESIAN_POINT ( 'NONE',  ( -4.280000000000000249, 2.569999999999999840, 6.700000000000000178 ) ) ;
#257 = LINE ( 'NONE', #2051, #2086 ) ;
#258 = CARTESIAN_POINT ( 'NONE',  ( -4.490000000000000213, 2.388061258337338643E-16, 6.700000000000000178 ) ) ;
#259 = LINE ( 'NONE', #1497, #851 ) ;
#260 = UNCERTAINTY_MEASURE_WITH_UNIT (LENGTH_MEASURE( 1.000000000000000082E-05 ), #3128, 'distance_accuracy_value', 'NONE');
#261 =( NAMED_UNIT ( * ) SI_UNIT ( $, .STERADIAN. ) SOLID_ANGLE_UNIT ( ) );
#262 = ORIENTED_EDGE ( 'NONE', *, *, #614, .T. ) ;
#263 = PLANE ( 'NONE',  #3364 ) ;
#264 = EDGE_CURVE ( 'NONE', #2073, #390, #2188, .T. ) ;
#265 = SURFACE_STYLE_FILL_AREA ( #1439 ) ;
#266 = AXIS2_PLACEMENT_3D ( 'NONE', #2332, #2313, #2348 ) ;
#267 = VERTEX_POINT ( 'NONE', #3697 ) ;
#268 = MECHANICAL_DESIGN_GEOMETRIC_PRESENTATION_REPRESENTATION (  '', ( #2641 ), #622 ) ;
#269 = EDGE_CURVE ( 'NONE', #1070, #930, #374, .T. ) ;
#270 = DIRECTION ( 'NONE',  ( 0.0000000000000000000, -0.0000000000000000000, -1.000000000000000000 ) ) ;
#271 = CARTESIAN_POINT ( 'NONE',  ( 5.080000000000000071, -2.319999999999831974, 9.999999999999911182 ) ) ;
#272 = FILL_AREA_STYLE ('',( #2996 ) ) ;
#273 = PRESENTATION_LAYER_ASSIGNMENT (  '', '', ( #3019 ) ) ;
#274 = ORIENTED_EDGE ( 'NONE', *, *, #3415, .T. ) ;
#275 = DIRECTION ( 'NONE',  ( 1.000000000000000000, 0.0000000000000000000, 0.0000000000000000000 ) ) ;
#276 = STYLED_ITEM ( 'NONE', ( #2524 ), #1470 ) ;
#277 = PLANE ( 'NONE',  #3214 ) ;
#278 = FILL_AREA_STYLE ('',( #2927 ) ) ;
#279 = AXIS2_PLACEMENT_3D ( 'NONE', #1187, #2676, #31 ) ;
#280 = MECHANICAL_DESIGN_GEOMETRIC_PRESENTATION_REPRESENTATION (  '', ( #1466 ), #3297 ) ;
#281 = VECTOR ( 'NONE', #920, 1000.000000000000000 ) ;
#282 = STYLED_ITEM ( 'NONE', ( #3217 ), #2468 ) ;
#283 = PRODUCT_CONTEXT ( 'NONE', #3044, 'mechanical' ) ;
#284 = AXIS2_PLACEMENT_3D ( 'NONE', #3047, #1830, #670 ) ;
#285 = EDGE_LOOP ( 'NONE', ( #3451, #2411, #2080, #1423, #342, #3592, #262, #1779 ) ) ;
#286 =( NAMED_UNIT ( * ) PLANE_ANGLE_UNIT ( ) SI_UNIT ( $, .RADIAN. ) );
#287 = AXIS2_PLACEMENT_3D ( 'NONE', #800, #2560, #1954 ) ;
#288 = CIRCLE ( 'NONE', #781, 1.750000000000000222 ) ;
#289 = ADVANCED_FACE ( 'NONE', ( #3448, #2237 ), #989, .T. ) ;
#290 = SURFACE_SIDE_STYLE ('',( #265 ) ) ;
#291 = EDGE_LOOP ( 'NONE', ( #554, #1396, #112, #3580 ) ) ;
#292 = LINE ( 'NONE', #1441, #2224 ) ;
#293 = FILL_AREA_STYLE ('',( #1557 ) ) ;
#294 = FILL_AREA_STYLE_COLOUR ( '', #2042 ) ;
#295 = VERTEX_POINT ( 'NONE', #451 ) ;
#296 = DIRECTION ( 'NONE',  ( -0.0000000000000000000, 0.0000000000000000000, 1.000000000000000000 ) ) ;
#297 =( NAMED_UNIT ( * ) PLANE_ANGLE_UNIT ( ) SI_UNIT ( $, .RADIAN. ) );
#298 = CARTESIAN_POINT ( 'NONE',  ( -0.5400000000000000355, -2.000000000000000000, 4.000000000000000000 ) ) ;
#299 = CARTESIAN_POINT ( 'NONE',  ( -5.080000000000000071, -4.070000000000000284, 6.720000000000000639 ) ) ;
#300 = UNCERTAINTY_MEASURE_WITH_UNIT (LENGTH_MEASURE( 1.000000000000000082E-05 ), #1794, 'distance_accuracy_value', 'NONE');
#301 = PRESENTATION_STYLE_ASSIGNMENT (( #2688 ) ) ;
#302 = ORIENTED_EDGE ( 'NONE', *, *, #2293, .T. ) ;
#303 = SURFACE_SIDE_STYLE ('',( #1799 ) ) ;
#304 =( LENGTH_UNIT ( ) NAMED_UNIT ( * ) SI_UNIT ( .MILLI., .METRE. ) );
#305 = VERTEX_POINT ( 'NONE', #395 ) ;
#306 = FILL_AREA_STYLE ('',( #2693 ) ) ;
#307 = SURFACE_SIDE_STYLE ('',( #561 ) ) ;
#308 = ORIENTED_EDGE ( 'NONE', *, *, #351, .F. ) ;
#309 = CARTESIAN_POINT ( 'NONE',  ( 0.5900000000000003020, 2.388061258337338643E-16, 6.700000000000000178 ) ) ;
#310 = DIRECTION ( 'NONE',  ( -0.0000000000000000000, -0.0000000000000000000, -1.000000000000000000 ) ) ;
#311 = DIRECTION ( 'NONE',  ( -0.0000000000000000000, -0.0000000000000000000, -1.000000000000000000 ) ) ;
#312 = DIRECTION ( 'NONE',  ( -1.000000000000000000, 0.0000000000000000000, 0.0000000000000000000 ) ) ;
#313 = CARTESIAN_POINT ( 'NONE',  ( -2.540000000000000036, 0.0000000000000000000, -4.000000000000000000 ) ) ;
#314 = CARTESIAN_POINT ( 'NONE',  ( -4.290000000000000036, 0.0000000000000000000, 0.5999999999999999778 ) ) ;
#315 = EDGE_CURVE ( 'NONE', #1491, #3552, #3744, .T. ) ;
#316 = APPLICATION_PROTOCOL_DEFINITION ( 'draft international standard', 'automotive_design', 1998, #1889 ) ;
#317 = DIRECTION ( 'NONE',  ( 0.0000000000000000000, -2.990902544787598592E-16, -1.000000000000000000 ) ) ;
#318 = VERTEX_POINT ( 'NONE', #2518 ) ;
#319 = DIRECTION ( 'NONE',  ( 0.0000000000000000000, -1.000000000000000000, 0.0000000000000000000 ) ) ;
#320 = EDGE_LOOP ( 'NONE', ( #2452, #1504 ) ) ;
#321 = ADVANCED_FACE ( 'NONE', ( #1337 ), #1868, .T. ) ;
#322 = FILL_AREA_STYLE_COLOUR ( '', #2227 ) ;
#323 = DIRECTION ( 'NONE',  ( -0.0000000000000000000, -0.0000000000000000000, 1.000000000000000000 ) ) ;
#324 = COLOUR_RGB ( '',0.7921568627450980005, 0.8196078431372548767, 0.9333333333333333481 ) ;
#325 = LINE ( 'NONE', #628, #1479 ) ;
#326 = MECHANICAL_DESIGN_GEOMETRIC_PRESENTATION_REPRESENTATION (  '', ( #1079 ), #9 ) ;
#327 = CARTESIAN_POINT ( 'NONE',  ( -2.540000000000000036, 0.0000000000000000000, -4.000000000000000000 ) ) ;
#328 = FACE_BOUND ( 'NONE', #3404, .T. ) ;
#329 = PRESENTATION_LAYER_ASSIGNMENT (  '', '', ( #2899 ) ) ;
#330 = FILL_AREA_STYLE ('',( #616 ) ) ;
#331 = CARTESIAN_POINT ( 'NONE',  ( 5.080000000000000071, 2.569999999999999840, 0.0000000000000000000 ) ) ;
#332 = SURFACE_STYLE_USAGE ( .BOTH. , #3014 ) ;
#333 = MECHANICAL_DESIGN_GEOMETRIC_PRESENTATION_REPRESENTATION (  '', ( #276 ), #2968 ) ;
#334 = FACE_OUTER_BOUND ( 'NONE', #701, .T. ) ;
#335 = ORIENTED_EDGE ( 'NONE', *, *, #764, .F. ) ;
#336 =( GEOMETRIC_REPRESENTATION_CONTEXT ( 3 ) GLOBAL_UNCERTAINTY_ASSIGNED_CONTEXT ( ( #1756 ) ) GLOBAL_UNIT_ASSIGNED_CONTEXT ( ( #1616, #2254, #686 ) ) REPRESENTATION_CONTEXT ( 'NONE', 'WORKASPACE' ) );
#337 = COLOUR_RGB ( '',0.1960784313725490169, 0.1960784313725490169, 0.1960784313725490169 ) ;
#338 = ORIENTED_EDGE ( 'NONE', *, *, #3443, .F. ) ;
#339 = PRESENTATION_LAYER_ASSIGNMENT (  '', '', ( #1652 ) ) ;
#340 = COLOUR_RGB ( '',0.4000000000000000222, 0.4000000000000000222, 0.4000000000000000222 ) ;
#341 = CARTESIAN_POINT ( 'NONE',  ( 0.0000000000000000000, 0.0000000000000000000, 0.0000000000000000000 ) ) ;
#342 = ORIENTED_EDGE ( 'NONE', *, *, #2990, .F. ) ;
#343 = VECTOR ( 'NONE', #754, 1000.000000000000000 ) ;
#344 = MECHANICAL_DESIGN_GEOMETRIC_PRESENTATION_REPRESENTATION (  '', ( #3430 ), #3037 ) ;
#345 = ORIENTED_EDGE ( 'NONE', *, *, #394, .T. ) ;
#346 = PRESENTATION_STYLE_ASSIGNMENT (( #3682 ) ) ;
#347 = MECHANICAL_DESIGN_GEOMETRIC_PRESENTATION_REPRESENTATION (  '', ( #1738 ), #921 ) ;
#348 = SURFACE_STYLE_FILL_AREA ( #2757 ) ;
#349 = MECHANICAL_DESIGN_GEOMETRIC_PRESENTATION_REPRESENTATION (  '', ( #1968 ), #1159 ) ;
#350 = FILL_AREA_STYLE_COLOUR ( '', #4 ) ;
#351 = EDGE_CURVE ( 'NONE', #2441, #1929, #1336, .T. ) ;
#352 = DIRECTION ( 'NONE',  ( 0.0000000000000000000, 0.0000000000000000000, 1.000000000000000000 ) ) ;
#353 = FACE_OUTER_BOUND ( 'NONE', #1133, .T. ) ;
#354 = ADVANCED_FACE ( 'NONE', ( #3803 ), #1990, .T. ) ;
#355 = VERTEX_POINT ( 'NONE', #247 ) ;
#356 = ORIENTED_EDGE ( 'NONE', *, *, #2487, .T. ) ;
#357 = PLANE ( 'NONE',  #2109 ) ;
#358 = ORIENTED_EDGE ( 'NONE', *, *, #764, .T. ) ;
#359 = CYLINDRICAL_SURFACE ( 'NONE', #3089, 1.449999999999999956 ) ;
#360 = ADVANCED_FACE ( 'NONE', ( #1693 ), #1421, .T. ) ;
#361 = ORIENTED_EDGE ( 'NONE', *, *, #1244, .F. ) ;
#362 = DIRECTION ( 'NONE',  ( 0.0000000000000000000, -0.0000000000000000000, 1.000000000000000000 ) ) ;
#363 = DIRECTION ( 'NONE',  ( 0.0000000000000000000, 0.0000000000000000000, -1.000000000000000000 ) ) ;
#364 = DIRECTION ( 'NONE',  ( -0.0000000000000000000, -1.000000000000000000, -0.0000000000000000000 ) ) ;
#365 = SURFACE_STYLE_FILL_AREA ( #1265 ) ;
#366 = SURFACE_STYLE_USAGE ( .BOTH. , #408 ) ;
#367 = ADVANCED_FACE ( 'NONE', ( #3817 ), #1124, .T. ) ;
#368 = DIRECTION ( 'NONE',  ( 0.0000000000000000000, 0.0000000000000000000, -1.000000000000000000 ) ) ;
#369 = ORIENTED_EDGE ( 'NONE', *, *, #2684, .F. ) ;
#370 = ORIENTED_EDGE ( 'NONE', *, *, #2990, .T. ) ;
#371 = FILL_AREA_STYLE ('',( #81 ) ) ;
#372 = ORIENTED_EDGE ( 'NONE', *, *, #3679, .F. ) ;
#373 = PRESENTATION_STYLE_ASSIGNMENT (( #3638 ) ) ;
#374 = LINE ( 'NONE', #3144, #1719 ) ;
#375 = EDGE_CURVE ( 'NONE', #318, #1956, #2843, .T. ) ;
#376 = ADVANCED_FACE ( 'NONE', ( #2025 ), #1390, .T. ) ;
#377 = VERTEX_POINT ( 'NONE', #825 ) ;
#378 = CARTESIAN_POINT ( 'NONE',  ( -5.080000000000000071, -4.070000000000000284, 0.0000000000000000000 ) ) ;
#379 = VERTEX_POINT ( 'NONE', #3491 ) ;
#380 = CARTESIAN_POINT ( 'NONE',  ( -3.990000000000000657, 1.775737858763661423E-16, -4.000000000000000000 ) ) ;
#381 = FACE_OUTER_BOUND ( 'NONE', #2438, .T. ) ;
#382 = VECTOR ( 'NONE', #1857, 1000.000000000000000 ) ;
#383 = UNCERTAINTY_MEASURE_WITH_UNIT (LENGTH_MEASURE( 1.000000000000000082E-05 ), #1687, 'distance_accuracy_value', 'NONE');
#384 = CARTESIAN_POINT ( 'NONE',  ( 5.080000000000000071, 4.070000000000000284, 0.0000000000000000000 ) ) ;
#385 = STYLED_ITEM ( 'NONE', ( #3793 ), #3460 ) ;
#386 = SURFACE_SIDE_STYLE ('',( #3366 ) ) ;
#387 = SURFACE_STYLE_FILL_AREA ( #2466 ) ;
#388 = COLOUR_RGB ( '',0.1960784313725490169, 0.1960784313725490169, 0.1960784313725490169 ) ;
#389 = FACE_OUTER_BOUND ( 'NONE', #3699, .T. ) ;
#390 = VERTEX_POINT ( 'NONE', #1940 ) ;
#391 =( GEOMETRIC_REPRESENTATION_CONTEXT ( 3 ) GLOBAL_UNCERTAINTY_ASSIGNED_CONTEXT ( ( #1795 ) ) GLOBAL_UNIT_ASSIGNED_CONTEXT ( ( #1432, #2053, #3266 ) ) REPRESENTATION_CONTEXT ( 'NONE', 'WORKASPACE' ) );
#392 = STYLED_ITEM ( 'NONE', ( #633 ), #1364 ) ;
#393 = ORIENTED_EDGE ( 'NONE', *, *, #3862, .F. ) ;
#394 = EDGE_CURVE ( 'NONE', #929, #3359, #785, .T. ) ;
#395 = CARTESIAN_POINT ( 'NONE',  ( -4.254642819948112553, 0.3499999999999999778, 0.5999999999999999778 ) ) ;
#396 = VECTOR ( 'NONE', #625, 1000.000000000000000 ) ;
#397 = PRESENTATION_LAYER_ASSIGNMENT (  '', '', ( #912 ) ) ;
#398 = EDGE_LOOP ( 'NONE', ( #2554, #2149, #1272, #2282 ) ) ;
#399 = CARTESIAN_POINT ( 'NONE',  ( -3.240000000000000213, 0.7299999999999999822, 1.149999999999999911 ) ) ;
#400 = ORIENTED_EDGE ( 'NONE', *, *, #1181, .T. ) ;
#401 = PLANE ( 'NONE',  #2842 ) ;
#402 =( LENGTH_UNIT ( ) NAMED_UNIT ( * ) SI_UNIT ( .MILLI., .METRE. ) );
#403 = DIRECTION ( 'NONE',  ( 1.000000000000000000, 0.0000000000000000000, -0.0000000000000000000 ) ) ;
#404 =( GEOMETRIC_REPRESENTATION_CONTEXT ( 3 ) GLOBAL_UNCERTAINTY_ASSIGNED_CONTEXT ( ( #1688 ) ) GLOBAL_UNIT_ASSIGNED_CONTEXT ( ( #1724, #729, #2324 ) ) REPRESENTATION_CONTEXT ( 'NONE', 'WORKASPACE' ) );
#405 =( GEOMETRIC_REPRESENTATION_CONTEXT ( 3 ) GLOBAL_UNCERTAINTY_ASSIGNED_CONTEXT ( ( #2232 ) ) GLOBAL_UNIT_ASSIGNED_CONTEXT ( ( #146, #128, #417 ) ) REPRESENTATION_CONTEXT ( 'NONE', 'WORKASPACE' ) );
#406 = EDGE_CURVE ( 'NONE', #1524, #1294, #2844, .T. ) ;
#407 = SURFACE_SIDE_STYLE ('',( #3093 ) ) ;
#408 = SURFACE_SIDE_STYLE ('',( #3367 ) ) ;
#409 = FILL_AREA_STYLE ('',( #2197 ) ) ;
#410 = VECTOR ( 'NONE', #3454, 1000.000000000000000 ) ;
#411 = DIRECTION ( 'NONE',  ( 0.0000000000000000000, 0.0000000000000000000, 1.000000000000000000 ) ) ;
#412 = DIRECTION ( 'NONE',  ( 0.0000000000000000000, 0.0000000000000000000, 1.000000000000000000 ) ) ;
#413 = EDGE_LOOP ( 'NONE', ( #3761, #3635 ) ) ;
#414 = SURFACE_STYLE_USAGE ( .BOTH. , #3166 ) ;
#415 = FILL_AREA_STYLE_COLOUR ( '', #1520 ) ;
#416 = ORIENTED_EDGE ( 'NONE', *, *, #2185, .T. ) ;
#417 =( NAMED_UNIT ( * ) SI_UNIT ( $, .STERADIAN. ) SOLID_ANGLE_UNIT ( ) );
#418 = SURFACE_STYLE_FILL_AREA ( #2851 ) ;
#419 = EDGE_LOOP ( 'NONE', ( #3231, #820, #3815, #1056 ) ) ;
#420 = LINE ( 'NONE', #1606, #3308 ) ;
#421 = SURFACE_STYLE_FILL_AREA ( #1680 ) ;
#422 = UNCERTAINTY_MEASURE_WITH_UNIT (LENGTH_MEASURE( 1.000000000000000082E-05 ), #2486, 'distance_accuracy_value', 'NONE');
#423 = CYLINDRICAL_SURFACE ( 'NONE', #846, 1.449999999999999956 ) ;
#424 = SURFACE_STYLE_FILL_AREA ( #503 ) ;
#425 = ADVANCED_FACE ( 'NONE', ( #2316 ), #3190, .T. ) ;
#426 = CYLINDRICAL_SURFACE ( 'NONE', #1030, 1.449999999999999956 ) ;
#427 = CARTESIAN_POINT ( 'NONE',  ( 5.080000000000000071, -2.319999999999328821, 9.999999999999642952 ) ) ;
#428 = EDGE_CURVE ( 'NONE', #1798, #454, #3827, .T. ) ;
#429 =( LENGTH_UNIT ( ) NAMED_UNIT ( * ) SI_UNIT ( .MILLI., .METRE. ) );
#430 = DIRECTION ( 'NONE',  ( 0.0000000000000000000, 1.000000000000000000, 0.0000000000000000000 ) ) ;
#431 = DIRECTION ( 'NONE',  ( 1.000000000000000000, 0.0000000000000000000, 0.0000000000000000000 ) ) ;
#432 = CARTESIAN_POINT ( 'NONE',  ( 4.700000000000000178, -4.070000000000000284, 6.700000000000000178 ) ) ;
#433 = PRODUCT_DEFINITION_SHAPE ( 'NONE', 'NONE',  #487 ) ;
#434 = EDGE_CURVE ( 'NONE', #3575, #1023, #705, .T. ) ;
#435 = ORIENTED_EDGE ( 'NONE', *, *, #2200, .T. ) ;
#436 = LINE ( 'NONE', #149, #3100 ) ;
#437 = CARTESIAN_POINT ( 'NONE',  ( -2.540000000000000036, 0.0000000000000000000, 0.0000000000000000000 ) ) ;
#438 = PRESENTATION_STYLE_ASSIGNMENT (( #1054 ) ) ;
#439 =( NAMED_UNIT ( * ) SI_UNIT ( $, .STERADIAN. ) SOLID_ANGLE_UNIT ( ) );
#440 = ORIENTED_EDGE ( 'NONE', *, *, #2200, .F. ) ;
#441 = DIRECTION ( 'NONE',  ( -0.0000000000000000000, -0.0000000000000000000, 1.000000000000000000 ) ) ;
#442 = DIRECTION ( 'NONE',  ( 1.000000000000000000, 0.0000000000000000000, 0.0000000000000000000 ) ) ;
#443 = VECTOR ( 'NONE', #453, 1000.000000000000000 ) ;
#444 = CIRCLE ( 'NONE', #3278, 1.750000000000000222 ) ;
#445 = FACE_OUTER_BOUND ( 'NONE', #1383, .T. ) ;
#446 = FILL_AREA_STYLE_COLOUR ( '', #3105 ) ;
#447 = FILL_AREA_STYLE ('',( #471 ) ) ;
#448 = ORIENTED_EDGE ( 'NONE', *, *, #2582, .F. ) ;
#449 = PRESENTATION_LAYER_ASSIGNMENT (  '', '', ( #1083 ) ) ;
#450 = LINE ( 'NONE', #2268, #2789 ) ;
#451 = CARTESIAN_POINT ( 'NONE',  ( -4.540000000000000036, 2.000000000000000000, 4.000000000000000000 ) ) ;
#452 = AXIS2_PLACEMENT_3D ( 'NONE', #3422, #2219, #483 ) ;
#453 = DIRECTION ( 'NONE',  ( -0.0000000000000000000, 1.000000000000000000, 0.0000000000000000000 ) ) ;
#454 = VERTEX_POINT ( 'NONE', #2377 ) ;
#455 = CARTESIAN_POINT ( 'NONE',  ( -1.090000000000000302, 0.0000000000000000000, 0.0000000000000000000 ) ) ;
#456 = STYLED_ITEM ( 'NONE', ( #1028 ), #321 ) ;
#457 =( GEOMETRIC_REPRESENTATION_CONTEXT ( 3 ) GLOBAL_UNCERTAINTY_ASSIGNED_CONTEXT ( ( #2649 ) ) GLOBAL_UNIT_ASSIGNED_CONTEXT ( ( #1500, #871, #2651 ) ) REPRESENTATION_CONTEXT ( 'NONE', 'WORKASPACE' ) );
#458 =( LENGTH_UNIT ( ) NAMED_UNIT ( * ) SI_UNIT ( .MILLI., .METRE. ) );
#459 = SURFACE_SIDE_STYLE ('',( #3764 ) ) ;
#460 = VECTOR ( 'NONE', #1128, 1000.000000000000000 ) ;
#461 = AXIS2_PLACEMENT_3D ( 'NONE', #2946, #3621, #1196 ) ;
#462 = CARTESIAN_POINT ( 'NONE',  ( -0.5399999999999999245, -2.000000000000000000, 4.000000000000000000 ) ) ;
#463 = FILL_AREA_STYLE_COLOUR ( '', #2410 ) ;
#464 = ORIENTED_EDGE ( 'NONE', *, *, #595, .F. ) ;
#465 = STYLED_ITEM ( 'NONE', ( #346 ), #2737 ) ;
#466 = MECHANICAL_DESIGN_GEOMETRIC_PRESENTATION_REPRESENTATION (  '', ( #533 ), #1846 ) ;
#467 =( LENGTH_UNIT ( ) NAMED_UNIT ( * ) SI_UNIT ( .MILLI., .METRE. ) );
#468 = LINE ( 'NONE', #1669, #137 ) ;
#469 = MECHANICAL_DESIGN_GEOMETRIC_PRESENTATION_REPRESENTATION (  '', ( #3619 ), #2921 ) ;
#470 = SURFACE_STYLE_USAGE ( .BOTH. , #179 ) ;
#471 = FILL_AREA_STYLE_COLOUR ( '', #3029 ) ;
#472 =( LENGTH_UNIT ( ) NAMED_UNIT ( * ) SI_UNIT ( .MILLI., .METRE. ) );
#473 = SURFACE_STYLE_FILL_AREA ( #145 ) ;
#474 = DIRECTION ( 'NONE',  ( -0.0000000000000000000, 0.0000000000000000000, 1.000000000000000000 ) ) ;
#475 = DIRECTION ( 'NONE',  ( 1.000000000000000000, 0.0000000000000000000, -0.0000000000000000000 ) ) ;
#476 = ORIENTED_EDGE ( 'NONE', *, *, #2121, .T. ) ;
#477 = CARTESIAN_POINT ( 'NONE',  ( -0.5399999999999997025, 2.000000000000000000, 0.0000000000000000000 ) ) ;
#478 = ADVANCED_FACE ( 'NONE', ( #2353 ), #885, .T. ) ;
#479 = FILL_AREA_STYLE ('',( #2618 ) ) ;
#480 = LINE ( 'NONE', #1679, #2923 ) ;
#481 = DIRECTION ( 'NONE',  ( 1.000000000000000000, 0.0000000000000000000, 0.0000000000000000000 ) ) ;
#482 = EDGE_CURVE ( 'NONE', #379, #3504, #2914, .T. ) ;
#483 = DIRECTION ( 'NONE',  ( 0.0000000000000000000, -0.0000000000000000000, -1.000000000000000000 ) ) ;
#484 = FACE_OUTER_BOUND ( 'NONE', #2125, .T. ) ;
#485 = ORIENTED_EDGE ( 'NONE', *, *, #105, .T. ) ;
#486 = CARTESIAN_POINT ( 'NONE',  ( 5.080000000000000071, -4.070000000000000284, 0.0000000000000000000 ) ) ;
#487 = PRODUCT_DEFINITION ( 'UNKNOWN', '', #1711, #2477 ) ;
#488 = SURFACE_SIDE_STYLE ('',( #229 ) ) ;
#489 = EDGE_CURVE ( 'NONE', #1973, #2690, #2068, .T. ) ;
#490 = UNCERTAINTY_MEASURE_WITH_UNIT (LENGTH_MEASURE( 1.000000000000000082E-05 ), #2090, 'distance_accuracy_value', 'NONE');
#491 = SHAPE_DEFINITION_REPRESENTATION ( #2536, #1468 ) ;
#492 = CARTESIAN_POINT ( 'NONE',  ( -0.7900000000000000355, -0.3499999999999999778, 1.399999999999999911 ) ) ;
#493 = VERTEX_POINT ( 'NONE', #552 ) ;
#494 = CARTESIAN_POINT ( 'NONE',  ( -4.290000000000000036, 0.0000000000000000000, 0.0000000000000000000 ) ) ;
#495 =( NAMED_UNIT ( * ) PLANE_ANGLE_UNIT ( ) SI_UNIT ( $, .RADIAN. ) );
#496 =( LENGTH_UNIT ( ) NAMED_UNIT ( * ) SI_UNIT ( .MILLI., .METRE. ) );
#497 = ORIENTED_EDGE ( 'NONE', *, *, #2707, .F. ) ;
#498 = SURFACE_STYLE_USAGE ( .BOTH. , #186 ) ;
#499 = EDGE_CURVE ( 'NONE', #2652, #377, #2986, .T. ) ;
#500 =( NAMED_UNIT ( * ) SI_UNIT ( $, .STERADIAN. ) SOLID_ANGLE_UNIT ( ) );
#501 = EDGE_CURVE ( 'NONE', #2171, #3677, #259, .T. ) ;
#502 = VERTEX_POINT ( 'NONE', #314 ) ;
#503 = FILL_AREA_STYLE ('',( #2545 ) ) ;
#504 = CARTESIAN_POINT ( 'NONE',  ( -0.7900000000000001465, 2.143131898507868297E-16, 0.5999999999999999778 ) ) ;
#505 =( LENGTH_UNIT ( ) NAMED_UNIT ( * ) SI_UNIT ( .MILLI., .METRE. ) );
#506 = FILL_AREA_STYLE_COLOUR ( '', #783 ) ;
#507 = CIRCLE ( 'NONE', #2698, 1.750000000000000222 ) ;
#508 = PRODUCT_DEFINITION_CONTEXT ( 'detailed design', #1171, 'design' ) ;
#509 = MECHANICAL_DESIGN_GEOMETRIC_PRESENTATION_REPRESENTATION (  '', ( #1570 ), #2699 ) ;
#510 =( LENGTH_UNIT ( ) NAMED_UNIT ( * ) SI_UNIT ( .MILLI., .METRE. ) );
#511 = ORIENTED_EDGE ( 'NONE', *, *, #2448, .T. ) ;
#512 = SURFACE_STYLE_USAGE ( .BOTH. , #2654 ) ;
#513 = VECTOR ( 'NONE', #2663, 1000.000000000000000 ) ;
#514 = ADVANCED_FACE ( 'NONE', ( #854, #3584 ), #3268, .T. ) ;
#515 = DIRECTION ( 'NONE',  ( 0.0000000000000000000, -0.0000000000000000000, -1.000000000000000000 ) ) ;
#516 =( GEOMETRIC_REPRESENTATION_CONTEXT ( 3 ) GLOBAL_UNCERTAINTY_ASSIGNED_CONTEXT ( ( #3292 ) ) GLOBAL_UNIT_ASSIGNED_CONTEXT ( ( #1621, #1368, #3790 ) ) REPRESENTATION_CONTEXT ( 'NONE', 'WORKASPACE' ) );
#517 = ORIENTED_EDGE ( 'NONE', *, *, #1761, .F. ) ;
#518 = EDGE_CURVE ( 'NONE', #2798, #3237, #1177, .T. ) ;
#519 = FILL_AREA_STYLE ('',( #1631 ) ) ;
#520 =( NAMED_UNIT ( * ) PLANE_ANGLE_UNIT ( ) SI_UNIT ( $, .RADIAN. ) );
#521 = MECHANICAL_DESIGN_GEOMETRIC_PRESENTATION_REPRESENTATION (  '', ( #3845 ), #1523 ) ;
#522 = DIRECTION ( 'NONE',  ( 1.000000000000000000, 0.0000000000000000000, 0.0000000000000000000 ) ) ;
#523 = CARTESIAN_POINT ( 'NONE',  ( 3.240000000000000657, 0.7299999999999998712, -8.131516293641283255E-16 ) ) ;
#524 = LINE ( 'NONE', #2258, #2363 ) ;
#525 = PRESENTATION_LAYER_ASSIGNMENT (  '', '', ( #2222 ) ) ;
#526 = ORIENTED_EDGE ( 'NONE', *, *, #793, .T. ) ;
#527 = CARTESIAN_POINT ( 'NONE',  ( -2.540000000000000036, 0.0000000000000000000, -4.000000000000000000 ) ) ;
#528 = MECHANICAL_DESIGN_GEOMETRIC_PRESENTATION_REPRESENTATION (  '', ( #1654 ), #1474 ) ;
#529 = STYLED_ITEM ( 'NONE', ( #1078 ), #376 ) ;
#530 = AXIS2_PLACEMENT_3D ( 'NONE', #3345, #1847, #661 ) ;
#531 = PRESENTATION_LAYER_ASSIGNMENT (  '', '', ( #2228 ) ) ;
#532 = MECHANICAL_DESIGN_GEOMETRIC_PRESENTATION_REPRESENTATION (  '', ( #465 ), #1540 ) ;
#533 = STYLED_ITEM ( 'NONE', ( #3254 ), #2069 ) ;
#534 = CARTESIAN_POINT ( 'NONE',  ( -1.840000000000000080, 4.070000000000000284, 0.0000000000000000000 ) ) ;
#535 = EDGE_CURVE ( 'NONE', #2949, #972, #1845, .T. ) ;
#536 = DIRECTION ( 'NONE',  ( -1.000000000000000000, -0.0000000000000000000, 0.0000000000000000000 ) ) ;
#537 = AXIS2_PLACEMENT_3D ( 'NONE', #3134, #1644, #2862 ) ;
#538 = UNCERTAINTY_MEASURE_WITH_UNIT (LENGTH_MEASURE( 1.000000000000000082E-05 ), #730, 'distance_accuracy_value', 'NONE');
#539 = CARTESIAN_POINT ( 'NONE',  ( 5.080000000000000071, 0.0000000000000000000, 1.199999999999999956 ) ) ;
#540 =( LENGTH_UNIT ( ) NAMED_UNIT ( * ) SI_UNIT ( .MILLI., .METRE. ) );
#541 = VERTEX_POINT ( 'NONE', #1134 ) ;
#542 = DIRECTION ( 'NONE',  ( 0.0000000000000000000, -1.000000000000000000, -0.0000000000000000000 ) ) ;
#543 = FILL_AREA_STYLE ('',( #2011 ) ) ;
#544 = VERTEX_POINT ( 'NONE', #1192 ) ;
#545 = SURFACE_STYLE_FILL_AREA ( #1443 ) ;
#546 = CARTESIAN_POINT ( 'NONE',  ( -5.080000000000000071, 4.070000000000000284, 6.700000000000000178 ) ) ;
#547 = CARTESIAN_POINT ( 'NONE',  ( 2.540000000000000036, 0.0000000000000000000, 6.700000000000000178 ) ) ;
#548 = CARTESIAN_POINT ( 'NONE',  ( -4.700000000000000178, -4.070000000000000284, 1.149999999999999911 ) ) ;
#549 = ORIENTED_EDGE ( 'NONE', *, *, #1386, .F. ) ;
#550 =( NAMED_UNIT ( * ) PLANE_ANGLE_UNIT ( ) SI_UNIT ( $, .RADIAN. ) );
#551 = PLANE ( 'NONE',  #2281 ) ;
#552 = CARTESIAN_POINT ( 'NONE',  ( -0.5399999999999999245, 2.000000000000000000, 0.0000000000000000000 ) ) ;
#553 = EDGE_CURVE ( 'NONE', #943, #1747, #880, .T. ) ;
#554 = ORIENTED_EDGE ( 'NONE', *, *, #1057, .F. ) ;
#555 = PRESENTATION_STYLE_ASSIGNMENT (( #2030 ) ) ;
#556 =( NAMED_UNIT ( * ) PLANE_ANGLE_UNIT ( ) SI_UNIT ( $, .RADIAN. ) );
#557 = ORIENTED_EDGE ( 'NONE', *, *, #1125, .F. ) ;
#558 = CARTESIAN_POINT ( 'NONE',  ( -4.540000000000000036, 2.000000000000000000, 4.000000000000000000 ) ) ;
#559 = PRESENTATION_STYLE_ASSIGNMENT (( #1995 ) ) ;
#560 = CARTESIAN_POINT ( 'NONE',  ( -2.540000000000000036, 0.0000000000000000000, 0.0000000000000000000 ) ) ;
#561 = SURFACE_STYLE_FILL_AREA ( #272 ) ;
#562 = VERTEX_POINT ( 'NONE', #821 ) ;
#563 = CARTESIAN_POINT ( 'NONE',  ( -2.540000000000000036, 0.0000000000000000000, 0.5999999999999999778 ) ) ;
#564 = CARTESIAN_POINT ( 'NONE',  ( -5.080000000000000071, 4.070000000000000284, 0.0000000000000000000 ) ) ;
#565 = DIRECTION ( 'NONE',  ( -0.0000000000000000000, -0.0000000000000000000, 1.000000000000000000 ) ) ;
#566 = SHAPE_DEFINITION_REPRESENTATION ( #1623, #1174 ) ;
#567 =( NAMED_UNIT ( * ) PLANE_ANGLE_UNIT ( ) SI_UNIT ( $, .RADIAN. ) );
#568 = ORIENTED_EDGE ( 'NONE', *, *, #3272, .T. ) ;
#569 = DIRECTION ( 'NONE',  ( -0.0000000000000000000, -1.000000000000000000, -0.0000000000000000000 ) ) ;
#570 =( NAMED_UNIT ( * ) PLANE_ANGLE_UNIT ( ) SI_UNIT ( $, .RADIAN. ) );
#571 = VERTEX_POINT ( 'NONE', #2374 ) ;
#572 =( NAMED_UNIT ( * ) PLANE_ANGLE_UNIT ( ) SI_UNIT ( $, .RADIAN. ) );
#573 =( NAMED_UNIT ( * ) SI_UNIT ( $, .STERADIAN. ) SOLID_ANGLE_UNIT ( ) );
#574 = PRESENTATION_LAYER_ASSIGNMENT (  '', '', ( #1079 ) ) ;
#575 =( NAMED_UNIT ( * ) SI_UNIT ( $, .STERADIAN. ) SOLID_ANGLE_UNIT ( ) );
#576 = MECHANICAL_DESIGN_GEOMETRIC_PRESENTATION_REPRESENTATION (  '', ( #2215 ), #1897 ) ;
#577 = FILL_AREA_STYLE_COLOUR ( '', #1201 ) ;
#578 = COLOUR_RGB ( '',0.4000000000000000222, 0.4000000000000000222, 0.4000000000000000222 ) ;
#579 = DIRECTION ( 'NONE',  ( 1.000000000000000000, -0.0000000000000000000, 0.0000000000000000000 ) ) ;
#580 = VECTOR ( 'NONE', #897, 1000.000000000000000 ) ;
#581 =( GEOMETRIC_REPRESENTATION_CONTEXT ( 3 ) GLOBAL_UNCERTAINTY_ASSIGNED_CONTEXT ( ( #605 ) ) GLOBAL_UNIT_ASSIGNED_CONTEXT ( ( #3872, #3004, #2088 ) ) REPRESENTATION_CONTEXT ( 'NONE', 'WORKASPACE' ) );
#582 = DIRECTION ( 'NONE',  ( -0.0000000000000000000, 1.000000000000000000, 0.0000000000000000000 ) ) ;
#583 = DIRECTION ( 'NONE',  ( -1.000000000000000000, -0.0000000000000000000, 0.0000000000000000000 ) ) ;
#584 = CIRCLE ( 'NONE', #2784, 1.750000000000000222 ) ;
#585 = MECHANICAL_DESIGN_GEOMETRIC_PRESENTATION_REPRESENTATION (  '', ( #89 ), #2978 ) ;
#586 = CIRCLE ( 'NONE', #2529, 1.750000000000000222 ) ;
#587 = ORIENTED_EDGE ( 'NONE', *, *, #2752, .F. ) ;
#588 = DIRECTION ( 'NONE',  ( 0.0000000000000000000, -3.200642953874000098E-16, -1.000000000000000000 ) ) ;
#589 = COLOUR_RGB ( '',0.1960784313725490169, 0.1960784313725490169, 0.1960784313725490169 ) ;
#590 = EDGE_LOOP ( 'NONE', ( #1298, #246 ) ) ;
#591 = VECTOR ( 'NONE', #1351, 1000.000000000000000 ) ;
#592 = SURFACE_STYLE_USAGE ( .BOTH. , #3578 ) ;
#593 = CLOSED_SHELL ( 'NONE', ( #1579, #3460, #2186, #2686, #2084, #1232, #118, #980, #2321, #2586, #1957 ) ) ;
#594 = CARTESIAN_POINT ( 'NONE',  ( -4.280000000000000249, 3.370000000000000107, 6.700000000000000178 ) ) ;
#595 = EDGE_CURVE ( 'NONE', #1536, #1542, #2696, .T. ) ;
#596 =( NAMED_UNIT ( * ) PLANE_ANGLE_UNIT ( ) SI_UNIT ( $, .RADIAN. ) );
#597 = VERTEX_POINT ( 'NONE', #1492 ) ;
#598 = PLANE ( 'NONE',  #2167 ) ;
#599 = LINE ( 'NONE', #2998, #3595 ) ;
#600 = EDGE_CURVE ( 'NONE', #1973, #2751, #3581, .T. ) ;
#601 =( LENGTH_UNIT ( ) NAMED_UNIT ( * ) SI_UNIT ( .MILLI., .METRE. ) );
#602 = DIRECTION ( 'NONE',  ( 0.0000000000000000000, 0.0000000000000000000, 1.000000000000000000 ) ) ;
#603 =( NAMED_UNIT ( * ) PLANE_ANGLE_UNIT ( ) SI_UNIT ( $, .RADIAN. ) );
#604 = DIRECTION ( 'NONE',  ( -1.000000000000000000, 0.0000000000000000000, 0.0000000000000000000 ) ) ;
#605 = UNCERTAINTY_MEASURE_WITH_UNIT (LENGTH_MEASURE( 1.000000000000000082E-05 ), #3872, 'distance_accuracy_value', 'NONE');
#606 = PRODUCT_RELATED_PRODUCT_CATEGORY ( 'part', '', ( #1040 ) ) ;
#607 = ITEM_DEFINED_TRANSFORMATION ( 'NONE', 'NONE', #831,  #1260 ) ;
#608 = DIRECTION ( 'NONE',  ( 0.0000000000000000000, -1.000000000000000000, 2.220446049250000002E-16 ) ) ;
#609 = ORIENTED_EDGE ( 'NONE', *, *, #1301, .F. ) ;
#610 = EDGE_CURVE ( 'NONE', #2047, #115, #1071, .T. ) ;
#611 =( NAMED_UNIT ( * ) PLANE_ANGLE_UNIT ( ) SI_UNIT ( $, .RADIAN. ) );
#612 = VERTEX_POINT ( 'NONE', #2347 ) ;
#613 = DIRECTION ( 'NONE',  ( 1.000000000000000000, 0.0000000000000000000, 0.0000000000000000000 ) ) ;
#614 = EDGE_CURVE ( 'NONE', #3336, #2238, #1158, .T. ) ;
#615 = DIRECTION ( 'NONE',  ( -1.000000000000000000, -0.0000000000000000000, -0.0000000000000000000 ) ) ;
#616 = FILL_AREA_STYLE_COLOUR ( '', #2286 ) ;
#617 = DIRECTION ( 'NONE',  ( -0.0000000000000000000, -0.0000000000000000000, 1.000000000000000000 ) ) ;
#618 = EDGE_LOOP ( 'NONE', ( #1258, #2967, #1848, #1824 ) ) ;
#619 = VERTEX_POINT ( 'NONE', #2669 ) ;
#620 = ORIENTED_EDGE ( 'NONE', *, *, #595, .T. ) ;
#621 =( GEOMETRIC_REPRESENTATION_CONTEXT ( 3 ) GLOBAL_UNCERTAINTY_ASSIGNED_CONTEXT ( ( #3654 ) ) GLOBAL_UNIT_ASSIGNED_CONTEXT ( ( #3643, #1357, #171 ) ) REPRESENTATION_CONTEXT ( 'NONE', 'WORKASPACE' ) );
#622 =( GEOMETRIC_REPRESENTATION_CONTEXT ( 3 ) GLOBAL_UNCERTAINTY_ASSIGNED_CONTEXT ( ( #156 ) ) GLOBAL_UNIT_ASSIGNED_CONTEXT ( ( #3502, #3440, #2217 ) ) REPRESENTATION_CONTEXT ( 'NONE', 'WORKASPACE' ) );
#623 = EDGE_CURVE ( 'NONE', #2171, #2763, #3264, .T. ) ;
#624 = VERTEX_POINT ( 'NONE', #3544 ) ;
#625 = DIRECTION ( 'NONE',  ( 1.000000000000000000, 0.0000000000000000000, -0.0000000000000000000 ) ) ;
#626 = AXIS2_PLACEMENT_3D ( 'NONE', #3365, #3449, #744 ) ;
#627 = ORIENTED_EDGE ( 'NONE', *, *, #3009, .F. ) ;
#628 = CARTESIAN_POINT ( 'NONE',  ( -0.7900000000000000355, -0.3499999999999999778, 0.5999999999999999778 ) ) ;
#629 = VECTOR ( 'NONE', #617, 1000.000000000000000 ) ;
#630 = DIRECTION ( 'NONE',  ( 1.000000000000000000, 0.0000000000000000000, 0.0000000000000000000 ) ) ;
#631 = DIRECTION ( 'NONE',  ( 0.0000000000000000000, 0.0000000000000000000, 1.000000000000000000 ) ) ;
#632 = EDGE_LOOP ( 'NONE', ( #1569, #1348, #3331, #1234 ) ) ;
#633 = PRESENTATION_STYLE_ASSIGNMENT (( #3341 ) ) ;
#634 = VECTOR ( 'NONE', #1608, 1000.000000000000000 ) ;
#635 = FILL_AREA_STYLE ('',( #2451 ) ) ;
#636 = ORIENTED_EDGE ( 'NONE', *, *, #807, .F. ) ;
#637 = PRESENTATION_LAYER_ASSIGNMENT (  '', '', ( #707 ) ) ;
#638 = EDGE_CURVE ( 'NONE', #997, #2830, #444, .T. ) ;
#639 = ORIENTED_EDGE ( 'NONE', *, *, #2183, .T. ) ;
#640 = LINE ( 'NONE', #2748, #3169 ) ;
#641 = VECTOR ( 'NONE', #2579, 1000.000000000000000 ) ;
#642 = AXIS2_PLACEMENT_3D ( 'NONE', #814, #1697, #1678 ) ;
#643 =( GEOMETRIC_REPRESENTATION_CONTEXT ( 3 ) GLOBAL_UNCERTAINTY_ASSIGNED_CONTEXT ( ( #3688 ) ) GLOBAL_UNIT_ASSIGNED_CONTEXT ( ( #1760, #811, #2359 ) ) REPRESENTATION_CONTEXT ( 'NONE', 'WORKASPACE' ) );
#644 = PRESENTATION_LAYER_ASSIGNMENT (  '', '', ( #1731 ) ) ;
#645 = ORIENTED_EDGE ( 'NONE', *, *, #3685, .F. ) ;
#646 = VECTOR ( 'NONE', #3187, 1000.000000000000000 ) ;
#647 =( NAMED_UNIT ( * ) SI_UNIT ( $, .STERADIAN. ) SOLID_ANGLE_UNIT ( ) );
#648 = STYLED_ITEM ( 'NONE', ( #1096 ), #2607 ) ;
#649 = COLOUR_RGB ( '',0.1960784313725490169, 0.1960784313725490169, 0.1960784313725490169 ) ;
#650 = DIRECTION ( 'NONE',  ( 1.000000000000000000, 0.0000000000000000000, -0.0000000000000000000 ) ) ;
#651 = PRESENTATION_LAYER_ASSIGNMENT (  '', '', ( #3559 ) ) ;
#652 = ORIENTED_EDGE ( 'NONE', *, *, #65, .T. ) ;
#653 = LINE ( 'NONE', #399, #2727 ) ;
#654 = VECTOR ( 'NONE', #2256, 1000.000000000000000 ) ;
#655 = ORIENTED_EDGE ( 'NONE', *, *, #2890, .F. ) ;
#656 = SURFACE_SIDE_STYLE ('',( #348 ) ) ;
#657 = SURFACE_SIDE_STYLE ('',( #2134 ) ) ;
#658 = CARTESIAN_POINT ( 'NONE',  ( -5.080000000000000071, 2.569999999999999396, 0.0000000000000000000 ) ) ;
#659 = PRESENTATION_STYLE_ASSIGNMENT (( #2435 ) ) ;
#660 = FILL_AREA_STYLE_COLOUR ( '', #3302 ) ;
#661 = DIRECTION ( 'NONE',  ( 0.0000000000000000000, 0.0000000000000000000, -1.000000000000000000 ) ) ;
#662 = ORIENTED_EDGE ( 'NONE', *, *, #1015, .F. ) ;
#663 = EDGE_LOOP ( 'NONE', ( #1743, #2616, #176, #3380 ) ) ;
#664 = EDGE_CURVE ( 'NONE', #3280, #2393, #10, .T. ) ;
#665 =( NAMED_UNIT ( * ) PLANE_ANGLE_UNIT ( ) SI_UNIT ( $, .RADIAN. ) );
#666 = EDGE_CURVE ( 'NONE', #2073, #3629, #2623, .T. ) ;
#667 = UNCERTAINTY_MEASURE_WITH_UNIT (LENGTH_MEASURE( 1.000000000000000082E-05 ), #2637, 'distance_accuracy_value', 'NONE');
#668 = FILL_AREA_STYLE ('',( #971 ) ) ;
#669 = ORIENTED_EDGE ( 'NONE', *, *, #248, .T. ) ;
#670 = DIRECTION ( 'NONE',  ( 0.0000000000000000000, -2.990902544787598592E-16, -1.000000000000000000 ) ) ;
#671 = ORIENTED_EDGE ( 'NONE', *, *, #2310, .F. ) ;
#672 = FILL_AREA_STYLE ('',( #711 ) ) ;
#673 = ORIENTED_EDGE ( 'NONE', *, *, #2017, .T. ) ;
#674 =( NAMED_UNIT ( * ) SI_UNIT ( $, .STERADIAN. ) SOLID_ANGLE_UNIT ( ) );
#675 = LINE ( 'NONE', #3498, #3594 ) ;
#676 = FACE_OUTER_BOUND ( 'NONE', #3157, .T. ) ;
#677 = DIRECTION ( 'NONE',  ( -0.0000000000000000000, -0.0000000000000000000, -1.000000000000000000 ) ) ;
#678 = LINE ( 'NONE', #331, #695 ) ;
#679 = CARTESIAN_POINT ( 'NONE',  ( 3.240000000000000213, -4.070000000000000284, 1.149999999999999911 ) ) ;
#680 = EDGE_CURVE ( 'NONE', #2166, #3280, #599, .T. ) ;
#681 = ORIENTED_EDGE ( 'NONE', *, *, #2513, .T. ) ;
#682 = SURFACE_STYLE_FILL_AREA ( #21 ) ;
#683 = ORIENTED_EDGE ( 'NONE', *, *, #2873, .T. ) ;
#684 = DIRECTION ( 'NONE',  ( 1.000000000000000000, 0.0000000000000000000, -0.0000000000000000000 ) ) ;
#685 = ADVANCED_FACE ( 'NONE', ( #867 ), #1448, .F. ) ;
#686 =( NAMED_UNIT ( * ) SI_UNIT ( $, .STERADIAN. ) SOLID_ANGLE_UNIT ( ) );
#687 = ORIENTED_EDGE ( 'NONE', *, *, #2841, .F. ) ;
#688 =( LENGTH_UNIT ( ) NAMED_UNIT ( * ) SI_UNIT ( .MILLI., .METRE. ) );
#689 = EDGE_LOOP ( 'NONE', ( #2561, #568, #3140, #159 ) ) ;
#690 = CARTESIAN_POINT ( 'NONE',  ( -5.080000000000000071, 2.569999999999999396, 6.700000000000000178 ) ) ;
#691 = CARTESIAN_POINT ( 'NONE',  ( -0.8253571800518877399, -0.3499999999999999778, 1.399999999999999911 ) ) ;
#692 = UNCERTAINTY_MEASURE_WITH_UNIT (LENGTH_MEASURE( 1.000000000000000082E-05 ), #2549, 'distance_accuracy_value', 'NONE');
#693 = MECHANICAL_DESIGN_GEOMETRIC_PRESENTATION_REPRESENTATION (  '', ( #1387 ), #3347 ) ;
#694 = DIRECTION ( 'NONE',  ( -0.0000000000000000000, 0.0000000000000000000, 1.000000000000000000 ) ) ;
#695 = VECTOR ( 'NONE', #2180, 1000.000000000000000 ) ;
#696 = DIRECTION ( 'NONE',  ( -1.000000000000000000, 0.0000000000000000000, -0.0000000000000000000 ) ) ;
#697 = DIRECTION ( 'NONE',  ( 1.000000000000000000, 0.0000000000000000000, -0.0000000000000000000 ) ) ;
#698 = ORIENTED_EDGE ( 'NONE', *, *, #126, .T. ) ;
#699 = PRESENTATION_LAYER_ASSIGNMENT (  '', '', ( #3845 ) ) ;
#700 = PRESENTATION_LAYER_ASSIGNMENT (  '', '', ( #1587 ) ) ;
#701 = EDGE_LOOP ( 'NONE', ( #3858, #1907, #683, #726, #2797, #976, #1828, #1254, #274, #3864 ) ) ;
#702 = CARTESIAN_POINT ( 'NONE',  ( -4.540000000000000036, 2.000000000000000000, 0.0000000000000000000 ) ) ;
#703 = MECHANICAL_DESIGN_GEOMETRIC_PRESENTATION_REPRESENTATION (  '', ( #708 ), #2717 ) ;
#704 = AXIS2_PLACEMENT_3D ( 'NONE', #2938, #252, #1442 ) ;
#705 = CIRCLE ( 'NONE', #461, 1.949999999999999956 ) ;
#706 = SURFACE_SIDE_STYLE ('',( #418 ) ) ;
#707 = STYLED_ITEM ( 'NONE', ( #1809 ), #1579 ) ;
#708 = STYLED_ITEM ( 'NONE', ( #864 ), #3298 ) ;
#709 = VECTOR ( 'NONE', #1805, 1000.000000000000227 ) ;
#710 = ORIENTED_EDGE ( 'NONE', *, *, #3322, .T. ) ;
#711 = FILL_AREA_STYLE_COLOUR ( '', #3855 ) ;
#712 = DIRECTION ( 'NONE',  ( 1.000000000000000000, 0.0000000000000000000, 0.0000000000000000000 ) ) ;
#713 = SURFACE_STYLE_FILL_AREA ( #3181 ) ;
#714 = DIRECTION ( 'NONE',  ( -0.0000000000000000000, 0.0000000000000000000, 1.000000000000000000 ) ) ;
#715 = AXIS2_PLACEMENT_3D ( 'NONE', #813, #1975, #2555 ) ;
#716 = CARTESIAN_POINT ( 'NONE',  ( 1.840000000000000080, -4.070000000000000284, 1.149999999999999911 ) ) ;
#717 = DIRECTION ( 'NONE',  ( 0.0000000000000000000, 0.0000000000000000000, 1.000000000000000000 ) ) ;
#718 = EDGE_CURVE ( 'NONE', #624, #3211, #3320, .T. ) ;
#719 = SURFACE_SIDE_STYLE ('',( #122 ) ) ;
#720 = DIRECTION ( 'NONE',  ( 0.0000000000000000000, -0.0000000000000000000, -1.000000000000000000 ) ) ;
#721 = PRESENTATION_STYLE_ASSIGNMENT (( #470 ) ) ;
#722 = CYLINDRICAL_SURFACE ( 'NONE', #1345, 1.449999999999999956 ) ;
#723 = EDGE_CURVE ( 'NONE', #502, #2612, #3403, .T. ) ;
#724 = UNCERTAINTY_MEASURE_WITH_UNIT (LENGTH_MEASURE( 1.000000000000000082E-05 ), #2476, 'distance_accuracy_value', 'NONE');
#725 = SURFACE_SIDE_STYLE ('',( #3510 ) ) ;
#726 = ORIENTED_EDGE ( 'NONE', *, *, #3138, .T. ) ;
#727 = DIRECTION ( 'NONE',  ( -0.0000000000000000000, -0.0000000000000000000, -1.000000000000000000 ) ) ;
#728 = ORIENTED_EDGE ( 'NONE', *, *, #623, .T. ) ;
#729 =( NAMED_UNIT ( * ) PLANE_ANGLE_UNIT ( ) SI_UNIT ( $, .RADIAN. ) );
#730 =( LENGTH_UNIT ( ) NAMED_UNIT ( * ) SI_UNIT ( .MILLI., .METRE. ) );
#731 = PRESENTATION_STYLE_ASSIGNMENT (( #3439 ) ) ;
#732 = UNCERTAINTY_MEASURE_WITH_UNIT (LENGTH_MEASURE( 1.000000000000000082E-05 ), #3426, 'distance_accuracy_value', 'NONE');
#733 = SURFACE_SIDE_STYLE ('',( #1667 ) ) ;
#734 = ORIENTED_EDGE ( 'NONE', *, *, #1180, .F. ) ;
#735 =( LENGTH_UNIT ( ) NAMED_UNIT ( * ) SI_UNIT ( .MILLI., .METRE. ) );
#736 = CARTESIAN_POINT ( 'NONE',  ( -2.540000000000000036, 0.0000000000000000000, 0.5999999999999999778 ) ) ;
#737 = DIRECTION ( 'NONE',  ( 0.0000000000000000000, 0.0000000000000000000, 1.000000000000000000 ) ) ;
#738 = CARTESIAN_POINT ( 'NONE',  ( 0.4000000000000000222, 2.430000000000000160, 6.700000000000000178 ) ) ;
#739 = UNCERTAINTY_MEASURE_WITH_UNIT (LENGTH_MEASURE( 1.000000000000000082E-05 ), #1233, 'distance_accuracy_value', 'NONE');
#740 =( NAMED_UNIT ( * ) PLANE_ANGLE_UNIT ( ) SI_UNIT ( $, .RADIAN. ) );
#741 = PRESENTATION_STYLE_ASSIGNMENT (( #2883 ) ) ;
#742 =( LENGTH_UNIT ( ) NAMED_UNIT ( * ) SI_UNIT ( .MILLI., .METRE. ) );
#743 = DIRECTION ( 'NONE',  ( -1.000000000000000000, -0.0000000000000000000, 0.0000000000000000000 ) ) ;
#744 = DIRECTION ( 'NONE',  ( 0.0000000000000000000, -0.0000000000000000000, -1.000000000000000000 ) ) ;
#745 = VERTEX_POINT ( 'NONE', #691 ) ;
#746 =( NAMED_UNIT ( * ) SI_UNIT ( $, .STERADIAN. ) SOLID_ANGLE_UNIT ( ) );
#747 = DIRECTION ( 'NONE',  ( 1.000000000000000000, 0.0000000000000000000, 0.0000000000000000000 ) ) ;
#748 = EDGE_CURVE ( 'NONE', #3123, #745, #3620, .T. ) ;
#749 =( LENGTH_UNIT ( ) NAMED_UNIT ( * ) SI_UNIT ( .MILLI., .METRE. ) );
#750 = FACE_OUTER_BOUND ( 'NONE', #3086, .T. ) ;
#751 = DIRECTION ( 'NONE',  ( 0.0000000000000000000, 0.0000000000000000000, 1.000000000000000000 ) ) ;
#752 = ORIENTED_EDGE ( 'NONE', *, *, #776, .T. ) ;
#753 = CARTESIAN_POINT ( 'NONE',  ( -2.540000000000000036, 0.0000000000000000000, 0.0000000000000000000 ) ) ;
#754 = DIRECTION ( 'NONE',  ( -0.0000000000000000000, -1.000000000000000000, 0.0000000000000000000 ) ) ;
#755 = VECTOR ( 'NONE', #3770, 1000.000000000000000 ) ;
#756 = VECTOR ( 'NONE', #403, 1000.000000000000000 ) ;
#757 = CARTESIAN_POINT ( 'NONE',  ( 3.240000000000000657, 4.070000000000000284, 0.0000000000000000000 ) ) ;
#758 = SURFACE_STYLE_USAGE ( .BOTH. , #3739 ) ;
#759 = VECTOR ( 'NONE', #515, 1000.000000000000000 ) ;
#760 = DIRECTION ( 'NONE',  ( 0.0000000000000000000, -1.000000000000000000, 3.200642953874000098E-16 ) ) ;
#761 = AXIS2_PLACEMENT_3D ( 'NONE', #884, #1769, #1754 ) ;
#762 = EDGE_CURVE ( 'NONE', #3178, #2166, #3011, .T. ) ;
#763 = DIRECTION ( 'NONE',  ( -1.000000000000000000, 0.0000000000000000000, 0.0000000000000000000 ) ) ;
#764 = EDGE_CURVE ( 'NONE', #1172, #3299, #993, .T. ) ;
#765 = DIRECTION ( 'NONE',  ( 1.000000000000000000, 0.0000000000000000000, -0.0000000000000000000 ) ) ;
#766 =( LENGTH_UNIT ( ) NAMED_UNIT ( * ) SI_UNIT ( .MILLI., .METRE. ) );
#767 = CARTESIAN_POINT ( 'NONE',  ( 5.080000000000000071, -4.070000000000000284, 1.149999999999999911 ) ) ;
#768 = ADVANCED_BREP_SHAPE_REPRESENTATION ( '', ( #1308, #1260 ), #2962 ) ;
#769 = ORIENTED_EDGE ( 'NONE', *, *, #406, .T. ) ;
#770 = CARTESIAN_POINT ( 'NONE',  ( 1.840000000000000524, 4.070000000000000284, 0.0000000000000000000 ) ) ;
#771 = PRESENTATION_LAYER_ASSIGNMENT (  '', '', ( #1965 ) ) ;
#772 = MECHANICAL_DESIGN_GEOMETRIC_PRESENTATION_REPRESENTATION (  '', ( #2837 ), #2906 ) ;
#773 = LINE ( 'NONE', #3476, #3227 ) ;
#774 = CARTESIAN_POINT ( 'NONE',  ( -2.540000000000000036, -1.999999999999999556, 3.449999999999999734 ) ) ;
#775 = STYLED_ITEM ( 'NONE', ( #3203 ), #3223 ) ;
#776 = EDGE_CURVE ( 'NONE', #972, #2949, #3143, .T. ) ;
#777 = CARTESIAN_POINT ( 'NONE',  ( 5.879999999999999893, 3.370000000000000107, 0.0000000000000000000 ) ) ;
#778 = SURFACE_STYLE_USAGE ( .BOTH. , #733 ) ;
#779 = EDGE_LOOP ( 'NONE', ( #752, #1333, #192, #2768 ) ) ;
#780 = CIRCLE ( 'NONE', #3492, 0.4250000000000000444 ) ;
#781 = AXIS2_PLACEMENT_3D ( 'NONE', #1943, #727, #3471 ) ;
#782 = PLANE ( 'NONE',  #2140 ) ;
#783 = COLOUR_RGB ( '',0.1960784313725490169, 0.1960784313725490169, 0.1960784313725490169 ) ;
#784 = CARTESIAN_POINT ( 'NONE',  ( 0.4000000000000000777, 2.429999999999999716, 6.700000000000000178 ) ) ;
#785 = LINE ( 'NONE', #2610, #1027 ) ;
#786 = UNCERTAINTY_MEASURE_WITH_UNIT (LENGTH_MEASURE( 1.000000000000000082E-05 ), #3437, 'distance_accuracy_value', 'NONE');
#787 = CARTESIAN_POINT ( 'NONE',  ( -4.540000000000000036, 2.000000000000000000, 4.000000000000000000 ) ) ;
#788 = ADVANCED_FACE ( 'NONE', ( #381 ), #2463, .F. ) ;
#789 = ORIENTED_EDGE ( 'NONE', *, *, #264, .F. ) ;
#790 = CARTESIAN_POINT ( 'NONE',  ( -4.490000000000000213, 2.388061258337338643E-16, 10.00000000000000000 ) ) ;
#791 = ADVANCED_FACE ( 'NONE', ( #1284, #49 ), #2153, .T. ) ;
#792 = FILL_AREA_STYLE ('',( #1456 ) ) ;
#793 = EDGE_CURVE ( 'NONE', #148, #1002, #70, .T. ) ;
#794 = LINE ( 'NONE', #2156, #3470 ) ;
#795 = ORIENTED_EDGE ( 'NONE', *, *, #2440, .T. ) ;
#796 = DIRECTION ( 'NONE',  ( -0.0000000000000000000, -0.0000000000000000000, 1.000000000000000000 ) ) ;
#797 = FACE_OUTER_BOUND ( 'NONE', #75, .T. ) ;
#798 = CARTESIAN_POINT ( 'NONE',  ( -2.540000000000000036, 0.0000000000000000000, -4.599999999999999645 ) ) ;
#799 = SURFACE_STYLE_USAGE ( .BOTH. , #2307 ) ;
#800 = CARTESIAN_POINT ( 'NONE',  ( -4.290000000000000036, 0.3499999999999999778, 1.399999999999999911 ) ) ;
#801 = ORIENTED_EDGE ( 'NONE', *, *, #818, .T. ) ;
#802 = PRESENTATION_STYLE_ASSIGNMENT (( #3769 ) ) ;
#803 = SURFACE_SIDE_STYLE ('',( #2583 ) ) ;
#804 = CARTESIAN_POINT ( 'NONE',  ( -1.840000000000000080, 0.7299999999999997602, 1.149999999999999911 ) ) ;
#805 = DIRECTION ( 'NONE',  ( 0.0000000000000000000, -1.000000000000000000, -0.0000000000000000000 ) ) ;
#806 = UNCERTAINTY_MEASURE_WITH_UNIT (LENGTH_MEASURE( 1.000000000000000082E-05 ), #3704, 'distance_accuracy_value', 'NONE');
#807 = EDGE_CURVE ( 'NONE', #2126, #127, #3647, .T. ) ;
#808 =( NAMED_UNIT ( * ) SI_UNIT ( $, .STERADIAN. ) SOLID_ANGLE_UNIT ( ) );
#809 = ORIENTED_EDGE ( 'NONE', *, *, #1073, .T. ) ;
#810 = PRESENTATION_STYLE_ASSIGNMENT (( #2408 ) ) ;
#811 =( NAMED_UNIT ( * ) PLANE_ANGLE_UNIT ( ) SI_UNIT ( $, .RADIAN. ) );
#812 = ORIENTED_EDGE ( 'NONE', *, *, #904, .T. ) ;
#813 = CARTESIAN_POINT ( 'NONE',  ( -2.540000000000000036, 0.0000000000000000000, 0.5999999999999999778 ) ) ;
#814 = CARTESIAN_POINT ( 'NONE',  ( -2.540000000000000036, 0.0000000000000000000, 0.0000000000000000000 ) ) ;
#815 =( NAMED_UNIT ( * ) PLANE_ANGLE_UNIT ( ) SI_UNIT ( $, .RADIAN. ) );
#816 =( LENGTH_UNIT ( ) NAMED_UNIT ( * ) SI_UNIT ( .MILLI., .METRE. ) );
#817 = CARTESIAN_POINT ( 'NONE',  ( 5.879999999999999893, 3.370000000000000107, 0.0000000000000000000 ) ) ;
#818 = EDGE_CURVE ( 'NONE', #2126, #2047, #2274, .T. ) ;
#819 = SURFACE_STYLE_FILL_AREA ( #3129 ) ;
#820 = ORIENTED_EDGE ( 'NONE', *, *, #1923, .F. ) ;
#821 = CARTESIAN_POINT ( 'NONE',  ( -4.700000000000000178, 2.429999999999998828, 1.149999999999999467 ) ) ;
#822 = LINE ( 'NONE', #486, #646 ) ;
#823 = CARTESIAN_POINT ( 'NONE',  ( -2.540000000000000036, 0.0000000000000000000, 0.5999999999999999778 ) ) ;
#824 = CARTESIAN_POINT ( 'NONE',  ( -0.4000000000000000222, -4.070000000000000284, 1.149999999999999911 ) ) ;
#825 = CARTESIAN_POINT ( 'NONE',  ( -5.080000000000000071, -2.319999999999664553, 9.999999999999822364 ) ) ;
#826 = AXIS2_PLACEMENT_3D ( 'NONE', #3012, #1087, #183 ) ;
#827 = APPLICATION_PROTOCOL_DEFINITION ( 'draft international standard', 'automotive_design', 1998, #7 ) ;
#828 = FACE_OUTER_BOUND ( 'NONE', #419, .T. ) ;
#829 = ORIENTED_EDGE ( 'NONE', *, *, #3220, .F. ) ;
#830 = COLOUR_RGB ( '',0.1960784313725490169, 0.1960784313725490169, 0.1960784313725490169 ) ;
#831 = AXIS2_PLACEMENT_3D ( 'NONE', #2317, #2589, #2650 ) ;
#832 = ORIENTED_EDGE ( 'NONE', *, *, #67, .F. ) ;
#833 = CARTESIAN_POINT ( 'NONE',  ( -2.540000000000000036, 0.0000000000000000000, 0.0000000000000000000 ) ) ;
#834 =( NAMED_UNIT ( * ) PLANE_ANGLE_UNIT ( ) SI_UNIT ( $, .RADIAN. ) );
#835 = STYLED_ITEM ( 'NONE', ( #3881 ), #1309 ) ;
#836 = PRESENTATION_STYLE_ASSIGNMENT (( #3536 ) ) ;
#837 = LINE ( 'NONE', #2340, #3538 ) ;
#838 = COLOUR_RGB ( '',0.1960784313725490169, 0.1960784313725490169, 0.1960784313725490169 ) ;
#839 = AXIS2_PLACEMENT_3D ( 'NONE', #1239, #3056, #697 ) ;
#840 = ADVANCED_FACE ( 'NONE', ( #2894 ), #1344, .T. ) ;
#841 = FILL_AREA_STYLE ('',( #294 ) ) ;
#842 =( REPRESENTATION_RELATIONSHIP ('NONE','NONE', #2498, #1842 ) REPRESENTATION_RELATIONSHIP_WITH_TRANSFORMATION ( #1860 )SHAPE_REPRESENTATION_RELATIONSHIP( ) );
#843 = EDGE_LOOP ( 'NONE', ( #789, #1772, #1157, #832 ) ) ;
#844 = DIRECTION ( 'NONE',  ( 1.000000000000000000, 0.0000000000000000000, -0.0000000000000000000 ) ) ;
#845 = COLOUR_RGB ( '',0.4000000000000000222, 0.4000000000000000222, 0.4000000000000000222 ) ;
#846 = AXIS2_PLACEMENT_3D ( 'NONE', #1620, #1266, #2819 ) ;
#847 = COLOUR_RGB ( '',0.4000000000000000222, 0.4000000000000000222, 0.4000000000000000222 ) ;
#848 =( GEOMETRIC_REPRESENTATION_CONTEXT ( 3 ) GLOBAL_UNCERTAINTY_ASSIGNED_CONTEXT ( ( #2781 ) ) GLOBAL_UNIT_ASSIGNED_CONTEXT ( ( #1350, #3738, #2459 ) ) REPRESENTATION_CONTEXT ( 'NONE', 'WORKASPACE' ) );
#849 = CARTESIAN_POINT ( 'NONE',  ( -5.080000000000000071, 3.369999999999999662, 6.700000000000000178 ) ) ;
#850 = MECHANICAL_DESIGN_GEOMETRIC_PRESENTATION_REPRESENTATION (  '', ( #3305 ), #98 ) ;
#851 = VECTOR ( 'NONE', #3290, 1000.000000000000000 ) ;
#852 = VECTOR ( 'NONE', #569, 1000.000000000000000 ) ;
#853 = DIRECTION ( 'NONE',  ( -1.000000000000000000, 0.0000000000000000000, -0.0000000000000000000 ) ) ;
#854 = FACE_BOUND ( 'NONE', #1115, .T. ) ;
#855 = PRESENTATION_LAYER_ASSIGNMENT (  '', '', ( #1229 ) ) ;
#856 = DIRECTION ( 'NONE',  ( 0.0000000000000000000, 0.0000000000000000000, 1.000000000000000000 ) ) ;
#857 = FILL_AREA_STYLE ('',( #3293 ) ) ;
#858 = STYLED_ITEM ( 'NONE', ( #3725 ), #118 ) ;
#859 = ORIENTED_EDGE ( 'NONE', *, *, #1821, .T. ) ;
#860 = DIRECTION ( 'NONE',  ( 1.000000000000000000, 0.0000000000000000000, 0.0000000000000000000 ) ) ;
#861 = ORIENTED_EDGE ( 'NONE', *, *, #1915, .F. ) ;
#862 = DIRECTION ( 'NONE',  ( -0.0000000000000000000, -0.0000000000000000000, -1.000000000000000000 ) ) ;
#863 = CARTESIAN_POINT ( 'NONE',  ( -4.254642819948112553, 0.3499999999999999778, 1.399999999999999911 ) ) ;
#864 = PRESENTATION_STYLE_ASSIGNMENT (( #2371 ) ) ;
#865 = PRESENTATION_STYLE_ASSIGNMENT (( #2667 ) ) ;
#866 = ORIENTED_EDGE ( 'NONE', *, *, #2684, .T. ) ;
#867 = FACE_OUTER_BOUND ( 'NONE', #1459, .T. ) ;
#868 = SURFACE_STYLE_FILL_AREA ( #278 ) ;
#869 = SURFACE_STYLE_FILL_AREA ( #2376 ) ;
#870 = DIRECTION ( 'NONE',  ( -0.0000000000000000000, -0.0000000000000000000, -1.000000000000000000 ) ) ;
#871 =( NAMED_UNIT ( * ) PLANE_ANGLE_UNIT ( ) SI_UNIT ( $, .RADIAN. ) );
#872 = VERTEX_POINT ( 'NONE', #3786 ) ;
#873 = CARTESIAN_POINT ( 'NONE',  ( -4.540000000000000036, 2.000000000000000000, 0.0000000000000000000 ) ) ;
#874 = ORIENTED_EDGE ( 'NONE', *, *, #3585, .T. ) ;
#875 =( LENGTH_UNIT ( ) NAMED_UNIT ( * ) SI_UNIT ( .MILLI., .METRE. ) );
#876 = LINE ( 'NONE', #2326, #1985 ) ;
#877 = PRESENTATION_STYLE_ASSIGNMENT (( #3876 ) ) ;
#878 = DIRECTION ( 'NONE',  ( 0.0000000000000000000, 0.0000000000000000000, 1.000000000000000000 ) ) ;
#879 = ORIENTED_EDGE ( 'NONE', *, *, #3695, .T. ) ;
#880 = LINE ( 'NONE', #2400, #709 ) ;
#881 = UNCERTAINTY_MEASURE_WITH_UNIT (LENGTH_MEASURE( 1.000000000000000082E-05 ), #2343, 'distance_accuracy_value', 'NONE');
#882 = CARTESIAN_POINT ( 'NONE',  ( -5.080000000000000071, 4.070000000000000284, 10.00000000000000000 ) ) ;
#883 = CYLINDRICAL_SURFACE ( 'NONE', #2151, 1.949999999999999956 ) ;
#884 = CARTESIAN_POINT ( 'NONE',  ( -4.540000000000000036, 2.000000000000000000, 4.000000000000000000 ) ) ;
#885 = CYLINDRICAL_SURFACE ( 'NONE', #2043, 1.750000000000000222 ) ;
#886 = UNCERTAINTY_MEASURE_WITH_UNIT (LENGTH_MEASURE( 1.000000000000000082E-05 ), #2692, 'distance_accuracy_value', 'NONE');
#887 = APPLICATION_PROTOCOL_DEFINITION ( 'draft international standard', 'automotive_design', 1998, #1171 ) ;
#888 = CARTESIAN_POINT ( 'NONE',  ( -2.540000000000000036, -2.000000000000000000, 2.000000000000000000 ) ) ;
#889 = ORIENTED_EDGE ( 'NONE', *, *, #3124, .F. ) ;
#890 = FILL_AREA_STYLE ('',( #3590 ) ) ;
#891 = PRESENTATION_LAYER_ASSIGNMENT (  '', '', ( #385 ) ) ;
#892 = VECTOR ( 'NONE', #844, 1000.000000000000000 ) ;
#893 = EDGE_CURVE ( 'NONE', #3459, #1002, #1932, .T. ) ;
#894 = VECTOR ( 'NONE', #3256, 1000.000000000000000 ) ;
#895 = ORIENTED_EDGE ( 'NONE', *, *, #1780, .F. ) ;
#896 = STYLED_ITEM ( 'NONE', ( #3564 ), #938 ) ;
#897 = DIRECTION ( 'NONE',  ( 0.0000000000000000000, -1.000000000000000000, -0.0000000000000000000 ) ) ;
#898 =( GEOMETRIC_REPRESENTATION_CONTEXT ( 3 ) GLOBAL_UNCERTAINTY_ASSIGNED_CONTEXT ( ( #3136 ) ) GLOBAL_UNIT_ASSIGNED_CONTEXT ( ( #1613, #740, #1925 ) ) REPRESENTATION_CONTEXT ( 'NONE', 'WORKASPACE' ) );
#899 = VECTOR ( 'NONE', #3206, 1000.000000000000000 ) ;
#900 = AXIS2_PLACEMENT_3D ( 'NONE', #1529, #939, #312 ) ;
#901 = ORIENTED_EDGE ( 'NONE', *, *, #489, .T. ) ;
#902 = LINE ( 'NONE', #2005, #1979 ) ;
#903 = DIRECTION ( 'NONE',  ( -0.0000000000000000000, 1.000000000000000000, -2.220446049250000002E-16 ) ) ;
#904 = EDGE_CURVE ( 'NONE', #544, #872, #3342, .T. ) ;
#905 = AXIS2_PLACEMENT_3D ( 'NONE', #2489, #3689, #1249 ) ;
#906 = LINE ( 'NONE', #2106, #2018 ) ;
#907 = ADVANCED_FACE ( 'NONE', ( #3112 ), #3202, .F. ) ;
#908 = FILL_AREA_STYLE_COLOUR ( '', #388 ) ;
#909 = AXIS2_PLACEMENT_3D ( 'NONE', #2113, #2406, #2966 ) ;
#910 = CARTESIAN_POINT ( 'NONE',  ( -2.540000000000000036, 2.000000000000000000, 1.999999999999999112 ) ) ;
#911 =( GEOMETRIC_REPRESENTATION_CONTEXT ( 3 ) GLOBAL_UNCERTAINTY_ASSIGNED_CONTEXT ( ( #667 ) ) GLOBAL_UNIT_ASSIGNED_CONTEXT ( ( #2637, #2387, #3878 ) ) REPRESENTATION_CONTEXT ( 'NONE', 'WORKASPACE' ) );
#912 = STYLED_ITEM ( 'NONE', ( #555 ), #360 ) ;
#913 = VECTOR ( 'NONE', #1984, 1000.000000000000000 ) ;
#914 = ORIENTED_EDGE ( 'NONE', *, *, #1376, .F. ) ;
#915 = PRESENTATION_STYLE_ASSIGNMENT (( #3059 ) ) ;
#916 = AXIS2_PLACEMENT_3D ( 'NONE', #2831, #3747, #1035 ) ;
#917 = VECTOR ( 'NONE', #474, 1000.000000000000000 ) ;
#918 = ORIENTED_EDGE ( 'NONE', *, *, #614, .F. ) ;
#919 = MECHANICAL_DESIGN_GEOMETRIC_PRESENTATION_REPRESENTATION (  '', ( #3559 ), #2048 ) ;
#920 = DIRECTION ( 'NONE',  ( 0.0000000000000000000, -0.0000000000000000000, 1.000000000000000000 ) ) ;
#921 =( GEOMETRIC_REPRESENTATION_CONTEXT ( 3 ) GLOBAL_UNCERTAINTY_ASSIGNED_CONTEXT ( ( #2817 ) ) GLOBAL_UNIT_ASSIGNED_CONTEXT ( ( #3417, #1633, #2857 ) ) REPRESENTATION_CONTEXT ( 'NONE', 'WORKASPACE' ) );
#922 = ADVANCED_FACE ( 'NONE', ( #2097 ), #2977, .F. ) ;
#923 = FILL_AREA_STYLE ('',( #506 ) ) ;
#924 = DIRECTION ( 'NONE',  ( -0.0000000000000000000, -0.0000000000000000000, 1.000000000000000000 ) ) ;
#925 = DIRECTION ( 'NONE',  ( 1.000000000000000000, 0.0000000000000000000, 0.0000000000000000000 ) ) ;
#926 = SURFACE_SIDE_STYLE ('',( #1139 ) ) ;
#927 = UNCERTAINTY_MEASURE_WITH_UNIT (LENGTH_MEASURE( 1.000000000000000082E-05 ), #1535, 'distance_accuracy_value', 'NONE');
#928 = FACE_BOUND ( 'NONE', #3067, .T. ) ;
#929 = VERTEX_POINT ( 'NONE', #594 ) ;
#930 = VERTEX_POINT ( 'NONE', #523 ) ;
#931 = EDGE_CURVE ( 'NONE', #2690, #3280, #837, .T. ) ;
#932 = ORIENTED_EDGE ( 'NONE', *, *, #3126, .F. ) ;
#933 = CARTESIAN_POINT ( 'NONE',  ( 5.879999999999999893, 2.569999999999999840, 0.0000000000000000000 ) ) ;
#934 = CARTESIAN_POINT ( 'NONE',  ( -5.080000000000000071, 2.569999999999999840, 0.0000000000000000000 ) ) ;
#935 = ORIENTED_EDGE ( 'NONE', *, *, #818, .F. ) ;
#936 = SURFACE_STYLE_USAGE ( .BOTH. , #2800 ) ;
#937 = DIRECTION ( 'NONE',  ( 1.000000000000000000, 0.0000000000000000000, 0.0000000000000000000 ) ) ;
#938 = ADVANCED_FACE ( 'NONE', ( #2954 ), #3260, .T. ) ;
#939 = DIRECTION ( 'NONE',  ( 0.0000000000000000000, 0.0000000000000000000, 1.000000000000000000 ) ) ;
#940 = CONTEXT_DEPENDENT_SHAPE_REPRESENTATION ( #1563, #2786 ) ;
#941 =( NAMED_UNIT ( * ) SI_UNIT ( $, .STERADIAN. ) SOLID_ANGLE_UNIT ( ) );
#942 = ORIENTED_EDGE ( 'NONE', *, *, #723, .T. ) ;
#943 = VERTEX_POINT ( 'NONE', #271 ) ;
#944 = FACE_OUTER_BOUND ( 'NONE', #3830, .T. ) ;
#945 = PRODUCT_DEFINITION_CONTEXT ( 'detailed design', #3116, 'design' ) ;
#946 = ORIENTED_EDGE ( 'NONE', *, *, #2123, .F. ) ;
#947 = FILL_AREA_STYLE_COLOUR ( '', #2969 ) ;
#948 = AXIS2_PLACEMENT_3D ( 'NONE', #1135, #1074, #178 ) ;
#949 =( GEOMETRIC_REPRESENTATION_CONTEXT ( 3 ) GLOBAL_UNCERTAINTY_ASSIGNED_CONTEXT ( ( #3731 ) ) GLOBAL_UNIT_ASSIGNED_CONTEXT ( ( #2678, #3246, #1430 ) ) REPRESENTATION_CONTEXT ( 'NONE', 'WORKASPACE' ) );
#950 = VERTEX_POINT ( 'NONE', #1728 ) ;
#951 = CARTESIAN_POINT ( 'NONE',  ( -0.4000000000000000777, 2.429999999999998828, 1.149999999999999467 ) ) ;
#952 = STYLED_ITEM ( 'NONE', ( #3061 ), #3450 ) ;
#953 = DIRECTION ( 'NONE',  ( -0.0000000000000000000, 0.0000000000000000000, -1.000000000000000000 ) ) ;
#954 = CIRCLE ( 'NONE', #3076, 1.449999999999999956 ) ;
#955 = DIRECTION ( 'NONE',  ( 0.0000000000000000000, 0.0000000000000000000, 1.000000000000000000 ) ) ;
#956 = PRESENTATION_LAYER_ASSIGNMENT (  '', '', ( #1894 ) ) ;
#957 = EDGE_CURVE ( 'NONE', #3575, #3504, #1489, .T. ) ;
#958 = VECTOR ( 'NONE', #1841, 1000.000000000000000 ) ;
#959 =( NAMED_UNIT ( * ) PLANE_ANGLE_UNIT ( ) SI_UNIT ( $, .RADIAN. ) );
#960 = EDGE_CURVE ( 'NONE', #1004, #3299, #2041, .T. ) ;
#961 = PLANE ( 'NONE',  #1641 ) ;
#962 = LINE ( 'NONE', #1269, #2369 ) ;
#963 = ADVANCED_BREP_SHAPE_REPRESENTATION ( '', ( #2614, #1260 ), #898 ) ;
#964 = PRESENTATION_STYLE_ASSIGNMENT (( #3073 ) ) ;
#965 = ORIENTED_EDGE ( 'NONE', *, *, #553, .F. ) ;
#966 = ORIENTED_EDGE ( 'NONE', *, *, #3676, .T. ) ;
#967 =( NAMED_UNIT ( * ) SI_UNIT ( $, .STERADIAN. ) SOLID_ANGLE_UNIT ( ) );
#968 = CIRCLE ( 'NONE', #2102, 1.949999999999999956 ) ;
#969 = VECTOR ( 'NONE', #3641, 1000.000000000000000 ) ;
#970 = PRESENTATION_LAYER_ASSIGNMENT (  '', '', ( #3729 ) ) ;
#971 = FILL_AREA_STYLE_COLOUR ( '', #71 ) ;
#972 = VERTEX_POINT ( 'NONE', #3242 ) ;
#973 = DIRECTION ( 'NONE',  ( -0.0000000000000000000, 0.0000000000000000000, -1.000000000000000000 ) ) ;
#974 = SURFACE_STYLE_FILL_AREA ( #2993 ) ;
#975 = COLOUR_RGB ( '',0.1960784313725490169, 0.1960784313725490169, 0.1960784313725490169 ) ;
#976 = ORIENTED_EDGE ( 'NONE', *, *, #1997, .T. ) ;
#977 = CARTESIAN_POINT ( 'NONE',  ( -0.5399999999999997025, 2.000000000000000000, 0.0000000000000000000 ) ) ;
#978 = ORIENTED_EDGE ( 'NONE', *, *, #3706, .T. ) ;
#979 = SURFACE_STYLE_USAGE ( .BOTH. , #3087 ) ;
#980 = ADVANCED_FACE ( 'NONE', ( #2 ), #1205, .T. ) ;
#981 = CARTESIAN_POINT ( 'NONE',  ( -5.080000000000000071, -4.070000000000000284, 6.700000000000000178 ) ) ;
#982 = FACE_OUTER_BOUND ( 'NONE', #632, .T. ) ;
#983 = DIRECTION ( 'NONE',  ( -0.0000000000000000000, 1.000000000000000000, 0.0000000000000000000 ) ) ;
#984 = ORIENTED_EDGE ( 'NONE', *, *, #3676, .F. ) ;
#985 = ORIENTED_EDGE ( 'NONE', *, *, #748, .T. ) ;
#986 = UNCERTAINTY_MEASURE_WITH_UNIT (LENGTH_MEASURE( 1.000000000000000082E-05 ), #735, 'distance_accuracy_value', 'NONE');
#987 = EDGE_LOOP ( 'NONE', ( #3275, #1891, #3804, #966 ) ) ;
#988 =( NAMED_UNIT ( * ) SI_UNIT ( $, .STERADIAN. ) SOLID_ANGLE_UNIT ( ) );
#989 = PLANE ( 'NONE',  #2526 ) ;
#990 = ORIENTED_EDGE ( 'NONE', *, *, #101, .F. ) ;
#991 = ORIENTED_EDGE ( 'NONE', *, *, #2694, .F. ) ;
#992 = CARTESIAN_POINT ( 'NONE',  ( 0.4000000000000000222, -4.070000000000000284, 1.149999999999999911 ) ) ;
#993 = LINE ( 'NONE', #1302, #756 ) ;
#994 = PRESENTATION_STYLE_ASSIGNMENT (( #103 ) ) ;
#995 = FACE_OUTER_BOUND ( 'NONE', #2453, .T. ) ;
#996 = SURFACE_STYLE_USAGE ( .BOTH. , #1290 ) ;
#997 = VERTEX_POINT ( 'NONE', #2945 ) ;
#998 = ORIENTED_EDGE ( 'NONE', *, *, #762, .T. ) ;
#999 = DIRECTION ( 'NONE',  ( 0.0000000000000000000, 0.0000000000000000000, 1.000000000000000000 ) ) ;
#1000 = CARTESIAN_POINT ( 'NONE',  ( -0.7900000000000000355, 0.0000000000000000000, 0.0000000000000000000 ) ) ;
#1001 = EDGE_CURVE ( 'NONE', #1491, #3057, #2960, .T. ) ;
#1002 = VERTEX_POINT ( 'NONE', #3001 ) ;
#1003 = CARTESIAN_POINT ( 'NONE',  ( 5.080000000000000071, 4.070000000000168150, 6.720000000000089457 ) ) ;
#1004 = VERTEX_POINT ( 'NONE', #2985 ) ;
#1005 = DIRECTION ( 'NONE',  ( 1.000000000000000000, 0.0000000000000000000, -0.0000000000000000000 ) ) ;
#1006 = SURFACE_STYLE_USAGE ( .BOTH. , #2241 ) ;
#1007 = AXIS2_PLACEMENT_3D ( 'NONE', #3703, #3478, #1919 ) ;
#1008 = UNCERTAINTY_MEASURE_WITH_UNIT (LENGTH_MEASURE( 1.000000000000000082E-05 ), #3856, 'distance_accuracy_value', 'NONE');
#1009 =( GEOMETRIC_REPRESENTATION_CONTEXT ( 3 ) GLOBAL_UNCERTAINTY_ASSIGNED_CONTEXT ( ( #2588 ) ) GLOBAL_UNIT_ASSIGNED_CONTEXT ( ( #2383, #611, #2142 ) ) REPRESENTATION_CONTEXT ( 'NONE', 'WORKASPACE' ) );
#1010 =( NAMED_UNIT ( * ) SI_UNIT ( $, .STERADIAN. ) SOLID_ANGLE_UNIT ( ) );
#1011 = FILL_AREA_STYLE_COLOUR ( '', #1789 ) ;
#1012 =( GEOMETRIC_REPRESENTATION_CONTEXT ( 3 ) GLOBAL_UNCERTAINTY_ASSIGNED_CONTEXT ( ( #2964 ) ) GLOBAL_UNIT_ASSIGNED_CONTEXT ( ( #1250, #3038, #3384 ) ) REPRESENTATION_CONTEXT ( 'NONE', 'WORKASPACE' ) );
#1013 = EDGE_CURVE ( 'NONE', #619, #2238, #2349, .T. ) ;
#1014 = LINE ( 'NONE', #2450, #958 ) ;
#1015 = EDGE_CURVE ( 'NONE', #3074, #2384, #954, .T. ) ;
#1016 = COLOUR_RGB ( '',0.4274509803921568429, 0.4705882352941176405, 0.5411764705882352589 ) ;
#1017 = DIRECTION ( 'NONE',  ( 0.0000000000000000000, 0.0000000000000000000, -1.000000000000000000 ) ) ;
#1018 = FILL_AREA_STYLE_COLOUR ( '', #2975 ) ;
#1019 = FACE_OUTER_BOUND ( 'NONE', #1484, .T. ) ;
#1020 = UNCERTAINTY_MEASURE_WITH_UNIT (LENGTH_MEASURE( 1.000000000000000082E-05 ), #2655, 'distance_accuracy_value', 'NONE');
#1021 =( NAMED_UNIT ( * ) PLANE_ANGLE_UNIT ( ) SI_UNIT ( $, .RADIAN. ) );
#1022 = COLOUR_RGB ( '',0.4274509803921568429, 0.4705882352941176405, 0.5411764705882352589 ) ;
#1023 = VERTEX_POINT ( 'NONE', #258 ) ;
#1024 = CARTESIAN_POINT ( 'NONE',  ( -4.254642819948112553, -0.3499999999999999778, 1.399999999999999911 ) ) ;
#1025 = AXIS2_PLACEMENT_3D ( 'NONE', #3369, #2198, #411 ) ;
#1026 = PRESENTATION_LAYER_ASSIGNMENT (  '', '', ( #282 ) ) ;
#1027 = VECTOR ( 'NONE', #536, 1000.000000000000000 ) ;
#1028 = PRESENTATION_STYLE_ASSIGNMENT (( #1916 ) ) ;
#1029 = MECHANICAL_DESIGN_GEOMETRIC_PRESENTATION_REPRESENTATION (  '', ( #1731 ), #92 ) ;
#1030 = AXIS2_PLACEMENT_3D ( 'NONE', #3132, #73, #442 ) ;
#1031 = PRESENTATION_LAYER_ASSIGNMENT (  '', '', ( #3305 ) ) ;
#1032 = VECTOR ( 'NONE', #1451, 1000.000000000000000 ) ;
#1033 = ORIENTED_EDGE ( 'NONE', *, *, #375, .F. ) ;
#1034 =( GEOMETRIC_REPRESENTATION_CONTEXT ( 3 ) GLOBAL_UNCERTAINTY_ASSIGNED_CONTEXT ( ( #3119 ) ) GLOBAL_UNIT_ASSIGNED_CONTEXT ( ( #3388, #1882, #3636 ) ) REPRESENTATION_CONTEXT ( 'NONE', 'WORKASPACE' ) );
#1035 = DIRECTION ( 'NONE',  ( -1.000000000000000000, 0.0000000000000000000, -0.0000000000000000000 ) ) ;
#1036 =( LENGTH_UNIT ( ) NAMED_UNIT ( * ) SI_UNIT ( .MILLI., .METRE. ) );
#1037 =( NAMED_UNIT ( * ) SI_UNIT ( $, .STERADIAN. ) SOLID_ANGLE_UNIT ( ) );
#1038 = STYLED_ITEM ( 'NONE', ( #1066 ), #2856 ) ;
#1039 = AXIS2_PLACEMENT_3D ( 'NONE', #2249, #737, #1307 ) ;
#1040 = PRODUCT ( 'Anschluss_links', 'Anschluss_links', '', ( #283 ) ) ;
#1041 = FILL_AREA_STYLE ('',( #2743 ) ) ;
#1042 = COLOUR_RGB ( '',0.4274509803921568429, 0.4705882352941176405, 0.5411764705882352589 ) ;
#1043 = STYLED_ITEM ( 'NONE', ( #3743 ), #38 ) ;
#1044 = EDGE_CURVE ( 'NONE', #2384, #3074, #2645, .T. ) ;
#1045 = UNCERTAINTY_MEASURE_WITH_UNIT (LENGTH_MEASURE( 1.000000000000000082E-05 ), #1589, 'distance_accuracy_value', 'NONE');
#1046 = FILL_AREA_STYLE_COLOUR ( '', #1588 ) ;
#1047 = ORIENTED_EDGE ( 'NONE', *, *, #1994, .F. ) ;
#1048 = CYLINDRICAL_SURFACE ( 'NONE', #3556, 1.949999999999999956 ) ;
#1049 = EDGE_CURVE ( 'NONE', #2428, #3624, #2626, .T. ) ;
#1050 = SURFACE_SIDE_STYLE ('',( #64 ) ) ;
#1051 = ORIENTED_EDGE ( 'NONE', *, *, #3828, .F. ) ;
#1052 = CARTESIAN_POINT ( 'NONE',  ( -2.115000000000000213, 0.0000000000000000000, 0.0000000000000000000 ) ) ;
#1053 = DIRECTION ( 'NONE',  ( -0.0000000000000000000, 0.0000000000000000000, -1.000000000000000000 ) ) ;
#1054 = SURFACE_STYLE_USAGE ( .BOTH. , #3751 ) ;
#1055 = FILL_AREA_STYLE_COLOUR ( '', #2846 ) ;
#1056 = ORIENTED_EDGE ( 'NONE', *, *, #2031, .F. ) ;
#1057 = EDGE_CURVE ( 'NONE', #2949, #318, #3324, .T. ) ;
#1058 = LINE ( 'NONE', #2608, #755 ) ;
#1059 = SURFACE_STYLE_FILL_AREA ( #2202 ) ;
#1060 = SURFACE_STYLE_FILL_AREA ( #1987 ) ;
#1061 = SURFACE_STYLE_USAGE ( .BOTH. , #2534 ) ;
#1062 = LINE ( 'NONE', #170, #30 ) ;
#1063 = PRODUCT_DEFINITION ( 'UNKNOWN', '', #2832, #1646 ) ;
#1064 = CARTESIAN_POINT ( 'NONE',  ( 5.080000000000000071, 3.370000000000000107, 0.0000000000000000000 ) ) ;
#1065 = ORIENTED_EDGE ( 'NONE', *, *, #3391, .F. ) ;
#1066 = PRESENTATION_STYLE_ASSIGNMENT (( #1696 ) ) ;
#1067 = DIRECTION ( 'NONE',  ( 0.0000000000000000000, 0.0000000000000000000, 1.000000000000000000 ) ) ;
#1068 = CARTESIAN_POINT ( 'NONE',  ( -2.540000000000000036, 2.000000000000000000, 1.999999999999999112 ) ) ;
#1069 = FACE_OUTER_BOUND ( 'NONE', #1595, .T. ) ;
#1070 = VERTEX_POINT ( 'NONE', #1195 ) ;
#1071 = CIRCLE ( 'NONE', #1257, 1.449999999999999956 ) ;
#1072 = LINE ( 'NONE', #2312, #899 ) ;
#1073 = EDGE_CURVE ( 'NONE', #2393, #1973, #1138, .T. ) ;
#1074 = DIRECTION ( 'NONE',  ( 0.0000000000000000000, 0.0000000000000000000, 1.000000000000000000 ) ) ;
#1075 = VECTOR ( 'NONE', #3523, 1000.000000000000000 ) ;
#1076 = EDGE_CURVE ( 'NONE', #127, #2126, #1388, .T. ) ;
#1077 =( GEOMETRIC_REPRESENTATION_CONTEXT ( 3 ) GLOBAL_UNCERTAINTY_ASSIGNED_CONTEXT ( ( #1415 ) ) GLOBAL_UNIT_ASSIGNED_CONTEXT ( ( #3077, #1021, #1593 ) ) REPRESENTATION_CONTEXT ( 'NONE', 'WORKASPACE' ) );
#1078 = PRESENTATION_STYLE_ASSIGNMENT (( #2627 ) ) ;
#1079 = STYLED_ITEM ( 'NONE', ( #438 ), #907 ) ;
#1080 = APPLICATION_PROTOCOL_DEFINITION ( 'draft international standard', 'automotive_design', 1998, #1692 ) ;
#1081 = FILL_AREA_STYLE ('',( #1395 ) ) ;
#1082 = ORIENTED_EDGE ( 'NONE', *, *, #2806, .F. ) ;
#1083 = STYLED_ITEM ( 'NONE', ( #2350 ), #1308 ) ;
#1084 = CARTESIAN_POINT ( 'NONE',  ( -2.540000000000000036, 0.0000000000000000000, 10.00000000000000000 ) ) ;
#1085 = SURFACE_SIDE_STYLE ('',( #2630 ) ) ;
#1086 = MECHANICAL_DESIGN_GEOMETRIC_PRESENTATION_REPRESENTATION (  '', ( #1268 ), #3352 ) ;
#1087 = DIRECTION ( 'NONE',  ( -0.0000000000000000000, 1.000000000000000000, -2.220446049250000002E-16 ) ) ;
#1088 = ORIENTED_EDGE ( 'NONE', *, *, #1893, .F. ) ;
#1089 = CARTESIAN_POINT ( 'NONE',  ( 4.700000000000000178, 2.429999999999999716, 6.700000000000000178 ) ) ;
#1090 =( LENGTH_UNIT ( ) NAMED_UNIT ( * ) SI_UNIT ( .MILLI., .METRE. ) );
#1091 = APPLICATION_CONTEXT ( 'automotive_design' ) ;
#1092 = VECTOR ( 'NONE', #3479, 1000.000000000000000 ) ;
#1093 = MECHANICAL_DESIGN_GEOMETRIC_PRESENTATION_REPRESENTATION (  '', ( #3425 ), #2661 ) ;
#1094 = SURFACE_STYLE_FILL_AREA ( #1666 ) ;
#1095 =( NAMED_UNIT ( * ) SI_UNIT ( $, .STERADIAN. ) SOLID_ANGLE_UNIT ( ) );
#1096 = PRESENTATION_STYLE_ASSIGNMENT (( #175 ) ) ;
#1097 = EDGE_LOOP ( 'NONE', ( #110, #3577, #3776, #1447, #587, #1601, #1241, #2132 ) ) ;
#1098 = MECHANICAL_DESIGN_GEOMETRIC_PRESENTATION_REPRESENTATION (  '', ( #1972 ), #911 ) ;
#1099 = EDGE_CURVE ( 'NONE', #1002, #148, #1819, .T. ) ;
#1100 =( LENGTH_UNIT ( ) NAMED_UNIT ( * ) SI_UNIT ( .MILLI., .METRE. ) );
#1101 = CARTESIAN_POINT ( 'NONE',  ( -2.540000000000000036, 0.0000000000000000000, 0.5999999999999999778 ) ) ;
#1102 = CARTESIAN_POINT ( 'NONE',  ( -4.540000000000000036, 2.000000000000000000, 0.0000000000000000000 ) ) ;
#1103 =( GEOMETRIC_REPRESENTATION_CONTEXT ( 3 ) GLOBAL_UNCERTAINTY_ASSIGNED_CONTEXT ( ( #2112 ) ) GLOBAL_UNIT_ASSIGNED_CONTEXT ( ( #742, #3469, #2866 ) ) REPRESENTATION_CONTEXT ( 'NONE', 'WORKASPACE' ) );
#1104 = DIRECTION ( 'NONE',  ( 1.000000000000000000, 0.0000000000000000000, 0.0000000000000000000 ) ) ;
#1105 = UNCERTAINTY_MEASURE_WITH_UNIT (LENGTH_MEASURE( 1.000000000000000082E-05 ), #3655, 'distance_accuracy_value', 'NONE');
#1106 = EDGE_CURVE ( 'NONE', #2384, #2474, #2054, .T. ) ;
#1107 = PLANE ( 'NONE',  #3090 ) ;
#1108 = ORIENTED_EDGE ( 'NONE', *, *, #2004, .T. ) ;
#1109 = FACE_BOUND ( 'NONE', #3758, .T. ) ;
#1110 = SURFACE_STYLE_FILL_AREA ( #792 ) ;
#1111 = CARTESIAN_POINT ( 'NONE',  ( -4.540000000000000036, -2.000000000000000000, 0.0000000000000000000 ) ) ;
#1112 = EDGE_LOOP ( 'NONE', ( #1436, #2568, #609, #56 ) ) ;
#1113 = LINE ( 'NONE', #2891, #1226 ) ;
#1114 =( NAMED_UNIT ( * ) PLANE_ANGLE_UNIT ( ) SI_UNIT ( $, .RADIAN. ) );
#1115 = EDGE_LOOP ( 'NONE', ( #91, #1650 ) ) ;
#1116 = CARTESIAN_POINT ( 'NONE',  ( 5.080000000000000071, 2.569999999999999840, 0.0000000000000000000 ) ) ;
#1117 = CARTESIAN_POINT ( 'NONE',  ( -0.8253571800518876289, 0.3499999999999999778, 0.5999999999999999778 ) ) ;
#1118 = FILL_AREA_STYLE ('',( #1737 ) ) ;
#1119 = SURFACE_STYLE_USAGE ( .BOTH. , #1210 ) ;
#1120 =( NAMED_UNIT ( * ) PLANE_ANGLE_UNIT ( ) SI_UNIT ( $, .RADIAN. ) );
#1121 = SURFACE_SIDE_STYLE ('',( #1742 ) ) ;
#1122 = ORIENTED_EDGE ( 'NONE', *, *, #2615, .T. ) ;
#1123 = CARTESIAN_POINT ( 'NONE',  ( 0.4000000000000001887, -4.070000000000000284, 1.149999999999999911 ) ) ;
#1124 = PLANE ( 'NONE',  #3489 ) ;
#1125 = EDGE_CURVE ( 'NONE', #1294, #3663, #1165, .T. ) ;
#1126 =( NAMED_UNIT ( * ) PLANE_ANGLE_UNIT ( ) SI_UNIT ( $, .RADIAN. ) );
#1127 = EDGE_LOOP ( 'NONE', ( #440, #1299, #2629, #3651, #3008, #942 ) ) ;
#1128 = DIRECTION ( 'NONE',  ( 1.000000000000000000, 0.0000000000000000000, -0.0000000000000000000 ) ) ;
#1129 = SURFACE_STYLE_FILL_AREA ( #2619 ) ;
#1130 = ADVANCED_FACE ( 'NONE', ( #2110 ), #551, .F. ) ;
#1131 = CARTESIAN_POINT ( 'NONE',  ( -3.240000000000000657, -4.070000000000000284, 1.149999999999999911 ) ) ;
#1132 = FILL_AREA_STYLE ('',( #2621 ) ) ;
#1133 = EDGE_LOOP ( 'NONE', ( #2311, #3103, #3408, #2356 ) ) ;
#1134 = CARTESIAN_POINT ( 'NONE',  ( -4.254642819948112553, 0.3499999999999999778, 0.5999999999999999778 ) ) ;
#1135 = CARTESIAN_POINT ( 'NONE',  ( -2.540000000000000036, 0.0000000000000000000, 0.0000000000000000000 ) ) ;
#1136 = SURFACE_SIDE_STYLE ('',( #3583 ) ) ;
#1137 = ADVANCED_FACE ( 'NONE', ( #3632 ), $, .T. ) ;
#1138 = LINE ( 'NONE', #1793, #2023 ) ;
#1139 = SURFACE_STYLE_FILL_AREA ( #1511 ) ;
#1140 = STYLED_ITEM ( 'NONE', ( #2082 ), #3601 ) ;
#1141 = VECTOR ( 'NONE', #714, 1000.000000000000000 ) ;
#1142 = PRODUCT_CONTEXT ( 'NONE', #1692, 'mechanical' ) ;
#1143 = CYLINDRICAL_SURFACE ( 'NONE', #3160, 1.449999999999999956 ) ;
#1144 = ORIENTED_EDGE ( 'NONE', *, *, #2495, .F. ) ;
#1145 = PRESENTATION_LAYER_ASSIGNMENT (  '', '', ( #2519 ) ) ;
#1146 =( NAMED_UNIT ( * ) PLANE_ANGLE_UNIT ( ) SI_UNIT ( $, .RADIAN. ) );
#1147 = VECTOR ( 'NONE', #2085, 1000.000000000000000 ) ;
#1148 = PRESENTATION_STYLE_ASSIGNMENT (( #2296 ) ) ;
#1149 = ITEM_DEFINED_TRANSFORMATION ( 'NONE', 'NONE', #3149,  #1260 ) ;
#1150 = SURFACE_STYLE_USAGE ( .BOTH. , #3831 ) ;
#1151 = COLOUR_RGB ( '',0.1960784313725490169, 0.1960784313725490169, 0.1960784313725490169 ) ;
#1152 = ORIENTED_EDGE ( 'NONE', *, *, #3200, .T. ) ;
#1153 = DIRECTION ( 'NONE',  ( 1.000000000000000000, 0.0000000000000000000, 0.0000000000000000000 ) ) ;
#1154 = LINE ( 'NONE', #2368, #1839 ) ;
#1155 = SURFACE_STYLE_USAGE ( .BOTH. , #1379 ) ;
#1156 = COLOUR_RGB ( '',0.4000000000000000222, 0.4000000000000000222, 0.4000000000000000222 ) ;
#1157 = ORIENTED_EDGE ( 'NONE', *, *, #2875, .T. ) ;
#1158 = LINE ( 'NONE', #2959, #2889 ) ;
#1159 =( GEOMETRIC_REPRESENTATION_CONTEXT ( 3 ) GLOBAL_UNCERTAINTY_ASSIGNED_CONTEXT ( ( #3373 ) ) GLOBAL_UNIT_ASSIGNED_CONTEXT ( ( #458, #834, #746 ) ) REPRESENTATION_CONTEXT ( 'NONE', 'WORKASPACE' ) );
#1160 = AXIS2_PLACEMENT_3D ( 'NONE', #3226, #2929, #243 ) ;
#1161 = VECTOR ( 'NONE', #1938, 1000.000000000000000 ) ;
#1162 = DIRECTION ( 'NONE',  ( 1.000000000000000000, 0.0000000000000000000, -0.0000000000000000000 ) ) ;
#1163 =( NAMED_UNIT ( * ) PLANE_ANGLE_UNIT ( ) SI_UNIT ( $, .RADIAN. ) );
#1164 =( GEOMETRIC_REPRESENTATION_CONTEXT ( 3 ) GLOBAL_UNCERTAINTY_ASSIGNED_CONTEXT ( ( #1045 ) ) GLOBAL_UNIT_ASSIGNED_CONTEXT ( ( #1589, #3329, #1225 ) ) REPRESENTATION_CONTEXT ( 'NONE', 'WORKASPACE' ) );
#1165 = LINE ( 'NONE', #3249, #2895 ) ;
#1166 = UNCERTAINTY_MEASURE_WITH_UNIT (LENGTH_MEASURE( 1.000000000000000082E-05 ), #2199, 'distance_accuracy_value', 'NONE');
#1167 = DIRECTION ( 'NONE',  ( 1.000000000000000000, 0.0000000000000000000, 0.0000000000000000000 ) ) ;
#1168 = SURFACE_STYLE_USAGE ( .BOTH. , #3230 ) ;
#1169 = ORIENTED_EDGE ( 'NONE', *, *, #3045, .T. ) ;
#1170 = LINE ( 'NONE', #1123, #2044 ) ;
#1171 = APPLICATION_CONTEXT ( 'automotive_design' ) ;
#1172 = VERTEX_POINT ( 'NONE', #1582 ) ;
#1173 = FACE_OUTER_BOUND ( 'NONE', #618, .T. ) ;
#1174 = SHAPE_REPRESENTATION ( 'Geh\X2\03a3\X0\use_komplett', ( #1260 ), #2962 ) ;
#1175 = SURFACE_STYLE_FILL_AREA ( #2604 ) ;
#1176 = AXIS2_PLACEMENT_3D ( 'NONE', #2893, #3807, #2303 ) ;
#1177 = LINE ( 'NONE', #2388, #2420 ) ;
#1178 = LINE ( 'NONE', #1528, #2515 ) ;
#1179 = FACE_OUTER_BOUND ( 'NONE', #3378, .T. ) ;
#1180 = EDGE_CURVE ( 'NONE', #2514, #1542, #53, .T. ) ;
#1181 = EDGE_CURVE ( 'NONE', #1863, #18, #678, .T. ) ;
#1182 = ORIENTED_EDGE ( 'NONE', *, *, #2571, .T. ) ;
#1183 = DIRECTION ( 'NONE',  ( 0.0000000000000000000, -1.000000000000000000, 3.200642953874000098E-16 ) ) ;
#1184 =( NAMED_UNIT ( * ) SI_UNIT ( $, .STERADIAN. ) SOLID_ANGLE_UNIT ( ) );
#1185 = ORIENTED_EDGE ( 'NONE', *, *, #1467, .F. ) ;
#1186 =( NAMED_UNIT ( * ) SI_UNIT ( $, .STERADIAN. ) SOLID_ANGLE_UNIT ( ) );
#1187 = CARTESIAN_POINT ( 'NONE',  ( -5.080000000000000071, 4.070000000000000284, 0.0000000000000000000 ) ) ;
#1188 = DIRECTION ( 'NONE',  ( -0.0000000000000000000, -1.000000000000000000, -0.0000000000000000000 ) ) ;
#1189 = EDGE_CURVE ( 'NONE', #58, #2441, #1014, .T. ) ;
#1190 = DIRECTION ( 'NONE',  ( 1.000000000000000000, 0.0000000000000000000, 0.0000000000000000000 ) ) ;
#1191 =( NAMED_UNIT ( * ) SI_UNIT ( $, .STERADIAN. ) SOLID_ANGLE_UNIT ( ) );
#1192 = CARTESIAN_POINT ( 'NONE',  ( -2.115000000000000213, 0.0000000000000000000, -4.599999999999999645 ) ) ;
#1193 = DIRECTION ( 'NONE',  ( -0.0000000000000000000, -0.0000000000000000000, -1.000000000000000000 ) ) ;
#1194 = SURFACE_STYLE_USAGE ( .BOTH. , #2402 ) ;
#1195 = CARTESIAN_POINT ( 'NONE',  ( 3.240000000000000213, 0.7299999999999997602, 1.149999999999999467 ) ) ;
#1196 = DIRECTION ( 'NONE',  ( 1.000000000000000000, 0.0000000000000000000, 0.0000000000000000000 ) ) ;
#1197 = EDGE_CURVE ( 'NONE', #267, #2187, #1288, .T. ) ;
#1198 = UNCERTAINTY_MEASURE_WITH_UNIT (LENGTH_MEASURE( 1.000000000000000082E-05 ), #1953, 'distance_accuracy_value', 'NONE');
#1199 = ORIENTED_EDGE ( 'NONE', *, *, #1619, .T. ) ;
#1200 = ADVANCED_FACE ( 'NONE', ( #995 ), #961, .T. ) ;
#1201 = COLOUR_RGB ( '',0.1960784313725490169, 0.1960784313725490169, 0.1960784313725490169 ) ;
#1202 = ORIENTED_EDGE ( 'NONE', *, *, #2871, .T. ) ;
#1203 = VECTOR ( 'NONE', #2920, 1000.000000000000000 ) ;
#1204 =( NAMED_UNIT ( * ) SI_UNIT ( $, .STERADIAN. ) SOLID_ANGLE_UNIT ( ) );
#1205 = PLANE ( 'NONE',  #761 ) ;
#1206 = FILL_AREA_STYLE_COLOUR ( '', #2723 ) ;
#1207 = VECTOR ( 'NONE', #3691, 1000.000000000000000 ) ;
#1208 = DIRECTION ( 'NONE',  ( 0.0000000000000000000, -1.000000000000000000, 2.220446049250000002E-16 ) ) ;
#1209 = MECHANICAL_DESIGN_GEOMETRIC_PRESENTATION_REPRESENTATION (  '', ( #835 ), #3480 ) ;
#1210 = SURFACE_SIDE_STYLE ('',( #2585 ) ) ;
#1211 = SURFACE_STYLE_FILL_AREA ( #1508 ) ;
#1212 = COLOUR_RGB ( '',0.4000000000000000222, 0.4000000000000000222, 0.4000000000000000222 ) ;
#1213 = AXIS2_PLACEMENT_3D ( 'NONE', #1861, #3386, #54 ) ;
#1214 = LINE ( 'NONE', #3321, #1256 ) ;
#1215 = VECTOR ( 'NONE', #2341, 1000.000000000000000 ) ;
#1216 = ADVANCED_FACE ( 'NONE', ( #2836 ), #177, .T. ) ;
#1217 = CIRCLE ( 'NONE', #2908, 1.449999999999999956 ) ;
#1218 =( GEOMETRIC_REPRESENTATION_CONTEXT ( 3 ) GLOBAL_UNCERTAINTY_ASSIGNED_CONTEXT ( ( #1008 ) ) GLOBAL_UNIT_ASSIGNED_CONTEXT ( ( #3856, #570, #3576 ) ) REPRESENTATION_CONTEXT ( 'NONE', 'WORKASPACE' ) );
#1219 = DIRECTION ( 'NONE',  ( 0.0000000000000000000, 0.4707278422086826897, 0.8822784699682734155 ) ) ;
#1220 = STYLED_ITEM ( 'NONE', ( #2820 ), #3316 ) ;
#1221 = AXIS2_PLACEMENT_3D ( 'NONE', #736, #2528, #164 ) ;
#1222 = UNCERTAINTY_MEASURE_WITH_UNIT (LENGTH_MEASURE( 1.000000000000000082E-05 ), #3036, 'distance_accuracy_value', 'NONE');
#1223 = DIRECTION ( 'NONE',  ( 0.0000000000000000000, -1.000000000000000000, -0.0000000000000000000 ) ) ;
#1224 = ORIENTED_EDGE ( 'NONE', *, *, #3192, .T. ) ;
#1225 =( NAMED_UNIT ( * ) SI_UNIT ( $, .STERADIAN. ) SOLID_ANGLE_UNIT ( ) );
#1226 = VECTOR ( 'NONE', #1946, 1000.000000000000000 ) ;
#1227 =( NAMED_UNIT ( * ) SI_UNIT ( $, .STERADIAN. ) SOLID_ANGLE_UNIT ( ) );
#1228 = ORIENTED_EDGE ( 'NONE', *, *, #394, .F. ) ;
#1229 = STYLED_ITEM ( 'NONE', ( #2333 ), #2334 ) ;
#1230 = CARTESIAN_POINT ( 'NONE',  ( 3.240000000000000657, -4.070000000000000284, -5.421010862427522170E-16 ) ) ;
#1231 =( LENGTH_UNIT ( ) NAMED_UNIT ( * ) SI_UNIT ( .MILLI., .METRE. ) );
#1232 = ADVANCED_FACE ( 'NONE', ( #2246, #3811 ), #2283, .F. ) ;
#1233 =( LENGTH_UNIT ( ) NAMED_UNIT ( * ) SI_UNIT ( .MILLI., .METRE. ) );
#1234 = ORIENTED_EDGE ( 'NONE', *, *, #2440, .F. ) ;
#1235 = SURFACE_STYLE_FILL_AREA ( #8 ) ;
#1236 = DIRECTION ( 'NONE',  ( 0.0000000000000000000, 0.0000000000000000000, 1.000000000000000000 ) ) ;
#1237 =( NAMED_UNIT ( * ) SI_UNIT ( $, .STERADIAN. ) SOLID_ANGLE_UNIT ( ) );
#1238 = SURFACE_SIDE_STYLE ('',( #40 ) ) ;
#1239 = CARTESIAN_POINT ( 'NONE',  ( -5.080000000000000071, 4.070000000000000284, 6.700000000000000178 ) ) ;
#1240 = ORIENTED_EDGE ( 'NONE', *, *, #3272, .F. ) ;
#1241 = ORIENTED_EDGE ( 'NONE', *, *, #1870, .T. ) ;
#1242 = ORIENTED_EDGE ( 'NONE', *, *, #1893, .T. ) ;
#1243 =( NAMED_UNIT ( * ) PLANE_ANGLE_UNIT ( ) SI_UNIT ( $, .RADIAN. ) );
#1244 = EDGE_CURVE ( 'NONE', #3018, #1833, #3842, .T. ) ;
#1245 = ORIENTED_EDGE ( 'NONE', *, *, #2890, .T. ) ;
#1246 = VERTEX_POINT ( 'NONE', #1982 ) ;
#1247 = DIRECTION ( 'NONE',  ( 0.0000000000000000000, 0.0000000000000000000, 1.000000000000000000 ) ) ;
#1248 = CARTESIAN_POINT ( 'NONE',  ( -1.840000000000000080, 0.7299999999999998712, -8.131516293641283255E-16 ) ) ;
#1249 = DIRECTION ( 'NONE',  ( 0.0000000000000000000, -0.0000000000000000000, -1.000000000000000000 ) ) ;
#1250 =( LENGTH_UNIT ( ) NAMED_UNIT ( * ) SI_UNIT ( .MILLI., .METRE. ) );
#1251 = ORIENTED_EDGE ( 'NONE', *, *, #1749, .F. ) ;
#1252 = ORIENTED_EDGE ( 'NONE', *, *, #3706, .F. ) ;
#1253 = UNCERTAINTY_MEASURE_WITH_UNIT (LENGTH_MEASURE( 1.000000000000000082E-05 ), #1464, 'distance_accuracy_value', 'NONE');
#1254 = ORIENTED_EDGE ( 'NONE', *, *, #553, .T. ) ;
#1255 =( NAMED_UNIT ( * ) PLANE_ANGLE_UNIT ( ) SI_UNIT ( $, .RADIAN. ) );
#1256 = VECTOR ( 'NONE', #615, 1000.000000000000000 ) ;
#1257 = AXIS2_PLACEMENT_3D ( 'NONE', #3600, #903, #3844 ) ;
#1258 = ORIENTED_EDGE ( 'NONE', *, *, #1994, .T. ) ;
#1259 =( NAMED_UNIT ( * ) PLANE_ANGLE_UNIT ( ) SI_UNIT ( $, .RADIAN. ) );
#1260 = AXIS2_PLACEMENT_3D ( 'NONE', #1694, #2033, #206 ) ;
#1261 = EDGE_LOOP ( 'NONE', ( #549, #1033 ) ) ;
#1262 = PLANE ( 'NONE',  #1279 ) ;
#1263 = VECTOR ( 'NONE', #3848, 1000.000000000000000 ) ;
#1264 = CARTESIAN_POINT ( 'NONE',  ( 5.080000000000000071, 3.370000000000000107, 0.0000000000000000000 ) ) ;
#1265 = FILL_AREA_STYLE ('',( #102 ) ) ;
#1266 = DIRECTION ( 'NONE',  ( 0.0000000000000000000, -1.000000000000000000, 2.220446049250000002E-16 ) ) ;
#1267 =( NAMED_UNIT ( * ) SI_UNIT ( $, .STERADIAN. ) SOLID_ANGLE_UNIT ( ) );
#1268 = STYLED_ITEM ( 'NONE', ( #1876 ), #1327 ) ;
#1269 = CARTESIAN_POINT ( 'NONE',  ( 3.240000000000000213, -4.070000000000000284, 0.0000000000000000000 ) ) ;
#1270 = DIRECTION ( 'NONE',  ( 0.0000000000000000000, -0.0000000000000000000, -1.000000000000000000 ) ) ;
#1271 = ORIENTED_EDGE ( 'NONE', *, *, #1125, .T. ) ;
#1272 = ORIENTED_EDGE ( 'NONE', *, *, #931, .F. ) ;
#1273 = MECHANICAL_DESIGN_GEOMETRIC_PRESENTATION_REPRESENTATION (  '', ( #1652 ), #2158 ) ;
#1274 = AXIS2_PLACEMENT_3D ( 'NONE', #2796, #999, #2206 ) ;
#1275 = SURFACE_STYLE_USAGE ( .BOTH. , #1865 ) ;
#1276 = VERTEX_POINT ( 'NONE', #3158 ) ;
#1277 = AXIS2_PLACEMENT_3D ( 'NONE', #3863, #323, #1190 ) ;
#1278 = VECTOR ( 'NONE', #2593, 1000.000000000000000 ) ;
#1279 = AXIS2_PLACEMENT_3D ( 'NONE', #992, #1005, #953 ) ;
#1280 = ORIENTED_EDGE ( 'NONE', *, *, #893, .T. ) ;
#1281 = CARTESIAN_POINT ( 'NONE',  ( -4.700000000000000178, 2.429999999999999716, 6.700000000000000178 ) ) ;
#1282 = ORIENTED_EDGE ( 'NONE', *, *, #1467, .T. ) ;
#1283 = SURFACE_SIDE_STYLE ('',( #713 ) ) ;
#1284 = FACE_BOUND ( 'NONE', #2261, .T. ) ;
#1285 = UNCERTAINTY_MEASURE_WITH_UNIT (LENGTH_MEASURE( 1.000000000000000082E-05 ), #1295, 'distance_accuracy_value', 'NONE');
#1286 = CARTESIAN_POINT ( 'NONE',  ( -2.540000000000000036, 0.0000000000000000000, -4.599999999999999645 ) ) ;
#1287 = FACE_OUTER_BOUND ( 'NONE', #2319, .T. ) ;
#1288 = LINE ( 'NONE', #2491, #1207 ) ;
#1289 =( LENGTH_UNIT ( ) NAMED_UNIT ( * ) SI_UNIT ( .MILLI., .METRE. ) );
#1290 = SURFACE_SIDE_STYLE ('',( #1905 ) ) ;
#1291 = ORIENTED_EDGE ( 'NONE', *, *, #3877, .T. ) ;
#1292 = EDGE_CURVE ( 'NONE', #377, #454, #1072, .T. ) ;
#1293 = EDGE_CURVE ( 'NONE', #18, #25, #218, .T. ) ;
#1294 = VERTEX_POINT ( 'NONE', #3522 ) ;
#1295 =( LENGTH_UNIT ( ) NAMED_UNIT ( * ) SI_UNIT ( .MILLI., .METRE. ) );
#1296 =( LENGTH_UNIT ( ) NAMED_UNIT ( * ) SI_UNIT ( .MILLI., .METRE. ) );
#1297 = EDGE_CURVE ( 'NONE', #305, #3336, #2963, .T. ) ;
#1298 = ORIENTED_EDGE ( 'NONE', *, *, #1001, .T. ) ;
#1299 = ORIENTED_EDGE ( 'NONE', *, *, #638, .T. ) ;
#1300 = CARTESIAN_POINT ( 'NONE',  ( -4.540000000000000036, -2.000000000000000000, 0.0000000000000000000 ) ) ;
#1301 = EDGE_CURVE ( 'NONE', #597, #2775, #2646, .T. ) ;
#1302 = CARTESIAN_POINT ( 'NONE',  ( -5.080000000000000071, -4.070000000000000284, 0.0000000000000000000 ) ) ;
#1303 = MANIFOLD_SOLID_BREP ( 'Imported1', #2308 ) ;
#1304 = DIRECTION ( 'NONE',  ( -0.0000000000000000000, -1.000000000000000000, 0.0000000000000000000 ) ) ;
#1305 = FILL_AREA_STYLE_COLOUR ( '', #3034 ) ;
#1306 = CARTESIAN_POINT ( 'NONE',  ( -4.540000000000000036, -2.000000000000000000, 0.0000000000000000000 ) ) ;
#1307 = DIRECTION ( 'NONE',  ( 1.000000000000000000, 0.0000000000000000000, 0.0000000000000000000 ) ) ;
#1308 = MANIFOLD_SOLID_BREP ( 'Imported1', #1346 ) ;
#1309 = ADVANCED_FACE ( 'NONE', ( #1179 ), #883, .F. ) ;
#1310 = LINE ( 'NONE', #2551, #3432 ) ;
#1311 = LINE ( 'NONE', #432, #1278 ) ;
#1312 = DIRECTION ( 'NONE',  ( 0.0000000000000000000, -1.000000000000000000, 2.220446049250000002E-16 ) ) ;
#1313 = VERTEX_POINT ( 'NONE', #3671 ) ;
#1314 = CARTESIAN_POINT ( 'NONE',  ( 1.840000000000000080, 0.7299999999999997602, 1.149999999999999467 ) ) ;
#1315 = SURFACE_STYLE_USAGE ( .BOTH. , #656 ) ;
#1316 = FILL_AREA_STYLE_COLOUR ( '', #3833 ) ;
#1317 = STYLED_ITEM ( 'NONE', ( #1752 ), #685 ) ;
#1318 = UNCERTAINTY_MEASURE_WITH_UNIT (LENGTH_MEASURE( 1.000000000000000082E-05 ), #402, 'distance_accuracy_value', 'NONE');
#1319 = FILL_AREA_STYLE ('',( #1901 ) ) ;
#1320 = PRESENTATION_STYLE_ASSIGNMENT (( #366 ) ) ;
#1321 = AXIS2_PLACEMENT_3D ( 'NONE', #560, #2016, #1784 ) ;
#1322 = SURFACE_STYLE_USAGE ( .BOTH. , #3734 ) ;
#1323 = EDGE_CURVE ( 'NONE', #544, #1833, #3310, .T. ) ;
#1324 = AXIS2_PLACEMENT_3D ( 'NONE', #341, #3374, #1454 ) ;
#1325 =( GEOMETRIC_REPRESENTATION_CONTEXT ( 3 ) GLOBAL_UNCERTAINTY_ASSIGNED_CONTEXT ( ( #3127 ) ) GLOBAL_UNIT_ASSIGNED_CONTEXT ( ( #1709, #1790, #2609 ) ) REPRESENTATION_CONTEXT ( 'NONE', 'WORKASPACE' ) );
#1326 = CARTESIAN_POINT ( 'NONE',  ( -2.540000000000000036, 2.000000000000000000, 1.999999999999999112 ) ) ;
#1327 = ADVANCED_FACE ( 'NONE', ( #676 ), #68, .T. ) ;
#1328 = DIRECTION ( 'NONE',  ( 0.0000000000000000000, -0.0000000000000000000, -1.000000000000000000 ) ) ;
#1329 = FILL_AREA_STYLE ('',( #125 ) ) ;
#1330 = PRESENTATION_LAYER_ASSIGNMENT (  '', '', ( #3414 ) ) ;
#1331 = MECHANICAL_DESIGN_GEOMETRIC_PRESENTATION_REPRESENTATION (  '', ( #3610 ), #3486 ) ;
#1332 = DIRECTION ( 'NONE',  ( -0.0000000000000000000, -0.0000000000000000000, -1.000000000000000000 ) ) ;
#1333 = ORIENTED_EDGE ( 'NONE', *, *, #1057, .T. ) ;
#1334 = LINE ( 'NONE', #202, #2600 ) ;
#1335 = VECTOR ( 'NONE', #2605, 1000.000000000000000 ) ;
#1336 = CIRCLE ( 'NONE', #2104, 0.4250000000000000444 ) ;
#1337 = FACE_OUTER_BOUND ( 'NONE', #2672, .T. ) ;
#1338 = PRESENTATION_LAYER_ASSIGNMENT (  '', '', ( #1592 ) ) ;
#1339 = STYLED_ITEM ( 'NONE', ( #2648 ), #514 ) ;
#1340 = ORIENTED_EDGE ( 'NONE', *, *, #3017, .F. ) ;
#1341 = PRESENTATION_LAYER_ASSIGNMENT (  '', '', ( #230 ) ) ;
#1342 = FACE_OUTER_BOUND ( 'NONE', #1553, .T. ) ;
#1343 = ADVANCED_FACE ( 'NONE', ( #353 ), #3382, .T. ) ;
#1344 = PLANE ( 'NONE',  #2827 ) ;
#1345 = AXIS2_PLACEMENT_3D ( 'NONE', #1924, #3118, #36 ) ;
#1346 = CLOSED_SHELL ( 'NONE', ( #1887, #788, #3525, #1649, #354, #3298, #1343, #1800, #2563, #3802, #207, #2071, #203, #1538, #2737, #2979, #2468, #2342, #1420, #840, #321, #1130, #1493, #3601, #1753, #1490, #367, #1594, #2069, #2007, #2334, #922, #685, #360, #1309, #144 ) ) ;
#1347 = SURFACE_STYLE_FILL_AREA ( #1132 ) ;
#1348 = ORIENTED_EDGE ( 'NONE', *, *, #1106, .T. ) ;
#1349 = SURFACE_STYLE_FILL_AREA ( #3444 ) ;
#1350 =( LENGTH_UNIT ( ) NAMED_UNIT ( * ) SI_UNIT ( .MILLI., .METRE. ) );
#1351 = DIRECTION ( 'NONE',  ( 1.000000000000000000, 0.0000000000000000000, 0.0000000000000000000 ) ) ;
#1352 = DIRECTION ( 'NONE',  ( -0.0000000000000000000, -0.0000000000000000000, -1.000000000000000000 ) ) ;
#1353 = UNCERTAINTY_MEASURE_WITH_UNIT (LENGTH_MEASURE( 1.000000000000000082E-05 ), #1671, 'distance_accuracy_value', 'NONE');
#1354 = CARTESIAN_POINT ( 'NONE',  ( -3.240000000000000657, -4.070000000000000284, 0.0000000000000000000 ) ) ;
#1355 = VERTEX_POINT ( 'NONE', #3000 ) ;
#1356 = CARTESIAN_POINT ( 'NONE',  ( 0.4000000000000001887, -4.070000000000000284, 6.700000000000000178 ) ) ;
#1357 =( NAMED_UNIT ( * ) PLANE_ANGLE_UNIT ( ) SI_UNIT ( $, .RADIAN. ) );
#1358 = ORIENTED_EDGE ( 'NONE', *, *, #1653, .T. ) ;
#1359 = SURFACE_STYLE_USAGE ( .BOTH. , #2601 ) ;
#1360 = PLANE ( 'NONE',  #704 ) ;
#1361 = EDGE_CURVE ( 'NONE', #3336, #950, #1962, .T. ) ;
#1362 = LINE ( 'NONE', #2273, #654 ) ;
#1363 = DIRECTION ( 'NONE',  ( 0.0000000000000000000, -1.000000000000000000, 2.220446049250000002E-16 ) ) ;
#1364 = ADVANCED_FACE ( 'NONE', ( #2449, #3645 ), #12, .T. ) ;
#1365 = DIRECTION ( 'NONE',  ( 1.000000000000000000, 0.0000000000000000000, -0.0000000000000000000 ) ) ;
#1366 = DIRECTION ( 'NONE',  ( 0.0000000000000000000, 2.220446049250000002E-16, 1.000000000000000000 ) ) ;
#1367 = ORIENTED_EDGE ( 'NONE', *, *, #2293, .F. ) ;
#1368 =( NAMED_UNIT ( * ) PLANE_ANGLE_UNIT ( ) SI_UNIT ( $, .RADIAN. ) );
#1369 = LINE ( 'NONE', #3505, #158 ) ;
#1370 = DIRECTION ( 'NONE',  ( -1.000000000000000000, 0.0000000000000000000, 0.0000000000000000000 ) ) ;
#1371 = LINE ( 'NONE', #1939, #3669 ) ;
#1372 = SURFACE_STYLE_USAGE ( .BOTH. , #3774 ) ;
#1373 = ORIENTED_EDGE ( 'NONE', *, *, #1997, .F. ) ;
#1374 = CARTESIAN_POINT ( 'NONE',  ( -5.080000000000000071, 2.319999999999999840, 10.00000000000000000 ) ) ;
#1375 = ORIENTED_EDGE ( 'NONE', *, *, #3518, .T. ) ;
#1376 = EDGE_CURVE ( 'NONE', #2798, #1004, #1921, .T. ) ;
#1377 = DIRECTION ( 'NONE',  ( 0.0000000000000000000, -2.990902544787598592E-16, -1.000000000000000000 ) ) ;
#1378 = FILL_AREA_STYLE_COLOUR ( '', #2539 ) ;
#1379 = SURFACE_SIDE_STYLE ('',( #2386 ) ) ;
#1380 = LINE ( 'NONE', #777, #3162 ) ;
#1381 = DIRECTION ( 'NONE',  ( 0.0000000000000000000, 0.0000000000000000000, 1.000000000000000000 ) ) ;
#1382 = STYLED_ITEM ( 'NONE', ( #3207 ), #3525 ) ;
#1383 = EDGE_LOOP ( 'NONE', ( #3433, #2812, #1202, #1617 ) ) ;
#1384 = MECHANICAL_DESIGN_GEOMETRIC_PRESENTATION_REPRESENTATION (  '', ( #1317 ), #949 ) ;
#1385 = SURFACE_STYLE_FILL_AREA ( #3483 ) ;
#1386 = EDGE_CURVE ( 'NONE', #1956, #318, #3720, .T. ) ;
#1387 = STYLED_ITEM ( 'NONE', ( #2807 ), #963 ) ;
#1388 = CIRCLE ( 'NONE', #2829, 1.449999999999999956 ) ;
#1389 = LINE ( 'NONE', #3429, #913 ) ;
#1390 = CYLINDRICAL_SURFACE ( 'NONE', #1475, 1.750000000000000222 ) ;
#1391 = PRESENTATION_LAYER_ASSIGNMENT (  '', '', ( #1580 ) ) ;
#1392 = UNCERTAINTY_MEASURE_WITH_UNIT (LENGTH_MEASURE( 1.000000000000000082E-05 ), #2892, 'distance_accuracy_value', 'NONE');
#1393 = DIRECTION ( 'NONE',  ( 1.000000000000000000, 0.0000000000000000000, 0.0000000000000000000 ) ) ;
#1394 = MECHANICAL_DESIGN_GEOMETRIC_PRESENTATION_REPRESENTATION (  '', ( #1894 ), #2352 ) ;
#1395 = FILL_AREA_STYLE_COLOUR ( '', #2416 ) ;
#1396 = ORIENTED_EDGE ( 'NONE', *, *, #535, .T. ) ;
#1397 = DIRECTION ( 'NONE',  ( -1.000000000000000000, -0.0000000000000000000, 0.0000000000000000000 ) ) ;
#1398 = DIRECTION ( 'NONE',  ( 0.0000000000000000000, -1.000000000000000000, 0.0000000000000000000 ) ) ;
#1399 = DIRECTION ( 'NONE',  ( 1.000000000000000000, 0.0000000000000000000, 0.0000000000000000000 ) ) ;
#1400 = ORIENTED_EDGE ( 'NONE', *, *, #1297, .F. ) ;
#1401 =( GEOMETRIC_REPRESENTATION_CONTEXT ( 3 ) GLOBAL_UNCERTAINTY_ASSIGNED_CONTEXT ( ( #3003 ) ) GLOBAL_UNIT_ASSIGNED_CONTEXT ( ( #59, #2096, #1204 ) ) REPRESENTATION_CONTEXT ( 'NONE', 'WORKASPACE' ) );
#1402 = VECTOR ( 'NONE', #3120, 1000.000000000000000 ) ;
#1403 = DIRECTION ( 'NONE',  ( 1.000000000000000000, 0.0000000000000000000, -0.0000000000000000000 ) ) ;
#1404 = SURFACE_STYLE_FILL_AREA ( #3593 ) ;
#1405 =( GEOMETRIC_REPRESENTATION_CONTEXT ( 3 ) GLOBAL_UNCERTAINTY_ASSIGNED_CONTEXT ( ( #786 ) ) GLOBAL_UNIT_ASSIGNED_CONTEXT ( ( #3437, #572, #1186 ) ) REPRESENTATION_CONTEXT ( 'NONE', 'WORKASPACE' ) );
#1406 = STYLED_ITEM ( 'NONE', ( #1507 ), #2686 ) ;
#1407 = COLOUR_RGB ( '',0.1960784313725490169, 0.1960784313725490169, 0.1960784313725490169 ) ;
#1408 =( GEOMETRIC_REPRESENTATION_CONTEXT ( 3 ) GLOBAL_UNCERTAINTY_ASSIGNED_CONTEXT ( ( #927 ) ) GLOBAL_UNIT_ASSIGNED_CONTEXT ( ( #1535, #3650, #941 ) ) REPRESENTATION_CONTEXT ( 'NONE', 'WORKASPACE' ) );
#1409 = DIRECTION ( 'NONE',  ( 1.000000000000000000, 0.0000000000000000000, 0.0000000000000000000 ) ) ;
#1410 = VERTEX_POINT ( 'NONE', #1682 ) ;
#1411 = PRESENTATION_LAYER_ASSIGNMENT (  '', '', ( #1038 ) ) ;
#1412 = PRESENTATION_LAYER_ASSIGNMENT (  '', '', ( #3798 ) ) ;
#1413 = SURFACE_STYLE_FILL_AREA ( #3161 ) ;
#1414 =( GEOMETRIC_REPRESENTATION_CONTEXT ( 3 ) GLOBAL_UNCERTAINTY_ASSIGNED_CONTEXT ( ( #142 ) ) GLOBAL_UNIT_ASSIGNED_CONTEXT ( ( #2720, #3033, #3526 ) ) REPRESENTATION_CONTEXT ( 'NONE', 'WORKASPACE' ) );
#1415 = UNCERTAINTY_MEASURE_WITH_UNIT (LENGTH_MEASURE( 1.000000000000000082E-05 ), #3077, 'distance_accuracy_value', 'NONE');
#1416 = DIRECTION ( 'NONE',  ( 0.0000000000000000000, 0.0000000000000000000, 1.000000000000000000 ) ) ;
#1417 = DIRECTION ( 'NONE',  ( 0.0000000000000000000, -0.8822784699680811249, 0.4707278422090432346 ) ) ;
#1418 = ORIENTED_EDGE ( 'NONE', *, *, #3200, .F. ) ;
#1419 = SURFACE_SIDE_STYLE ('',( #2673 ) ) ;
#1420 = ADVANCED_FACE ( 'NONE', ( #750 ), #2818, .T. ) ;
#1421 = PLANE ( 'NONE',  #3164 ) ;
#1422 = FACE_OUTER_BOUND ( 'NONE', #2407, .T. ) ;
#1423 = ORIENTED_EDGE ( 'NONE', *, *, #1915, .T. ) ;
#1424 = LINE ( 'NONE', #3820, #460 ) ;
#1425 = SURFACE_SIDE_STYLE ('',( #1175 ) ) ;
#1426 = PRODUCT_RELATED_PRODUCT_CATEGORY ( 'part', '', ( #2565 ) ) ;
#1427 = LINE ( 'NONE', #3244, #1215 ) ;
#1428 = CYLINDRICAL_SURFACE ( 'NONE', #2788, 0.4250000000000000444 ) ;
#1429 = EDGE_LOOP ( 'NONE', ( #3717, #464, #3387, #3568 ) ) ;
#1430 =( NAMED_UNIT ( * ) SI_UNIT ( $, .STERADIAN. ) SOLID_ANGLE_UNIT ( ) );
#1431 = CARTESIAN_POINT ( 'NONE',  ( 0.4000000000000001332, -4.070000000000000284, 1.149999999999999911 ) ) ;
#1432 =( LENGTH_UNIT ( ) NAMED_UNIT ( * ) SI_UNIT ( .MILLI., .METRE. ) );
#1433 = DIRECTION ( 'NONE',  ( -1.000000000000000000, 0.0000000000000000000, 0.0000000000000000000 ) ) ;
#1434 = DIRECTION ( 'NONE',  ( 0.0000000000000000000, -0.0000000000000000000, -1.000000000000000000 ) ) ;
#1435 = SHAPE_DEFINITION_REPRESENTATION ( #2816, #2498 ) ;
#1436 = ORIENTED_EDGE ( 'NONE', *, *, #3171, .T. ) ;
#1437 = SURFACE_STYLE_USAGE ( .BOTH. , #1419 ) ;
#1438 = FILL_AREA_STYLE_COLOUR ( '', #1407 ) ;
#1439 = FILL_AREA_STYLE ('',( #3874 ) ) ;
#1440 = EDGE_LOOP ( 'NONE', ( #1966, #2138, #1169, #3617, #3030, #62, #3258, #914 ) ) ;
#1441 = CARTESIAN_POINT ( 'NONE',  ( -4.254642819947999755, 0.3499999999999999778, 1.399999999999999911 ) ) ;
#1442 = DIRECTION ( 'NONE',  ( 0.0000000000000000000, 0.0000000000000000000, 1.000000000000000000 ) ) ;
#1443 = FILL_AREA_STYLE ('',( #2919 ) ) ;
#1444 = FILL_AREA_STYLE_COLOUR ( '', #1955 ) ;
#1445 = PLANE ( 'NONE',  #1473 ) ;
#1446 = CARTESIAN_POINT ( 'NONE',  ( -1.840000000000000524, -4.070000000000000284, 0.0000000000000000000 ) ) ;
#1447 = ORIENTED_EDGE ( 'NONE', *, *, #2148, .T. ) ;
#1448 = PLANE ( 'NONE',  #3472 ) ;
#1449 = CARTESIAN_POINT ( 'NONE',  ( -0.5900000000000003020, 0.0000000000000000000, 10.00000000000000000 ) ) ;
#1450 = DIRECTION ( 'NONE',  ( 1.000000000000000000, 0.0000000000000000000, 0.0000000000000000000 ) ) ;
#1451 = DIRECTION ( 'NONE',  ( -1.000000000000000000, -0.0000000000000000000, -0.0000000000000000000 ) ) ;
#1452 = COLOUR_RGB ( '',0.1960784313725490169, 0.1960784313725490169, 0.1960784313725490169 ) ;
#1453 = EDGE_CURVE ( 'NONE', #3611, #3215, #2195, .T. ) ;
#1454 = DIRECTION ( 'NONE',  ( 1.000000000000000000, 0.0000000000000000000, 0.0000000000000000000 ) ) ;
#1455 = ORIENTED_EDGE ( 'NONE', *, *, #2753, .T. ) ;
#1456 = FILL_AREA_STYLE_COLOUR ( '', #3550 ) ;
#1457 = DIRECTION ( 'NONE',  ( -0.0000000000000000000, -0.0000000000000000000, 1.000000000000000000 ) ) ;
#1458 = COLOUR_RGB ( '',0.4274509803921568429, 0.4705882352941176405, 0.5411764705882352589 ) ;
#1459 = EDGE_LOOP ( 'NONE', ( #3436, #1152, #2458, #2176 ) ) ;
#1460 = CARTESIAN_POINT ( 'NONE',  ( -2.540000000000000036, -2.000000000000000444, 0.5500000000000001554 ) ) ;
#1461 = VECTOR ( 'NONE', #694, 1000.000000000000000 ) ;
#1462 = CARTESIAN_POINT ( 'NONE',  ( -2.540000000000000036, 1.999999999999999556, 0.5499999999999992673 ) ) ;
#1463 = SURFACE_SIDE_STYLE ('',( #1404 ) ) ;
#1464 =( LENGTH_UNIT ( ) NAMED_UNIT ( * ) SI_UNIT ( .MILLI., .METRE. ) );
#1465 = VECTOR ( 'NONE', #1312, 1000.000000000000000 ) ;
#1466 = STYLED_ITEM ( 'NONE', ( #964 ), #1610 ) ;
#1467 = EDGE_CURVE ( 'NONE', #2521, #2428, #3156, .T. ) ;
#1468 = SHAPE_REPRESENTATION ( 'Schraube_links', ( #1260 ), #2644 ) ;
#1469 = SURFACE_SIDE_STYLE ('',( #1522 ) ) ;
#1470 = ADVANCED_FACE ( 'NONE', ( #1933 ), #174, .T. ) ;
#1471 = ORIENTED_EDGE ( 'NONE', *, *, #1076, .F. ) ;
#1472 = CARTESIAN_POINT ( 'NONE',  ( -5.080000000000000071, -4.070000000000000284, 0.0000000000000000000 ) ) ;
#1473 = AXIS2_PLACEMENT_3D ( 'NONE', #1681, #2897, #2636 ) ;
#1474 =( GEOMETRIC_REPRESENTATION_CONTEXT ( 3 ) GLOBAL_UNCERTAINTY_ASSIGNED_CONTEXT ( ( #2881 ) ) GLOBAL_UNIT_ASSIGNED_CONTEXT ( ( #2602, #1976, #151 ) ) REPRESENTATION_CONTEXT ( 'NONE', 'WORKASPACE' ) );
#1475 = AXIS2_PLACEMENT_3D ( 'NONE', #2006, #1352, #2250 ) ;
#1476 = FACE_OUTER_BOUND ( 'NONE', #2884, .T. ) ;
#1477 = DIRECTION ( 'NONE',  ( -1.000000000000000000, 9.769962616701375978E-15, 0.0000000000000000000 ) ) ;
#1478 = MECHANICAL_DESIGN_GEOMETRIC_PRESENTATION_REPRESENTATION (  '', ( #648 ), #3668 ) ;
#1479 = VECTOR ( 'NONE', #3319, 1000.000000000000000 ) ;
#1480 = UNCERTAINTY_MEASURE_WITH_UNIT (LENGTH_MEASURE( 1.000000000000000082E-05 ), #1090, 'distance_accuracy_value', 'NONE');
#1481 = EDGE_CURVE ( 'NONE', #3042, #1246, #2774, .T. ) ;
#1482 = PRODUCT_CONTEXT ( 'NONE', #1091, 'mechanical' ) ;
#1483 = SURFACE_STYLE_USAGE ( .BOTH. , #3588 ) ;
#1484 = EDGE_LOOP ( 'NONE', ( #393, #3041, #1560, #2877 ) ) ;
#1485 = CARTESIAN_POINT ( 'NONE',  ( -2.965000000000000302, 5.204748896376250699E-17, 0.0000000000000000000 ) ) ;
#1486 = LINE ( 'NONE', #2970, #894 ) ;
#1487 = EDGE_LOOP ( 'NONE', ( #2503, #1810 ) ) ;
#1488 = DIRECTION ( 'NONE',  ( 0.0000000000000000000, -1.000000000000000000, 2.220446049250000002E-16 ) ) ;
#1489 = LINE ( 'NONE', #3218, #513 ) ;
#1490 = ADVANCED_FACE ( 'NONE', ( #2291 ), #1107, .F. ) ;
#1491 = VERTEX_POINT ( 'NONE', #1648 ) ;
#1492 = CARTESIAN_POINT ( 'NONE',  ( 5.080000000000000071, 3.370000000000000107, 6.700000000000000178 ) ) ;
#1493 = ADVANCED_FACE ( 'NONE', ( #3170 ), #2865, .T. ) ;
#1494 = EDGE_CURVE ( 'NONE', #2652, #1866, #3447, .T. ) ;
#1495 = DIRECTION ( 'NONE',  ( -1.000000000000000000, -0.0000000000000000000, 0.0000000000000000000 ) ) ;
#1496 = CARTESIAN_POINT ( 'NONE',  ( -2.540000000000000036, 0.0000000000000000000, 10.00000000000000000 ) ) ;
#1497 = CARTESIAN_POINT ( 'NONE',  ( -5.080000000000000071, 4.070000000000000284, 0.0000000000000000000 ) ) ;
#1498 = APPLICATION_CONTEXT ( 'automotive_design' ) ;
#1499 = CONTEXT_DEPENDENT_SHAPE_REPRESENTATION ( #3092, #1503 ) ;
#1500 =( LENGTH_UNIT ( ) NAMED_UNIT ( * ) SI_UNIT ( .MILLI., .METRE. ) );
#1501 = VERTEX_POINT ( 'NONE', #1626 ) ;
#1502 = CARTESIAN_POINT ( 'NONE',  ( -4.700000000000000178, 2.430000000000000160, 6.700000000000000178 ) ) ;
#1503 = PRODUCT_DEFINITION_SHAPE ( 'NONE', 'NONE',  #3886 ) ;
#1504 = ORIENTED_EDGE ( 'NONE', *, *, #482, .T. ) ;
#1505 = SURFACE_SIDE_STYLE ('',( #2414 ) ) ;
#1506 = EDGE_CURVE ( 'NONE', #612, #2443, #2823, .T. ) ;
#1507 = PRESENTATION_STYLE_ASSIGNMENT (( #2956 ) ) ;
#1508 = FILL_AREA_STYLE ('',( #577 ) ) ;
#1509 = CARTESIAN_POINT ( 'NONE',  ( -0.5399999999999999245, -2.000000000000000000, 0.0000000000000000000 ) ) ;
#1510 =( LENGTH_UNIT ( ) NAMED_UNIT ( * ) SI_UNIT ( .MILLI., .METRE. ) );
#1511 = FILL_AREA_STYLE ('',( #3312 ) ) ;
#1512 = UNCERTAINTY_MEASURE_WITH_UNIT (LENGTH_MEASURE( 1.000000000000000082E-05 ), #1510, 'distance_accuracy_value', 'NONE');
#1513 = SURFACE_STYLE_FILL_AREA ( #17 ) ;
#1514 = VERTEX_POINT ( 'NONE', #1354 ) ;
#1515 = VECTOR ( 'NONE', #1193, 1000.000000000000000 ) ;
#1516 = PRESENTATION_LAYER_ASSIGNMENT (  '', '', ( #1950 ) ) ;
#1517 =( NAMED_UNIT ( * ) SI_UNIT ( $, .STERADIAN. ) SOLID_ANGLE_UNIT ( ) );
#1518 = ORIENTED_EDGE ( 'NONE', *, *, #434, .F. ) ;
#1519 = PLANE ( 'NONE',  #1274 ) ;
#1520 = COLOUR_RGB ( '',0.7921568627450980005, 0.8196078431372548767, 0.9333333333333333481 ) ;
#1521 = AXIS2_PLACEMENT_3D ( 'NONE', #823, #3288, #1477 ) ;
#1522 = SURFACE_STYLE_FILL_AREA ( #3596 ) ;
#1523 =( GEOMETRIC_REPRESENTATION_CONTEXT ( 3 ) GLOBAL_UNCERTAINTY_ASSIGNED_CONTEXT ( ( #2685 ) ) GLOBAL_UNIT_ASSIGNED_CONTEXT ( ( #2279, #2859, #190 ) ) REPRESENTATION_CONTEXT ( 'NONE', 'WORKASPACE' ) );
#1524 = VERTEX_POINT ( 'NONE', #3194 ) ;
#1525 = LINE ( 'NONE', #1102, #2668 ) ;
#1526 = DIRECTION ( 'NONE',  ( 0.0000000000000000000, -1.000000000000000000, 0.0000000000000000000 ) ) ;
#1527 = MECHANICAL_DESIGN_GEOMETRIC_PRESENTATION_REPRESENTATION (  '', ( #2222 ), #1408 ) ;
#1528 = CARTESIAN_POINT ( 'NONE',  ( -0.4000000000000000222, 2.429999999999999716, 1.149999999999998357 ) ) ;
#1529 = CARTESIAN_POINT ( 'NONE',  ( -2.540000000000000036, 0.0000000000000000000, 0.5999999999999999778 ) ) ;
#1530 = VECTOR ( 'NONE', #2826, 1000.000000000000000 ) ;
#1531 = PRODUCT_DEFINITION_SHAPE ( 'NONE', 'NONE',  #3885 ) ;
#1532 = AXIS2_PLACEMENT_3D ( 'NONE', #2546, #1017, #696 ) ;
#1533 = SHAPE_DEFINITION_REPRESENTATION ( #2682, #2926 ) ;
#1534 = MECHANICAL_DESIGN_GEOMETRIC_PRESENTATION_REPRESENTATION (  '', ( #1339 ), #3555 ) ;
#1535 =( LENGTH_UNIT ( ) NAMED_UNIT ( * ) SI_UNIT ( .MILLI., .METRE. ) );
#1536 = VERTEX_POINT ( 'NONE', #2267 ) ;
#1537 = ORIENTED_EDGE ( 'NONE', *, *, #2448, .F. ) ;
#1538 = ADVANCED_FACE ( 'NONE', ( #1758 ), #2931, .F. ) ;
#1539 = DIRECTION ( 'NONE',  ( 0.0000000000000000000, 0.0000000000000000000, -1.000000000000000000 ) ) ;
#1540 =( GEOMETRIC_REPRESENTATION_CONTEXT ( 3 ) GLOBAL_UNCERTAINTY_ASSIGNED_CONTEXT ( ( #3466 ) ) GLOBAL_UNIT_ASSIGNED_CONTEXT ( ( #688, #1259, #47 ) ) REPRESENTATION_CONTEXT ( 'NONE', 'WORKASPACE' ) );
#1541 = STYLED_ITEM ( 'NONE', ( #2119 ), #2321 ) ;
#1542 = VERTEX_POINT ( 'NONE', #3313 ) ;
#1543 = SURFACE_STYLE_FILL_AREA ( #1867 ) ;
#1544 = PRESENTATION_LAYER_ASSIGNMENT (  '', '', ( #1043 ) ) ;
#1545 = PRESENTATION_STYLE_ASSIGNMENT (( #2397 ) ) ;
#1546 = ORIENTED_EDGE ( 'NONE', *, *, #2487, .F. ) ;
#1547 = ORIENTED_EDGE ( 'NONE', *, *, #3585, .F. ) ;
#1548 = SURFACE_STYLE_USAGE ( .BOTH. , #657 ) ;
#1549 = DIRECTION ( 'NONE',  ( 0.0000000000000000000, 0.0000000000000000000, 1.000000000000000000 ) ) ;
#1550 =( LENGTH_UNIT ( ) NAMED_UNIT ( * ) SI_UNIT ( .MILLI., .METRE. ) );
#1551 = PLANE ( 'NONE',  #3040 ) ;
#1552 = SURFACE_SIDE_STYLE ('',( #1513 ) ) ;
#1553 = EDGE_LOOP ( 'NONE', ( #2445, #1716 ) ) ;
#1554 = ORIENTED_EDGE ( 'NONE', *, *, #2615, .F. ) ;
#1555 = PLANE ( 'NONE',  #1661 ) ;
#1556 = VERTEX_POINT ( 'NONE', #3852 ) ;
#1557 = FILL_AREA_STYLE_COLOUR ( '', #1212 ) ;
#1558 = ORIENTED_EDGE ( 'NONE', *, *, #3322, .F. ) ;
#1559 = LINE ( 'NONE', #2755, #1733 ) ;
#1560 = ORIENTED_EDGE ( 'NONE', *, *, #315, .T. ) ;
#1561 = FACE_OUTER_BOUND ( 'NONE', #1849, .T. ) ;
#1562 = CARTESIAN_POINT ( 'NONE',  ( -5.080000000000000071, -4.070000000000000284, 0.0000000000000000000 ) ) ;
#1563 =( REPRESENTATION_RELATIONSHIP ('NONE','NONE', #2498, #2926 ) REPRESENTATION_RELATIONSHIP_WITH_TRANSFORMATION ( #3587 )SHAPE_REPRESENTATION_RELATIONSHIP( ) );
#1564 = DIRECTION ( 'NONE',  ( -1.000000000000000000, 0.0000000000000000000, -0.0000000000000000000 ) ) ;
#1565 = SURFACE_SIDE_STYLE ('',( #1349 ) ) ;
#1566 = ORIENTED_EDGE ( 'NONE', *, *, #1653, .F. ) ;
#1567 = ORIENTED_EDGE ( 'NONE', *, *, #2240, .F. ) ;
#1568 = UNCERTAINTY_MEASURE_WITH_UNIT (LENGTH_MEASURE( 1.000000000000000082E-05 ), #496, 'distance_accuracy_value', 'NONE');
#1569 = ORIENTED_EDGE ( 'NONE', *, *, #1015, .T. ) ;
#1570 = STYLED_ITEM ( 'NONE', ( #3667 ), #791 ) ;
#1571 = DIRECTION ( 'NONE',  ( -1.000000000000000000, 0.0000000000000000000, 0.0000000000000000000 ) ) ;
#1572 = VECTOR ( 'NONE', #364, 1000.000000000000000 ) ;
#1573 = ORIENTED_EDGE ( 'NONE', *, *, #3176, .F. ) ;
#1574 = SURFACE_SIDE_STYLE ('',( #2444 ) ) ;
#1575 = ORIENTED_EDGE ( 'NONE', *, *, #1879, .T. ) ;
#1576 = FACE_OUTER_BOUND ( 'NONE', #1127, .T. ) ;
#1577 =( NAMED_UNIT ( * ) SI_UNIT ( $, .STERADIAN. ) SOLID_ANGLE_UNIT ( ) );
#1578 = PLANE ( 'NONE',  #626 ) ;
#1579 = ADVANCED_FACE ( 'NONE', ( #2948 ), #1143, .F. ) ;
#1580 = STYLED_ITEM ( 'NONE', ( #802 ), #1232 ) ;
#1581 = SURFACE_SIDE_STYLE ('',( #387 ) ) ;
#1582 = CARTESIAN_POINT ( 'NONE',  ( -1.840000000000000080, -4.070000000000000284, -5.421010862427522170E-16 ) ) ;
#1583 = VECTOR ( 'NONE', #602, 1000.000000000000000 ) ;
#1584 = LINE ( 'NONE', #1904, #1729 ) ;
#1585 = LINE ( 'NONE', #2163, #1720 ) ;
#1586 = ORIENTED_EDGE ( 'NONE', *, *, #3866, .F. ) ;
#1587 = STYLED_ITEM ( 'NONE', ( #836 ), #203 ) ;
#1588 = COLOUR_RGB ( '',0.1960784313725490169, 0.1960784313725490169, 0.1960784313725490169 ) ;
#1589 =( LENGTH_UNIT ( ) NAMED_UNIT ( * ) SI_UNIT ( .MILLI., .METRE. ) );
#1590 = VECTOR ( 'NONE', #2062, 1000.000000000000000 ) ;
#1591 = AXIS2_PLACEMENT_3D ( 'NONE', #2934, #204, #3212 ) ;
#1592 = STYLED_ITEM ( 'NONE', ( #3710 ), #1800 ) ;
#1593 =( NAMED_UNIT ( * ) SI_UNIT ( $, .STERADIAN. ) SOLID_ANGLE_UNIT ( ) );
#1594 = ADVANCED_FACE ( 'NONE', ( #3528, #828 ), #2057, .F. ) ;
#1595 = EDGE_LOOP ( 'NONE', ( #662, #2395 ) ) ;
#1596 = PRESENTATION_STYLE_ASSIGNMENT (( #3023 ) ) ;
#1597 = COLOUR_RGB ( '',0.4274509803921568429, 0.4705882352941176405, 0.5411764705882352589 ) ;
#1598 = PRESENTATION_LAYER_ASSIGNMENT (  '', '', ( #2665 ) ) ;
#1599 = CARTESIAN_POINT ( 'NONE',  ( -5.080000000000000071, 2.569999999999999840, 6.700000000000000178 ) ) ;
#1600 =( GEOMETRIC_REPRESENTATION_CONTEXT ( 3 ) GLOBAL_UNCERTAINTY_ASSIGNED_CONTEXT ( ( #1713 ) ) GLOBAL_UNIT_ASSIGNED_CONTEXT ( ( #123, #1624, #2264 ) ) REPRESENTATION_CONTEXT ( 'NONE', 'WORKASPACE' ) );
#1601 = ORIENTED_EDGE ( 'NONE', *, *, #723, .F. ) ;
#1602 = DIRECTION ( 'NONE',  ( -1.000000000000000000, -0.0000000000000000000, -0.0000000000000000000 ) ) ;
#1603 = COLOUR_RGB ( '',0.4274509803921568429, 0.4705882352941176405, 0.5411764705882352589 ) ;
#1604 = ORIENTED_EDGE ( 'NONE', *, *, #67, .T. ) ;
#1605 = CARTESIAN_POINT ( 'NONE',  ( -4.290000000000000036, 0.3499999999999999778, 0.5999999999999999778 ) ) ;
#1606 = CARTESIAN_POINT ( 'NONE',  ( -3.240000000000000213, -4.070000000000000284, 0.0000000000000000000 ) ) ;
#1607 = UNCERTAINTY_MEASURE_WITH_UNIT (LENGTH_MEASURE( 1.000000000000000082E-05 ), #3861, 'distance_accuracy_value', 'NONE');
#1608 = DIRECTION ( 'NONE',  ( -0.0000000000000000000, 0.0000000000000000000, 1.000000000000000000 ) ) ;
#1609 = SURFACE_STYLE_USAGE ( .BOTH. , #52 ) ;
#1610 = ADVANCED_FACE ( 'NONE', ( #928, #2493 ), #2790, .F. ) ;
#1611 = SURFACE_STYLE_FILL_AREA ( #3117 ) ;
#1612 = LINE ( 'NONE', #165, #591 ) ;
#1613 =( LENGTH_UNIT ( ) NAMED_UNIT ( * ) SI_UNIT ( .MILLI., .METRE. ) );
#1614 = EDGE_LOOP ( 'NONE', ( #2335, #861 ) ) ;
#1615 = CARTESIAN_POINT ( 'NONE',  ( -1.090000000000000302, 0.0000000000000000000, 0.0000000000000000000 ) ) ;
#1616 =( LENGTH_UNIT ( ) NAMED_UNIT ( * ) SI_UNIT ( .MILLI., .METRE. ) );
#1617 = ORIENTED_EDGE ( 'NONE', *, *, #518, .F. ) ;
#1618 = EDGE_CURVE ( 'NONE', #169, #1070, #3674, .T. ) ;
#1619 = EDGE_CURVE ( 'NONE', #1813, #3629, #2705, .T. ) ;
#1620 = CARTESIAN_POINT ( 'NONE',  ( -2.540000000000000036, -2.000000000000000000, 2.000000000000000000 ) ) ;
#1621 =( LENGTH_UNIT ( ) NAMED_UNIT ( * ) SI_UNIT ( .MILLI., .METRE. ) );
#1622 =( NAMED_UNIT ( * ) PLANE_ANGLE_UNIT ( ) SI_UNIT ( $, .RADIAN. ) );
#1623 = PRODUCT_DEFINITION_SHAPE ( 'NONE', 'NONE',  #3153 ) ;
#1624 =( NAMED_UNIT ( * ) PLANE_ANGLE_UNIT ( ) SI_UNIT ( $, .RADIAN. ) );
#1625 = EDGE_CURVE ( 'NONE', #1798, #943, #1585, .T. ) ;
#1626 = CARTESIAN_POINT ( 'NONE',  ( 4.490000000000000213, 0.0000000000000000000, 10.00000000000000000 ) ) ;
#1627 = DIRECTION ( 'NONE',  ( -0.0000000000000000000, 1.000000000000000000, 0.0000000000000000000 ) ) ;
#1628 = CARTESIAN_POINT ( 'NONE',  ( 5.080000000000000071, 4.070000000000000284, 6.700000000000000178 ) ) ;
#1629 = FILL_AREA_STYLE_COLOUR ( '', #3659 ) ;
#1630 = ORIENTED_EDGE ( 'NONE', *, *, #762, .F. ) ;
#1631 = FILL_AREA_STYLE_COLOUR ( '', #1910 ) ;
#1632 = SURFACE_STYLE_USAGE ( .BOTH. , #2575 ) ;
#1633 =( NAMED_UNIT ( * ) PLANE_ANGLE_UNIT ( ) SI_UNIT ( $, .RADIAN. ) );
#1634 = MECHANICAL_DESIGN_GEOMETRIC_PRESENTATION_REPRESENTATION (  '', ( #385 ), #1949 ) ;
#1635 = AXIS2_PLACEMENT_3D ( 'NONE', #798, #2543, #481 ) ;
#1636 = UNCERTAINTY_MEASURE_WITH_UNIT (LENGTH_MEASURE( 1.000000000000000082E-05 ), #1550, 'distance_accuracy_value', 'NONE');
#1637 =( GEOMETRIC_REPRESENTATION_CONTEXT ( 3 ) GLOBAL_UNCERTAINTY_ASSIGNED_CONTEXT ( ( #3509 ) ) GLOBAL_UNIT_ASSIGNED_CONTEXT ( ( #304, #57, #1812 ) ) REPRESENTATION_CONTEXT ( 'NONE', 'WORKASPACE' ) );
#1638 =( NAMED_UNIT ( * ) PLANE_ANGLE_UNIT ( ) SI_UNIT ( $, .RADIAN. ) );
#1639 = STYLED_ITEM ( 'NONE', ( #2390 ), #1130 ) ;
#1640 = ORIENTED_EDGE ( 'NONE', *, *, #1708, .F. ) ;
#1641 = AXIS2_PLACEMENT_3D ( 'NONE', #2878, #3131, #2525 ) ;
#1642 = SURFACE_SIDE_STYLE ('',( #2787 ) ) ;
#1643 = CARTESIAN_POINT ( 'NONE',  ( -2.540000000000000036, 0.0000000000000000000, 6.700000000000000178 ) ) ;
#1644 = DIRECTION ( 'NONE',  ( -0.0000000000000000000, -0.0000000000000000000, -1.000000000000000000 ) ) ;
#1645 = PRESENTATION_STYLE_ASSIGNMENT (( #3465 ) ) ;
#1646 = PRODUCT_DEFINITION_CONTEXT ( 'detailed design', #2838, 'design' ) ;
#1647 =( GEOMETRIC_REPRESENTATION_CONTEXT ( 3 ) GLOBAL_UNCERTAINTY_ASSIGNED_CONTEXT ( ( #886 ) ) GLOBAL_UNIT_ASSIGNED_CONTEXT ( ( #2692, #1243, #2460 ) ) REPRESENTATION_CONTEXT ( 'NONE', 'WORKASPACE' ) );
#1648 = CARTESIAN_POINT ( 'NONE',  ( -2.540000000000000036, 1.999999999999999556, 0.5499999999999992673 ) ) ;
#1649 = ADVANCED_FACE ( 'NONE', ( #334 ), #3692, .T. ) ;
#1650 = ORIENTED_EDGE ( 'NONE', *, *, #807, .T. ) ;
#1651 = LINE ( 'NONE', #494, #2470 ) ;
#1652 = STYLED_ITEM ( 'NONE', ( #2116 ), #3043 ) ;
#1653 = EDGE_CURVE ( 'NONE', #930, #1862, #138, .T. ) ;
#1654 = STYLED_ITEM ( 'NONE', ( #2833 ), #2464 ) ;
#1655 =( GEOMETRIC_REPRESENTATION_CONTEXT ( 3 ) GLOBAL_UNCERTAINTY_ASSIGNED_CONTEXT ( ( #2194 ) ) GLOBAL_UNIT_ASSIGNED_CONTEXT ( ( #2287, #2587, #166 ) ) REPRESENTATION_CONTEXT ( 'NONE', 'WORKASPACE' ) );
#1656 = CARTESIAN_POINT ( 'NONE',  ( -2.540000000000000036, -2.000000000000000444, 0.5500000000000001554 ) ) ;
#1657 = MECHANICAL_DESIGN_GEOMETRIC_PRESENTATION_REPRESENTATION (  '', ( #3360 ), #405 ) ;
#1658 = LINE ( 'NONE', #981, #1885 ) ;
#1659 = CIRCLE ( 'NONE', #160, 1.949999999999999956 ) ;
#1660 = VERTEX_POINT ( 'NONE', #784 ) ;
#1661 = AXIS2_PLACEMENT_3D ( 'NONE', #1825, #1539, #3349 ) ;
#1662 = DIRECTION ( 'NONE',  ( -0.0000000000000000000, -0.0000000000000000000, 1.000000000000000000 ) ) ;
#1663 = SURFACE_STYLE_FILL_AREA ( #479 ) ;
#1664 =( NAMED_UNIT ( * ) SI_UNIT ( $, .STERADIAN. ) SOLID_ANGLE_UNIT ( ) );
#1665 = PRESENTATION_LAYER_ASSIGNMENT (  '', '', ( #1541 ) ) ;
#1666 = FILL_AREA_STYLE ('',( #3539 ) ) ;
#1667 = SURFACE_STYLE_FILL_AREA ( #2243 ) ;
#1668 = EDGE_LOOP ( 'NONE', ( #131, #669, #255, #400, #372, #645, #1566, #829, #2373, #335, #1367, #557, #2606, #991, #2201, #44, #734, #1992, #240, #1240 ) ) ;
#1669 = CARTESIAN_POINT ( 'NONE',  ( -0.7900000000000000355, -0.3499999999999999778, 1.399999999999999911 ) ) ;
#1670 = SURFACE_SIDE_STYLE ('',( #1611 ) ) ;
#1671 =( LENGTH_UNIT ( ) NAMED_UNIT ( * ) SI_UNIT ( .MILLI., .METRE. ) );
#1672 =( NAMED_UNIT ( * ) SI_UNIT ( $, .STERADIAN. ) SOLID_ANGLE_UNIT ( ) );
#1673 =( NAMED_UNIT ( * ) SI_UNIT ( $, .STERADIAN. ) SOLID_ANGLE_UNIT ( ) );
#1674 = SURFACE_SIDE_STYLE ('',( #3122 ) ) ;
#1675 = LINE ( 'NONE', #1875, #1572 ) ;
#1676 = VERTEX_POINT ( 'NONE', #1306 ) ;
#1677 = DIRECTION ( 'NONE',  ( -0.0000000000000000000, 0.0000000000000000000, -1.000000000000000000 ) ) ;
#1678 = DIRECTION ( 'NONE',  ( -1.000000000000000000, 0.0000000000000000000, 0.0000000000000000000 ) ) ;
#1679 = CARTESIAN_POINT ( 'NONE',  ( -4.540000000000000036, 2.000000000000000000, 0.0000000000000000000 ) ) ;
#1680 = FILL_AREA_STYLE ('',( #1316 ) ) ;
#1681 = CARTESIAN_POINT ( 'NONE',  ( -1.090000000000000080, 0.0000000000000000000, -4.000000000000000000 ) ) ;
#1682 = CARTESIAN_POINT ( 'NONE',  ( -0.8253571800518876289, 0.3499999999999999778, 0.5999999999999999778 ) ) ;
#1683 = CARTESIAN_POINT ( 'NONE',  ( -2.540000000000000036, 0.0000000000000000000, 0.0000000000000000000 ) ) ;
#1684 = ORIENTED_EDGE ( 'NONE', *, *, #600, .T. ) ;
#1685 =( NAMED_UNIT ( * ) SI_UNIT ( $, .STERADIAN. ) SOLID_ANGLE_UNIT ( ) );
#1686 = CARTESIAN_POINT ( 'NONE',  ( -0.5399999999999997025, 2.000000000000000000, 0.0000000000000000000 ) ) ;
#1687 =( LENGTH_UNIT ( ) NAMED_UNIT ( * ) SI_UNIT ( .MILLI., .METRE. ) );
#1688 = UNCERTAINTY_MEASURE_WITH_UNIT (LENGTH_MEASURE( 1.000000000000000082E-05 ), #1724, 'distance_accuracy_value', 'NONE');
#1689 = DIRECTION ( 'NONE',  ( 0.0000000000000000000, 0.0000000000000000000, 1.000000000000000000 ) ) ;
#1690 = SURFACE_SIDE_STYLE ('',( #1060 ) ) ;
#1691 = ORIENTED_EDGE ( 'NONE', *, *, #1361, .T. ) ;
#1692 = APPLICATION_CONTEXT ( 'automotive_design' ) ;
#1693 = FACE_OUTER_BOUND ( 'NONE', #3746, .T. ) ;
#1694 = CARTESIAN_POINT ( 'NONE',  ( 0.0000000000000000000, 0.0000000000000000000, 0.0000000000000000000 ) ) ;
#1695 = VERTEX_POINT ( 'NONE', #3755 ) ;
#1696 = SURFACE_STYLE_USAGE ( .BOTH. , #3805 ) ;
#1697 = DIRECTION ( 'NONE',  ( -0.0000000000000000000, -0.0000000000000000000, -1.000000000000000000 ) ) ;
#1698 = DIRECTION ( 'NONE',  ( 0.0000000000000000000, -2.990902544787598592E-16, -1.000000000000000000 ) ) ;
#1699 = LINE ( 'NONE', #2874, #1335 ) ;
#1700 = CYLINDRICAL_SURFACE ( 'NONE', #1277, 1.449999999999999956 ) ;
#1701 = PRESENTATION_LAYER_ASSIGNMENT (  '', '', ( #1140 ) ) ;
#1702 = ORIENTED_EDGE ( 'NONE', *, *, #82, .T. ) ;
#1703 = AXIS2_PLACEMENT_3D ( 'NONE', #97, #1236, #3363 ) ;
#1704 = DIRECTION ( 'NONE',  ( 1.000000000000000000, 0.0000000000000000000, 0.0000000000000000000 ) ) ;
#1705 = DIRECTION ( 'NONE',  ( -0.0000000000000000000, 0.0000000000000000000, -1.000000000000000000 ) ) ;
#1706 = COLOUR_RGB ( '',0.4274509803921568429, 0.4705882352941176405, 0.5411764705882352589 ) ;
#1707 = COLOUR_RGB ( '',0.4274509803921568429, 0.4705882352941176405, 0.5411764705882352589 ) ;
#1708 = EDGE_CURVE ( 'NONE', #1023, #3575, #2105, .T. ) ;
#1709 =( LENGTH_UNIT ( ) NAMED_UNIT ( * ) SI_UNIT ( .MILLI., .METRE. ) );
#1710 = CARTESIAN_POINT ( 'NONE',  ( -4.254642819948112553, 0.3499999999999999778, 1.399999999999999911 ) ) ;
#1711 = PRODUCT_DEFINITION_FORMATION_WITH_SPECIFIED_SOURCE ( 'ANY', '', #1040, .NOT_KNOWN. ) ;
#1712 = MECHANICAL_DESIGN_GEOMETRIC_PRESENTATION_REPRESENTATION (  '', ( #2899 ), #1832 ) ;
#1713 = UNCERTAINTY_MEASURE_WITH_UNIT (LENGTH_MEASURE( 1.000000000000000082E-05 ), #123, 'distance_accuracy_value', 'NONE');
#1714 = DIRECTION ( 'NONE',  ( 1.000000000000000000, 0.0000000000000000000, 0.0000000000000000000 ) ) ;
#1715 = DIRECTION ( 'NONE',  ( -1.000000000000000000, 0.0000000000000000000, 0.0000000000000000000 ) ) ;
#1716 = ORIENTED_EDGE ( 'NONE', *, *, #1099, .F. ) ;
#1717 = PRESENTATION_LAYER_ASSIGNMENT (  '', '', ( #2095 ) ) ;
#1718 = PRODUCT_RELATED_PRODUCT_CATEGORY ( 'part', '', ( #3737 ) ) ;
#1719 = VECTOR ( 'NONE', #3109, 1000.000000000000000 ) ;
#1720 = VECTOR ( 'NONE', #1223, 1000.000000000000000 ) ;
#1721 = DIRECTION ( 'NONE',  ( 0.0000000000000000000, -0.0000000000000000000, -1.000000000000000000 ) ) ;
#1722 = EDGE_CURVE ( 'NONE', #3057, #1491, #3420, .T. ) ;
#1723 = ORIENTED_EDGE ( 'NONE', *, *, #1481, .T. ) ;
#1724 =( LENGTH_UNIT ( ) NAMED_UNIT ( * ) SI_UNIT ( .MILLI., .METRE. ) );
#1725 =( GEOMETRIC_REPRESENTATION_CONTEXT ( 3 ) GLOBAL_UNCERTAINTY_ASSIGNED_CONTEXT ( ( #806 ) ) GLOBAL_UNIT_ASSIGNED_CONTEXT ( ( #3704, #2802, #3672 ) ) REPRESENTATION_CONTEXT ( 'NONE', 'WORKASPACE' ) );
#1726 = PRESENTATION_LAYER_ASSIGNMENT (  '', '', ( #3031 ) ) ;
#1727 = CARTESIAN_POINT ( 'NONE',  ( 3.240000000000000213, -4.070000000000000284, 1.149999999999999911 ) ) ;
#1728 = CARTESIAN_POINT ( 'NONE',  ( -4.254642819948112553, -0.3499999999999999778, 0.5999999999999999778 ) ) ;
#1729 = VECTOR ( 'NONE', #3099, 1000.000000000000000 ) ;
#1730 = VECTOR ( 'NONE', #1787, 1000.000000000000000 ) ;
#1731 = STYLED_ITEM ( 'NONE', ( #373 ), #1817 ) ;
#1732 = EDGE_LOOP ( 'NONE', ( #497, #1834, #3693, #1373 ) ) ;
#1733 = VECTOR ( 'NONE', #61, 1000.000000000000000 ) ;
#1734 = SURFACE_SIDE_STYLE ('',( #1211 ) ) ;
#1735 = LINE ( 'NONE', #3754, #1075 ) ;
#1736 = MECHANICAL_DESIGN_GEOMETRIC_PRESENTATION_REPRESENTATION (  '', ( #1851 ), #1600 ) ;
#1737 = FILL_AREA_STYLE_COLOUR ( '', #1151 ) ;
#1738 = STYLED_ITEM ( 'NONE', ( #731 ), #107 ) ;
#1739 = CARTESIAN_POINT ( 'NONE',  ( -2.540000000000000036, 0.0000000000000000000, 0.0000000000000000000 ) ) ;
#1740 = STYLED_ITEM ( 'NONE', ( #2015 ), #144 ) ;
#1741 = PRESENTATION_STYLE_ASSIGNMENT (( #1372 ) ) ;
#1742 = SURFACE_STYLE_FILL_AREA ( #3604 ) ;
#1743 = ORIENTED_EDGE ( 'NONE', *, *, #3866, .T. ) ;
#1744 = FACE_OUTER_BOUND ( 'NONE', #2971, .T. ) ;
#1745 = CARTESIAN_POINT ( 'NONE',  ( -5.080000000000000071, 3.370000000000000107, 0.0000000000000000000 ) ) ;
#1746 = SURFACE_STYLE_FILL_AREA ( #1777 ) ;
#1747 = VERTEX_POINT ( 'NONE', #2285 ) ;
#1748 = CARTESIAN_POINT ( 'NONE',  ( 4.700000000000000178, -4.070000000000000284, 1.149999999999999911 ) ) ;
#1749 = EDGE_CURVE ( 'NONE', #3346, #1676, #1389, .T. ) ;
#1750 = SURFACE_SIDE_STYLE ('',( #2942 ) ) ;
#1751 = EDGE_LOOP ( 'NONE', ( #812, #673, #3195, #3789 ) ) ;
#1752 = PRESENTATION_STYLE_ASSIGNMENT (( #2642 ) ) ;
#1753 = ADVANCED_FACE ( 'NONE', ( #3188 ), #2263, .T. ) ;
#1754 = DIRECTION ( 'NONE',  ( 1.000000000000000000, 0.0000000000000000000, -0.0000000000000000000 ) ) ;
#1755 = DIRECTION ( 'NONE',  ( -0.0000000000000000000, -0.0000000000000000000, -1.000000000000000000 ) ) ;
#1756 = UNCERTAINTY_MEASURE_WITH_UNIT (LENGTH_MEASURE( 1.000000000000000082E-05 ), #1616, 'distance_accuracy_value', 'NONE');
#1757 = CARTESIAN_POINT ( 'NONE',  ( 0.0000000000000000000, 0.0000000000000000000, 0.0000000000000000000 ) ) ;
#1758 = FACE_OUTER_BOUND ( 'NONE', #2860, .T. ) ;
#1759 = ORIENTED_EDGE ( 'NONE', *, *, #3106, .T. ) ;
#1760 =( LENGTH_UNIT ( ) NAMED_UNIT ( * ) SI_UNIT ( .MILLI., .METRE. ) );
#1761 = EDGE_CURVE ( 'NONE', #3371, #1410, #586, .T. ) ;
#1762 = CARTESIAN_POINT ( 'NONE',  ( -0.5399999999999997025, 2.000000000000000000, 0.0000000000000000000 ) ) ;
#1763 = EDGE_LOOP ( 'NONE', ( #1182, #3721, #2323, #2917 ) ) ;
#1764 = LINE ( 'NONE', #558, #2839 ) ;
#1765 =( NAMED_UNIT ( * ) PLANE_ANGLE_UNIT ( ) SI_UNIT ( $, .RADIAN. ) );
#1766 = DIRECTION ( 'NONE',  ( 1.000000000000000000, 0.0000000000000000000, -0.0000000000000000000 ) ) ;
#1767 = EDGE_LOOP ( 'NONE', ( #636, #801, #990, #627 ) ) ;
#1768 =( NAMED_UNIT ( * ) PLANE_ANGLE_UNIT ( ) SI_UNIT ( $, .RADIAN. ) );
#1769 = DIRECTION ( 'NONE',  ( 0.0000000000000000000, 0.0000000000000000000, 1.000000000000000000 ) ) ;
#1770 = VECTOR ( 'NONE', #3545, 1000.000000000000000 ) ;
#1771 = AXIS2_PLACEMENT_3D ( 'NONE', #327, #924, #630 ) ;
#1772 = ORIENTED_EDGE ( 'NONE', *, *, #2753, .F. ) ;
#1773 = MECHANICAL_DESIGN_GEOMETRIC_PRESENTATION_REPRESENTATION (  '', ( #2519 ), #1637 ) ;
#1774 =( NAMED_UNIT ( * ) SI_UNIT ( $, .STERADIAN. ) SOLID_ANGLE_UNIT ( ) );
#1775 = VECTOR ( 'NONE', #853, 1000.000000000000000 ) ;
#1776 = EDGE_CURVE ( 'NONE', #2830, #3459, #3490, .T. ) ;
#1777 = FILL_AREA_STYLE ('',( #2322 ) ) ;
#1778 = VECTOR ( 'NONE', #1304, 1000.000000000000000 ) ;
#1779 = ORIENTED_EDGE ( 'NONE', *, *, #1013, .F. ) ;
#1780 = EDGE_CURVE ( 'NONE', #2573, #3663, #3771, .T. ) ;
#1781 = DIRECTION ( 'NONE',  ( 1.000000000000000000, 0.0000000000000000000, 0.0000000000000000000 ) ) ;
#1782 = AXIS2_PLACEMENT_3D ( 'NONE', #492, #430, #3716 ) ;
#1783 = CARTESIAN_POINT ( 'NONE',  ( -3.240000000000000213, -4.070000000000000284, 0.0000000000000000000 ) ) ;
#1784 = DIRECTION ( 'NONE',  ( -1.000000000000000000, 0.0000000000000000000, 0.0000000000000000000 ) ) ;
#1785 = STYLED_ITEM ( 'NONE', ( #741 ), #1493 ) ;
#1786 = ORIENTED_EDGE ( 'NONE', *, *, #3106, .F. ) ;
#1787 = DIRECTION ( 'NONE',  ( -0.0000000000000000000, 0.0000000000000000000, -1.000000000000000000 ) ) ;
#1788 = AXIS2_PLACEMENT_3D ( 'NONE', #1814, #3301, #3834 ) ;
#1789 = COLOUR_RGB ( '',0.4000000000000000222, 0.4000000000000000222, 0.4000000000000000222 ) ;
#1790 =( NAMED_UNIT ( * ) PLANE_ANGLE_UNIT ( ) SI_UNIT ( $, .RADIAN. ) );
#1791 = VECTOR ( 'NONE', #1208, 1000.000000000000000 ) ;
#1792 =( GEOMETRIC_REPRESENTATION_CONTEXT ( 3 ) GLOBAL_UNCERTAINTY_ASSIGNED_CONTEXT ( ( #490 ) ) GLOBAL_UNIT_ASSIGNED_CONTEXT ( ( #2090, #286, #3882 ) ) REPRESENTATION_CONTEXT ( 'NONE', 'WORKASPACE' ) );
#1793 = CARTESIAN_POINT ( 'NONE',  ( -0.4000000000000000222, -4.070000000000000284, 6.700000000000000178 ) ) ;
#1794 =( LENGTH_UNIT ( ) NAMED_UNIT ( * ) SI_UNIT ( .MILLI., .METRE. ) );
#1795 = UNCERTAINTY_MEASURE_WITH_UNIT (LENGTH_MEASURE( 1.000000000000000082E-05 ), #1432, 'distance_accuracy_value', 'NONE');
#1796 = CONTEXT_DEPENDENT_SHAPE_REPRESENTATION ( #842, #2127 ) ;
#1797 = FILL_AREA_STYLE_COLOUR ( '', #337 ) ;
#1798 = VERTEX_POINT ( 'NONE', #2003 ) ;
#1799 = SURFACE_STYLE_FILL_AREA ( #890 ) ;
#1800 = ADVANCED_FACE ( 'NONE', ( #445 ), #3658, .T. ) ;
#1801 = COLOUR_RGB ( '',0.1960784313725490169, 0.1960784313725490169, 0.1960784313725490169 ) ;
#1802 = EDGE_LOOP ( 'NONE', ( #1573, #361 ) ) ;
#1803 = CARTESIAN_POINT ( 'NONE',  ( -2.540000000000000036, 2.000000000000000444, 3.449999999999999289 ) ) ;
#1804 = ADVANCED_FACE ( 'NONE', ( #2172 ), #3376, .F. ) ;
#1805 = DIRECTION ( 'NONE',  ( 0.0000000000000000000, -0.4707278422086826897, -0.8822784699682734155 ) ) ;
#1806 = DIRECTION ( 'NONE',  ( -1.000000000000000000, 7.105427357601001070E-15, 0.0000000000000000000 ) ) ;
#1807 = FILL_AREA_STYLE_COLOUR ( '', #3344 ) ;
#1808 = CARTESIAN_POINT ( 'NONE',  ( -2.540000000000000036, 0.0000000000000000000, 10.00000000000000000 ) ) ;
#1809 = PRESENTATION_STYLE_ASSIGNMENT (( #1483 ) ) ;
#1810 = ORIENTED_EDGE ( 'NONE', *, *, #1013, .T. ) ;
#1811 = DIRECTION ( 'NONE',  ( 0.0000000000000000000, -0.0000000000000000000, -1.000000000000000000 ) ) ;
#1812 =( NAMED_UNIT ( * ) SI_UNIT ( $, .STERADIAN. ) SOLID_ANGLE_UNIT ( ) );
#1813 = VERTEX_POINT ( 'NONE', #45 ) ;
#1814 = CARTESIAN_POINT ( 'NONE',  ( -4.290000000000000036, 0.3499999999999999778, 1.399999999999999911 ) ) ;
#1815 = SURFACE_SIDE_STYLE ('',( #974 ) ) ;
#1816 = CARTESIAN_POINT ( 'NONE',  ( 4.700000000000000178, -4.070000000000000284, 1.149999999999999911 ) ) ;
#1817 = ADVANCED_FACE ( 'NONE', ( #3063 ), #1519, .F. ) ;
#1818 = DIRECTION ( 'NONE',  ( 1.000000000000000000, 0.0000000000000000000, 0.0000000000000000000 ) ) ;
#1819 = LINE ( 'NONE', #3311, #1775 ) ;
#1820 = UNCERTAINTY_MEASURE_WITH_UNIT (LENGTH_MEASURE( 1.000000000000000082E-05 ), #505, 'distance_accuracy_value', 'NONE');
#1821 = EDGE_CURVE ( 'NONE', #2300, #3346, #3410, .T. ) ;
#1822 =( NAMED_UNIT ( * ) SI_UNIT ( $, .STERADIAN. ) SOLID_ANGLE_UNIT ( ) );
#1823 = ORIENTED_EDGE ( 'NONE', *, *, #269, .T. ) ;
#1824 = ORIENTED_EDGE ( 'NONE', *, *, #2999, .T. ) ;
#1825 = CARTESIAN_POINT ( 'NONE',  ( -0.7900000000000000355, 0.0000000000000000000, 1.399999999999999911 ) ) ;
#1826 = SURFACE_STYLE_USAGE ( .BOTH. , #3623 ) ;
#1827 = VECTOR ( 'NONE', #2270, 1000.000000000000227 ) ;
#1828 = ORIENTED_EDGE ( 'NONE', *, *, #1625, .T. ) ;
#1829 = PRESENTATION_LAYER_ASSIGNMENT (  '', '', ( #2578 ) ) ;
#1830 = DIRECTION ( 'NONE',  ( 0.0000000000000000000, -1.000000000000000000, 2.220446049250000002E-16 ) ) ;
#1831 = SURFACE_STYLE_FILL_AREA ( #293 ) ;
#1832 =( GEOMETRIC_REPRESENTATION_CONTEXT ( 3 ) GLOBAL_UNCERTAINTY_ASSIGNED_CONTEXT ( ( #119 ) ) GLOBAL_UNIT_ASSIGNED_CONTEXT ( ( #2803, #3071, #1267 ) ) REPRESENTATION_CONTEXT ( 'NONE', 'WORKASPACE' ) );
#1833 = VERTEX_POINT ( 'NONE', #28 ) ;
#1834 = ORIENTED_EDGE ( 'NONE', *, *, #3809, .F. ) ;
#1835 =( LENGTH_UNIT ( ) NAMED_UNIT ( * ) SI_UNIT ( .MILLI., .METRE. ) );
#1836 = PRESENTATION_LAYER_ASSIGNMENT (  '', '', ( #456 ) ) ;
#1837 = MECHANICAL_DESIGN_GEOMETRIC_PRESENTATION_REPRESENTATION (  '', ( #1785 ), #2032 ) ;
#1838 = STYLED_ITEM ( 'NONE', ( #3762 ), #2979 ) ;
#1839 = VECTOR ( 'NONE', #717, 1000.000000000000000 ) ;
#1840 = MECHANICAL_DESIGN_GEOMETRIC_PRESENTATION_REPRESENTATION (  '', ( #912 ), #643 ) ;
#1841 = DIRECTION ( 'NONE',  ( 0.0000000000000000000, 0.0000000000000000000, 1.000000000000000000 ) ) ;
#1842 = SHAPE_REPRESENTATION ( 'Schraube_rechts', ( #1260 ), #1952 ) ;
#1843 = CIRCLE ( 'NONE', #2473, 0.4250000000000000444 ) ;
#1844 = APPLICATION_PROTOCOL_DEFINITION ( 'draft international standard', 'automotive_design', 1998, #1498 ) ;
#1845 = CIRCLE ( 'NONE', #161, 1.449999999999999956 ) ;
#1846 =( GEOMETRIC_REPRESENTATION_CONTEXT ( 3 ) GLOBAL_UNCERTAINTY_ASSIGNED_CONTEXT ( ( #1941 ) ) GLOBAL_UNIT_ASSIGNED_CONTEXT ( ( #2010, #1146, #1774 ) ) REPRESENTATION_CONTEXT ( 'NONE', 'WORKASPACE' ) );
#1847 = DIRECTION ( 'NONE',  ( 1.000000000000000000, 0.0000000000000000000, 0.0000000000000000000 ) ) ;
#1848 = ORIENTED_EDGE ( 'NONE', *, *, #1197, .T. ) ;
#1849 = EDGE_LOOP ( 'NONE', ( #2989, #3016, #3819, #1604 ) ) ;
#1850 = PRESENTATION_STYLE_ASSIGNMENT (( #111 ) ) ;
#1851 = STYLED_ITEM ( 'NONE', ( #3446 ), #2165 ) ;
#1852 = UNCERTAINTY_MEASURE_WITH_UNIT (LENGTH_MEASURE( 1.000000000000000082E-05 ), #3458, 'distance_accuracy_value', 'NONE');
#1853 = ORIENTED_EDGE ( 'NONE', *, *, #904, .F. ) ;
#1854 = DIRECTION ( 'NONE',  ( -0.0000000000000000000, 0.0000000000000000000, -1.000000000000000000 ) ) ;
#1855 = EDGE_LOOP ( 'NONE', ( #1358, #1927, #1, #1823 ) ) ;
#1856 = SURFACE_STYLE_FILL_AREA ( #3338 ) ;
#1857 = DIRECTION ( 'NONE',  ( -0.0000000000000000000, -0.0000000000000000000, -1.000000000000000000 ) ) ;
#1858 = CARTESIAN_POINT ( 'NONE',  ( -4.290000000000000036, 0.3499999999999999778, 0.5999999999999999778 ) ) ;
#1859 = LINE ( 'NONE', #1922, #2038 ) ;
#1860 = ITEM_DEFINED_TRANSFORMATION ( 'NONE', 'NONE', #3078,  #1260 ) ;
#1861 = CARTESIAN_POINT ( 'NONE',  ( -4.540000000000000036, 2.000000000000000000, 0.0000000000000000000 ) ) ;
#1862 = VERTEX_POINT ( 'NONE', #1230 ) ;
#1863 = VERTEX_POINT ( 'NONE', #933 ) ;
#1864 = DIRECTION ( 'NONE',  ( 0.0000000000000000000, 0.0000000000000000000, 1.000000000000000000 ) ) ;
#1865 = SURFACE_SIDE_STYLE ('',( #2170 ) ) ;
#1866 = VERTEX_POINT ( 'NONE', #3332 ) ;
#1867 = FILL_AREA_STYLE ('',( #322 ) ) ;
#1868 = PLANE ( 'NONE',  #3229 ) ;
#1869 = EDGE_CURVE ( 'NONE', #25, #597, #2130, .T. ) ;
#1870 = EDGE_CURVE ( 'NONE', #502, #1246, #1651, .T. ) ;
#1871 = ORIENTED_EDGE ( 'NONE', *, *, #2055, .T. ) ;
#1872 = DIRECTION ( 'NONE',  ( -0.0000000000000000000, 1.000000000000000000, 0.0000000000000000000 ) ) ;
#1873 = VERTEX_POINT ( 'NONE', #1615 ) ;
#1874 =( NAMED_UNIT ( * ) PLANE_ANGLE_UNIT ( ) SI_UNIT ( $, .RADIAN. ) );
#1875 = CARTESIAN_POINT ( 'NONE',  ( 5.879999999999999893, 3.370000000000000107, 6.700000000000000178 ) ) ;
#1876 = PRESENTATION_STYLE_ASSIGNMENT (( #2107 ) ) ;
#1877 = SURFACE_STYLE_FILL_AREA ( #1041 ) ;
#1878 = CARTESIAN_POINT ( 'NONE',  ( 5.080000000000000071, 3.370000000000000107, 6.700000000000000178 ) ) ;
#1879 = EDGE_CURVE ( 'NONE', #1023, #379, #2849, .T. ) ;
#1880 = CARTESIAN_POINT ( 'NONE',  ( -4.290000000000000036, 0.0000000000000000000, 0.5999999999999999778 ) ) ;
#1881 = EDGE_LOOP ( 'NONE', ( #710, #965, #639, #2076 ) ) ;
#1882 =( NAMED_UNIT ( * ) PLANE_ANGLE_UNIT ( ) SI_UNIT ( $, .RADIAN. ) );
#1883 =( LENGTH_UNIT ( ) NAMED_UNIT ( * ) SI_UNIT ( .MILLI., .METRE. ) );
#1884 = VERTEX_POINT ( 'NONE', #1356 ) ;
#1885 = VECTOR ( 'NONE', #50, 1000.000000000000000 ) ;
#1886 = VECTOR ( 'NONE', #3068, 1000.000000000000000 ) ;
#1887 = ADVANCED_FACE ( 'NONE', ( #2569 ), #1048, .F. ) ;
#1888 = PRESENTATION_LAYER_ASSIGNMENT (  '', '', ( #1387 ) ) ;
#1889 = APPLICATION_CONTEXT ( 'automotive_design' ) ;
#1890 = PRESENTATION_LAYER_ASSIGNMENT (  '', '', ( #1639 ) ) ;
#1891 = ORIENTED_EDGE ( 'NONE', *, *, #680, .F. ) ;
#1892 = CARTESIAN_POINT ( 'NONE',  ( -2.540000000000000036, -1.999999999999999556, 3.449999999999999734 ) ) ;
#1893 = EDGE_CURVE ( 'NONE', #3211, #950, #1334, .T. ) ;
#1894 = STYLED_ITEM ( 'NONE', ( #1741 ), #768 ) ;
#1895 = ORIENTED_EDGE ( 'NONE', *, *, #1780, .T. ) ;
#1896 = CARTESIAN_POINT ( 'NONE',  ( -4.280000000000000249, 3.370000000000000107, 6.700000000000000178 ) ) ;
#1897 =( GEOMETRIC_REPRESENTATION_CONTEXT ( 3 ) GLOBAL_UNCERTAINTY_ASSIGNED_CONTEXT ( ( #1920 ) ) GLOBAL_UNIT_ASSIGNED_CONTEXT ( ( #467, #163, #1685 ) ) REPRESENTATION_CONTEXT ( 'NONE', 'WORKASPACE' ) );
#1898 = CARTESIAN_POINT ( 'NONE',  ( -2.115000000000000213, 0.0000000000000000000, -4.599999999999999645 ) ) ;
#1899 = PRESENTATION_STYLE_ASSIGNMENT (( #936 ) ) ;
#1900 = MECHANICAL_DESIGN_GEOMETRIC_PRESENTATION_REPRESENTATION (  '', ( #392 ), #212 ) ;
#1901 = FILL_AREA_STYLE_COLOUR ( '', #3656 ) ;
#1902 = FILL_AREA_STYLE ('',( #2744 ) ) ;
#1903 = VECTOR ( 'NONE', #743, 1000.000000000000000 ) ;
#1904 = CARTESIAN_POINT ( 'NONE',  ( 5.080000000000000071, -4.070000000000669971, 6.720000000000357687 ) ) ;
#1905 = SURFACE_STYLE_FILL_AREA ( #635 ) ;
#1906 = PRESENTATION_LAYER_ASSIGNMENT (  '', '', ( #1968 ) ) ;
#1907 = ORIENTED_EDGE ( 'NONE', *, *, #1869, .T. ) ;
#1908 = MECHANICAL_DESIGN_GEOMETRIC_PRESENTATION_REPRESENTATION (  '', ( #707 ), #581 ) ;
#1909 = PRESENTATION_STYLE_ASSIGNMENT (( #414 ) ) ;
#1910 = COLOUR_RGB ( '',0.1960784313725490169, 0.1960784313725490169, 0.1960784313725490169 ) ;
#1911 = VECTOR ( 'NONE', #1434, 1000.000000000000000 ) ;
#1912 = VERTEX_POINT ( 'NONE', #1024 ) ;
#1913 = PLANE ( 'NONE',  #3101 ) ;
#1914 = VECTOR ( 'NONE', #2855, 1000.000000000000000 ) ;
#1915 = EDGE_CURVE ( 'NONE', #624, #1912, #288, .T. ) ;
#1916 = SURFACE_STYLE_USAGE ( .BOTH. , #706 ) ;
#1917 = ORIENTED_EDGE ( 'NONE', *, *, #1292, .F. ) ;
#1918 = CARTESIAN_POINT ( 'NONE',  ( -5.080000000000000071, 4.070000000000000284, 6.720000000000000639 ) ) ;
#1919 = DIRECTION ( 'NONE',  ( -1.000000000000000000, 0.0000000000000000000, 0.0000000000000000000 ) ) ;
#1920 = UNCERTAINTY_MEASURE_WITH_UNIT (LENGTH_MEASURE( 1.000000000000000082E-05 ), #467, 'distance_accuracy_value', 'NONE');
#1921 = LINE ( 'NONE', #716, #3021 ) ;
#1922 = CARTESIAN_POINT ( 'NONE',  ( -0.8253571800519999835, -0.3499999999999999778, 1.399999999999999911 ) ) ;
#1923 = EDGE_CURVE ( 'NONE', #1813, #2936, #1311, .T. ) ;
#1924 = CARTESIAN_POINT ( 'NONE',  ( -2.540000000000000036, -2.000000000000000000, 2.000000000000000000 ) ) ;
#1925 =( NAMED_UNIT ( * ) SI_UNIT ( $, .STERADIAN. ) SOLID_ANGLE_UNIT ( ) );
#1926 = CARTESIAN_POINT ( 'NONE',  ( -5.080000000000000071, -4.070000000000000284, 0.0000000000000000000 ) ) ;
#1927 = ORIENTED_EDGE ( 'NONE', *, *, #3303, .F. ) ;
#1928 = DIRECTION ( 'NONE',  ( 0.0000000000000000000, 0.0000000000000000000, -1.000000000000000000 ) ) ;
#1929 = VERTEX_POINT ( 'NONE', #2552 ) ;
#1930 = FILL_AREA_STYLE_COLOUR ( '', #3427 ) ;
#1931 = CARTESIAN_POINT ( 'NONE',  ( -2.540000000000000036, 0.0000000000000000000, 0.0000000000000000000 ) ) ;
#1932 = LINE ( 'NONE', #1978, #1141 ) ;
#1933 = FACE_OUTER_BOUND ( 'NONE', #2932, .T. ) ;
#1934 = ORIENTED_EDGE ( 'NONE', *, *, #1937, .F. ) ;
#1936 = PRESENTATION_STYLE_ASSIGNMENT (( #1322 ) ) ;
#1935 = PRODUCT_DEFINITION_SHAPE ( 'NONE', 'NONE',  #3887 ) ;
#1937 = EDGE_CURVE ( 'NONE', #46, #1536, #450, .T. ) ;
#1938 = DIRECTION ( 'NONE',  ( -0.0000000000000000000, -0.0000000000000000000, -1.000000000000000000 ) ) ;
#1939 = CARTESIAN_POINT ( 'NONE',  ( -3.240000000000000213, -4.070000000000000284, 1.149999999999999911 ) ) ;
#1940 = CARTESIAN_POINT ( 'NONE',  ( 0.4000000000000000777, 2.429999999999998828, 1.149999999999999467 ) ) ;
#1941 = UNCERTAINTY_MEASURE_WITH_UNIT (LENGTH_MEASURE( 1.000000000000000082E-05 ), #2010, 'distance_accuracy_value', 'NONE');
#1942 =( NAMED_UNIT ( * ) PLANE_ANGLE_UNIT ( ) SI_UNIT ( $, .RADIAN. ) );
#1943 = CARTESIAN_POINT ( 'NONE',  ( -2.540000000000000036, 0.0000000000000000000, 1.399999999999999911 ) ) ;
#1944 = LINE ( 'NONE', #658, #382 ) ;
#1945 = EDGE_LOOP ( 'NONE', ( #2182, #1280, #3511, #1291 ) ) ;
#1946 = DIRECTION ( 'NONE',  ( -1.000000000000000000, -0.0000000000000000000, -0.0000000000000000000 ) ) ;
#1947 = DIRECTION ( 'NONE',  ( 0.0000000000000000000, -2.990902544787598592E-16, -1.000000000000000000 ) ) ;
#1948 = DIRECTION ( 'NONE',  ( 0.0000000000000000000, -1.000000000000000000, 2.220446049250000002E-16 ) ) ;
#1949 =( GEOMETRIC_REPRESENTATION_CONTEXT ( 3 ) GLOBAL_UNCERTAINTY_ASSIGNED_CONTEXT ( ( #1963 ) ) GLOBAL_UNIT_ASSIGNED_CONTEXT ( ( #1100, #550, #2624 ) ) REPRESENTATION_CONTEXT ( 'NONE', 'WORKASPACE' ) );
#1950 = STYLED_ITEM ( 'NONE', ( #1899 ), #788 ) ;
#1951 = CARTESIAN_POINT ( 'NONE',  ( -4.254642819948112553, -0.3499999999999999778, 1.399999999999999911 ) ) ;
#1952 =( GEOMETRIC_REPRESENTATION_CONTEXT ( 3 ) GLOBAL_UNCERTAINTY_ASSIGNED_CONTEXT ( ( #1105 ) ) GLOBAL_UNIT_ASSIGNED_CONTEXT ( ( #3655, #3330, #1227 ) ) REPRESENTATION_CONTEXT ( 'NONE', 'WORKASPACE' ) );
#1953 =( LENGTH_UNIT ( ) NAMED_UNIT ( * ) SI_UNIT ( .MILLI., .METRE. ) );
#1954 = DIRECTION ( 'NONE',  ( 0.0000000000000000000, -0.0000000000000000000, -1.000000000000000000 ) ) ;
#1955 = COLOUR_RGB ( '',0.4000000000000000222, 0.4000000000000000222, 0.4000000000000000222 ) ;
#1956 = VERTEX_POINT ( 'NONE', #1989 ) ;
#1957 = ADVANCED_FACE ( 'NONE', ( #1422 ), $, .T. ) ;
#1958 = VECTOR ( 'NONE', #579, 1000.000000000000000 ) ;
#1959 = FACE_OUTER_BOUND ( 'NONE', #1751, .T. ) ;
#1960 = FILL_AREA_STYLE ('',( #3133 ) ) ;
#1961 = DIRECTION ( 'NONE',  ( -1.000000000000000000, -0.0000000000000000000, -0.0000000000000000000 ) ) ;
#1962 = CIRCLE ( 'NONE', #900, 1.750000000000000222 ) ;
#1963 = UNCERTAINTY_MEASURE_WITH_UNIT (LENGTH_MEASURE( 1.000000000000000082E-05 ), #1100, 'distance_accuracy_value', 'NONE');
#1964 = SURFACE_STYLE_FILL_AREA ( #3467 ) ;
#1965 = STYLED_ITEM ( 'NONE', ( #2208 ), #289 ) ;
#1966 = ORIENTED_EDGE ( 'NONE', *, *, #3749, .F. ) ;
#1967 = DIRECTION ( 'NONE',  ( 0.0000000000000000000, -0.4707278422086826897, 0.8822784699682734155 ) ) ;
#1968 = STYLED_ITEM ( 'NONE', ( #3125 ), #2422 ) ;
#1969 = STYLED_ITEM ( 'NONE', ( #1148 ), #354 ) ;
#1970 = DIRECTION ( 'NONE',  ( 0.0000000000000000000, 1.000000000000000000, 0.0000000000000000000 ) ) ;
#1971 = FACE_OUTER_BOUND ( 'NONE', #1988, .T. ) ;
#1972 = STYLED_ITEM ( 'NONE', ( #865 ), #2614 ) ;
#1973 = VERTEX_POINT ( 'NONE', #2234 ) ;
#1974 = AXIS2_PLACEMENT_3D ( 'NONE', #180, #2530, #2496 ) ;
#1975 = DIRECTION ( 'NONE',  ( 0.0000000000000000000, 0.0000000000000000000, 1.000000000000000000 ) ) ;
#1976 =( NAMED_UNIT ( * ) PLANE_ANGLE_UNIT ( ) SI_UNIT ( $, .RADIAN. ) );
#1977 = PLANE ( 'NONE',  #1176 ) ;
#1978 = CARTESIAN_POINT ( 'NONE',  ( -0.8253571800519998725, 0.3499999999999999778, 1.399999999999999911 ) ) ;
#1979 = VECTOR ( 'NONE', #2904, 1000.000000000000000 ) ;
#1980 = CARTESIAN_POINT ( 'NONE',  ( -0.8253571800518877399, -0.3499999999999999778, 0.5999999999999999778 ) ) ;
#1981 = ORIENTED_EDGE ( 'NONE', *, *, #2631, .T. ) ;
#1982 = CARTESIAN_POINT ( 'NONE',  ( -4.290000000000000036, 0.0000000000000000000, 0.0000000000000000000 ) ) ;
#1983 = FILL_AREA_STYLE_COLOUR ( '', #2205 ) ;
#1984 = DIRECTION ( 'NONE',  ( 0.0000000000000000000, -1.000000000000000000, -0.0000000000000000000 ) ) ;
#1985 = VECTOR ( 'NONE', #3835, 1000.000000000000000 ) ;
#1986 = APPLICATION_PROTOCOL_DEFINITION ( 'draft international standard', 'automotive_design', 1998, #3044 ) ;
#1987 = FILL_AREA_STYLE ('',( #1046 ) ) ;
#1988 = EDGE_LOOP ( 'NONE', ( #1271, #895, #3079, #769 ) ) ;
#1989 = CARTESIAN_POINT ( 'NONE',  ( -1.090000000000000302, 0.0000000000000000000, 0.0000000000000000000 ) ) ;
#1990 = PLANE ( 'NONE',  #1591 ) ;
#1991 = DIRECTION ( 'NONE',  ( -0.0000000000000000000, 1.000000000000000000, 0.0000000000000000000 ) ) ;
#1992 = ORIENTED_EDGE ( 'NONE', *, *, #2185, .F. ) ;
#1993 = DIRECTION ( 'NONE',  ( 0.0000000000000000000, 0.0000000000000000000, -1.000000000000000000 ) ) ;
#1994 = EDGE_CURVE ( 'NONE', #305, #1410, #2253, .T. ) ;
#1995 = SURFACE_STYLE_USAGE ( .BOTH. , #2063 ) ;
#1996 = SURFACE_STYLE_FILL_AREA ( #3152 ) ;
#1997 = EDGE_CURVE ( 'NONE', #2746, #1798, #1062, .T. ) ;
#1998 = CARTESIAN_POINT ( 'NONE',  ( -4.540000000000000036, 2.000000000000000000, 4.000000000000000000 ) ) ;
#1999 =( NAMED_UNIT ( * ) PLANE_ANGLE_UNIT ( ) SI_UNIT ( $, .RADIAN. ) );
#2000 =( NAMED_UNIT ( * ) PLANE_ANGLE_UNIT ( ) SI_UNIT ( $, .RADIAN. ) );
#2001 = ORIENTED_EDGE ( 'NONE', *, *, #351, .T. ) ;
#2002 = SURFACE_STYLE_USAGE ( .BOTH. , #803 ) ;
#2003 = CARTESIAN_POINT ( 'NONE',  ( 5.080000000000000071, 2.319999999999664553, 9.999999999999822364 ) ) ;
#2004 = EDGE_CURVE ( 'NONE', #3389, #1884, #3173, .T. ) ;
#2005 = CARTESIAN_POINT ( 'NONE',  ( -2.965000000000000302, 5.204748896376250699E-17, 0.0000000000000000000 ) ) ;
#2006 = CARTESIAN_POINT ( 'NONE',  ( -2.540000000000000036, 0.0000000000000000000, 0.0000000000000000000 ) ) ;
#2007 = ADVANCED_FACE ( 'NONE', ( #1109, #2320 ), #1913, .F. ) ;
#2008 = UNCERTAINTY_MEASURE_WITH_UNIT (LENGTH_MEASURE( 1.000000000000000082E-05 ), #510, 'distance_accuracy_value', 'NONE');
#2009 = EDGE_LOOP ( 'NONE', ( #2245, #2362, #2835, #3221 ) ) ;
#2010 =( LENGTH_UNIT ( ) NAMED_UNIT ( * ) SI_UNIT ( .MILLI., .METRE. ) );
#2011 = FILL_AREA_STYLE_COLOUR ( '', #2974 ) ;
#2012 = CARTESIAN_POINT ( 'NONE',  ( -4.254642819947999755, 0.3499999999999999778, 1.399999999999999911 ) ) ;
#2013 = ORIENTED_EDGE ( 'NONE', *, *, #1049, .T. ) ;
#2014 = SURFACE_STYLE_FILL_AREA ( #2239 ) ;
#2015 = PRESENTATION_STYLE_ASSIGNMENT (( #1155 ) ) ;
#2016 = DIRECTION ( 'NONE',  ( -0.0000000000000000000, -0.0000000000000000000, -1.000000000000000000 ) ) ;
#2017 = EDGE_CURVE ( 'NONE', #872, #3018, #2381, .T. ) ;
#2018 = VECTOR ( 'NONE', #311, 1000.000000000000000 ) ;
#2019 = ORIENTED_EDGE ( 'NONE', *, *, #664, .T. ) ;
#2020 = PRESENTATION_LAYER_ASSIGNMENT (  '', '', ( #2641 ) ) ;
#2021 = DIRECTION ( 'NONE',  ( 0.0000000000000000000, -0.0000000000000000000, 1.000000000000000000 ) ) ;
#2022 = SURFACE_STYLE_USAGE ( .BOTH. , #222 ) ;
#2023 = VECTOR ( 'NONE', #582, 1000.000000000000000 ) ;
#2024 = DIRECTION ( 'NONE',  ( 0.0000000000000000000, 0.0000000000000000000, 1.000000000000000000 ) ) ;
#2025 = FACE_OUTER_BOUND ( 'NONE', #3205, .T. ) ;
#2026 = APPLICATION_PROTOCOL_DEFINITION ( 'draft international standard', 'automotive_design', 1998, #1091 ) ;
#2027 = ORIENTED_EDGE ( 'NONE', *, *, #2995, .T. ) ;
#2028 = PRESENTATION_LAYER_ASSIGNMENT (  '', '', ( #276 ) ) ;
#2029 = DIRECTION ( 'NONE',  ( 1.000000000000000000, 0.0000000000000000000, -0.0000000000000000000 ) ) ;
#2030 = SURFACE_STYLE_USAGE ( .BOTH. , #3473 ) ;
#2031 = EDGE_CURVE ( 'NONE', #1660, #1884, #3816, .T. ) ;
#2032 =( GEOMETRIC_REPRESENTATION_CONTEXT ( 3 ) GLOBAL_UNCERTAINTY_ASSIGNED_CONTEXT ( ( #3603 ) ) GLOBAL_UNIT_ASSIGNED_CONTEXT ( ( #472, #3139, #3775 ) ) REPRESENTATION_CONTEXT ( 'NONE', 'WORKASPACE' ) );
#2033 = DIRECTION ( 'NONE',  ( 0.0000000000000000000, 0.0000000000000000000, 1.000000000000000000 ) ) ;
#2034 = ORIENTED_EDGE ( 'NONE', *, *, #428, .T. ) ;
#2035 = VECTOR ( 'NONE', #2077, 1000.000000000000000 ) ;
#2036 = EDGE_CURVE ( 'NONE', #390, #3389, #1170, .T. ) ;
#2037 = DIRECTION ( 'NONE',  ( 0.0000000000000000000, 0.0000000000000000000, -1.000000000000000000 ) ) ;
#2038 = VECTOR ( 'NONE', #3383, 1000.000000000000000 ) ;
#2039 = MECHANICAL_DESIGN_GEOMETRIC_PRESENTATION_REPRESENTATION (  '', ( #529 ), #1655 ) ;
#2040 =( GEOMETRIC_REPRESENTATION_CONTEXT ( 3 ) GLOBAL_UNCERTAINTY_ASSIGNED_CONTEXT ( ( #383 ) ) GLOBAL_UNIT_ASSIGNED_CONTEXT ( ( #1687, #2509, #2584 ) ) REPRESENTATION_CONTEXT ( 'NONE', 'WORKASPACE' ) );
#2041 = LINE ( 'NONE', #2398, #1203 ) ;
#2042 = COLOUR_RGB ( '',0.4000000000000000222, 0.4000000000000000222, 0.4000000000000000222 ) ;
#2043 = AXIS2_PLACEMENT_3D ( 'NONE', #2111, #1755, #604 ) ;
#2044 = VECTOR ( 'NONE', #2059, 1000.000000000000000 ) ;
#2045 = CARTESIAN_POINT ( 'NONE',  ( 5.080000000000000071, 2.569999999999999840, 6.700000000000000178 ) ) ;
#2046 = DIRECTION ( 'NONE',  ( 1.000000000000000000, 0.0000000000000000000, 0.0000000000000000000 ) ) ;
#2047 = VERTEX_POINT ( 'NONE', #3854 ) ;
#2048 =( GEOMETRIC_REPRESENTATION_CONTEXT ( 3 ) GLOBAL_UNCERTAINTY_ASSIGNED_CONTEXT ( ( #1353 ) ) GLOBAL_UNIT_ASSIGNED_CONTEXT ( ( #1671, #3189, #196 ) ) REPRESENTATION_CONTEXT ( 'NONE', 'WORKASPACE' ) );
#2049 = CARTESIAN_POINT ( 'NONE',  ( -5.080000000000000071, -4.070000000000000284, 6.700000000000000178 ) ) ;
#2050 = AXIS2_PLACEMENT_3D ( 'NONE', #133, #3750, #1947 ) ;
#2051 = CARTESIAN_POINT ( 'NONE',  ( -5.080000000000000071, 3.369999999999999662, 0.0000000000000000000 ) ) ;
#2052 = COLOUR_RGB ( '',0.4000000000000000222, 0.4000000000000000222, 0.4000000000000000222 ) ;
#2053 =( NAMED_UNIT ( * ) PLANE_ANGLE_UNIT ( ) SI_UNIT ( $, .RADIAN. ) );
#2054 = LINE ( 'NONE', #2067, #1147 ) ;
#2055 = EDGE_CURVE ( 'NONE', #2065, #355, #2358, .T. ) ;
#2056 = SURFACE_STYLE_FILL_AREA ( #13 ) ;
#2057 = PLANE ( 'NONE',  #839 ) ;
#2058 = ORIENTED_EDGE ( 'NONE', *, *, #2999, .F. ) ;
#2059 = DIRECTION ( 'NONE',  ( 0.0000000000000000000, -1.000000000000000000, 2.220446049250000002E-16 ) ) ;
#2060 = SURFACE_STYLE_FILL_AREA ( #543 ) ;
#2061 = ORIENTED_EDGE ( 'NONE', *, *, #2752, .T. ) ;
#2062 = DIRECTION ( 'NONE',  ( 0.0000000000000000000, -1.000000000000000000, -0.0000000000000000000 ) ) ;
#2063 = SURFACE_SIDE_STYLE ('',( #545 ) ) ;
#2064 = PLANE ( 'NONE',  #1025 ) ;
#2065 = VERTEX_POINT ( 'NONE', #232 ) ;
#2066 = DIRECTION ( 'NONE',  ( -0.0000000000000000000, -0.0000000000000000000, 1.000000000000000000 ) ) ;
#2067 = CARTESIAN_POINT ( 'NONE',  ( -3.990000000000000657, 1.775737858763661916E-16, 0.0000000000000000000 ) ) ;
#2068 = LINE ( 'NONE', #2425, #1032 ) ;
#2069 = ADVANCED_FACE ( 'NONE', ( #1744 ), #263, .T. ) ;
#2070 = UNCERTAINTY_MEASURE_WITH_UNIT (LENGTH_MEASURE( 1.000000000000000082E-05 ), #2670, 'distance_accuracy_value', 'NONE');
#2071 = ADVANCED_FACE ( 'NONE', ( #2613 ), #2394, .T. ) ;
#2072 = CARTESIAN_POINT ( 'NONE',  ( 0.0000000000000000000, 0.0000000000000000000, 0.0000000000000000000 ) ) ;
#2073 = VERTEX_POINT ( 'NONE', #3315 ) ;
#2074 = CARTESIAN_POINT ( 'NONE',  ( -5.080000000000000071, 4.070000000000000284, 6.700000000000000178 ) ) ;
#2075 = CARTESIAN_POINT ( 'NONE',  ( -0.5400000000000000355, -2.000000000000000000, 0.0000000000000000000 ) ) ;
#2076 = ORIENTED_EDGE ( 'NONE', *, *, #499, .F. ) ;
#2077 = DIRECTION ( 'NONE',  ( 0.0000000000000000000, -1.000000000000000000, -0.0000000000000000000 ) ) ;
#2078 = CYLINDRICAL_SURFACE ( 'NONE', #3547, 1.949999999999999956 ) ;
#2079 = CARTESIAN_POINT ( 'NONE',  ( -5.080000000000000071, -4.070000000000168150, 6.720000000000089457 ) ) ;
#2080 = ORIENTED_EDGE ( 'NONE', *, *, #718, .F. ) ;
#2081 = DIRECTION ( 'NONE',  ( 0.0000000000000000000, -1.000000000000000000, -0.0000000000000000000 ) ) ;
#2082 = PRESENTATION_STYLE_ASSIGNMENT (( #3582 ) ) ;
#2083 = AXIS2_PLACEMENT_3D ( 'NONE', #2679, #2421, #937 ) ;
#2084 = ADVANCED_FACE ( 'NONE', ( #77, #944 ), #357, .T. ) ;
#2085 = DIRECTION ( 'NONE',  ( -0.0000000000000000000, -0.0000000000000000000, 1.000000000000000000 ) ) ;
#2086 = VECTOR ( 'NONE', #3247, 1000.000000000000000 ) ;
#2087 =( GEOMETRIC_REPRESENTATION_CONTEXT ( 3 ) GLOBAL_UNCERTAINTY_ASSIGNED_CONTEXT ( ( #3326 ) ) GLOBAL_UNIT_ASSIGNED_CONTEXT ( ( #816, #2994, #3537 ) ) REPRESENTATION_CONTEXT ( 'NONE', 'WORKASPACE' ) );
#2088 =( NAMED_UNIT ( * ) SI_UNIT ( $, .STERADIAN. ) SOLID_ANGLE_UNIT ( ) );
#2089 = ORIENTED_EDGE ( 'NONE', *, *, #3572, .F. ) ;
#2090 =( LENGTH_UNIT ( ) NAMED_UNIT ( * ) SI_UNIT ( .MILLI., .METRE. ) );
#2091 = MECHANICAL_DESIGN_GEOMETRIC_PRESENTATION_REPRESENTATION (  '', ( #3019 ), #1325 ) ;
#2092 = ADVANCED_FACE ( 'NONE', ( #3372 ), #1555, .F. ) ;
#2093 = AXIS2_PLACEMENT_3D ( 'NONE', #2262, #2901, #135 ) ;
#2094 = ORIENTED_EDGE ( 'NONE', *, *, #3434, .F. ) ;
#2095 = STYLED_ITEM ( 'NONE', ( #659 ), #1343 ) ;
#2096 =( NAMED_UNIT ( * ) PLANE_ANGLE_UNIT ( ) SI_UNIT ( $, .RADIAN. ) );
#2097 = FACE_OUTER_BOUND ( 'NONE', #2204, .T. ) ;
#2098 = MECHANICAL_DESIGN_GEOMETRIC_PRESENTATION_REPRESENTATION (  '', ( #3485 ), #2154 ) ;
#2099 = PRESENTATION_STYLE_ASSIGNMENT (( #2118 ) ) ;
#2100 = SURFACE_STYLE_USAGE ( .BOTH. , #227 ) ;
#2101 = DIRECTION ( 'NONE',  ( -0.0000000000000000000, -0.0000000000000000000, -1.000000000000000000 ) ) ;
#2102 = AXIS2_PLACEMENT_3D ( 'NONE', #547, #2277, #1409 ) ;
#2103 = PRESENTATION_LAYER_ASSIGNMENT (  '', '', ( #1406 ) ) ;
#2104 = AXIS2_PLACEMENT_3D ( 'NONE', #3255, #3513, #860 ) ;
#2105 = CIRCLE ( 'NONE', #226, 1.949999999999999956 ) ;
#2106 = CARTESIAN_POINT ( 'NONE',  ( -0.7900000000000001465, 2.143131898507868297E-16, 0.0000000000000000000 ) ) ;
#2107 = SURFACE_STYLE_USAGE ( .BOTH. , #2465 ) ;
#2108 = CIRCLE ( 'NONE', #715, 1.750000000000000222 ) ;
#2109 = AXIS2_PLACEMENT_3D ( 'NONE', #2764, #319, #1811 ) ;
#2110 = FACE_OUTER_BOUND ( 'NONE', #1112, .T. ) ;
#2111 = CARTESIAN_POINT ( 'NONE',  ( -2.540000000000000036, 0.0000000000000000000, 0.0000000000000000000 ) ) ;
#2112 = UNCERTAINTY_MEASURE_WITH_UNIT (LENGTH_MEASURE( 1.000000000000000082E-05 ), #742, 'distance_accuracy_value', 'NONE');
#2113 = CARTESIAN_POINT ( 'NONE',  ( 5.080000000000000071, 2.569999999999999840, 6.700000000000000178 ) ) ;
#2114 = ORIENTED_EDGE ( 'NONE', *, *, #2017, .F. ) ;
#2115 = ORIENTED_EDGE ( 'NONE', *, *, #3009, .T. ) ;
#2116 = PRESENTATION_STYLE_ASSIGNMENT (( #592 ) ) ;
#2117 = CARTESIAN_POINT ( 'NONE',  ( -2.540000000000000036, 0.0000000000000000000, 0.0000000000000000000 ) ) ;
#2118 = SURFACE_STYLE_USAGE ( .BOTH. , #1750 ) ;
#2119 = PRESENTATION_STYLE_ASSIGNMENT (( #2100 ) ) ;
#2120 =( NAMED_UNIT ( * ) PLANE_ANGLE_UNIT ( ) SI_UNIT ( $, .RADIAN. ) );
#2121 = EDGE_CURVE ( 'NONE', #3624, #1676, #640, .T. ) ;
#2122 = CARTESIAN_POINT ( 'NONE',  ( -2.540000000000000036, 0.0000000000000000000, 0.0000000000000000000 ) ) ;
#2123 = EDGE_CURVE ( 'NONE', #1524, #3178, #1371, .T. ) ;
#2124 = ITEM_DEFINED_TRANSFORMATION ( 'NONE', 'NONE', #205,  #1260 ) ;
#2125 = EDGE_LOOP ( 'NONE', ( #2114, #3521, #2633, #76 ) ) ;
#2126 = VERTEX_POINT ( 'NONE', #139 ) ;
#2127 = PRODUCT_DEFINITION_SHAPE ( 'NONE', 'NONE',  #3884 ) ;
#2128 = PRESENTATION_STYLE_ASSIGNMENT (( #1826 ) ) ;
#2129 = ORIENTED_EDGE ( 'NONE', *, *, #499, .T. ) ;
#2130 = LINE ( 'NONE', #1628, #1530 ) ;
#2131 = PRESENTATION_LAYER_ASSIGNMENT (  '', '', ( #1740 ) ) ;
#2132 = ORIENTED_EDGE ( 'NONE', *, *, #1481, .F. ) ;
#2133 =( NAMED_UNIT ( * ) PLANE_ANGLE_UNIT ( ) SI_UNIT ( $, .RADIAN. ) );
#2134 = SURFACE_STYLE_FILL_AREA ( #3630 ) ;
#2135 = FILL_AREA_STYLE_COLOUR ( '', #3708 ) ;
#2136 = CONTEXT_DEPENDENT_SHAPE_REPRESENTATION ( #2497, #1531 ) ;
#2137 = ORIENTED_EDGE ( 'NONE', *, *, #406, .F. ) ;
#2138 = ORIENTED_EDGE ( 'NONE', *, *, #1618, .F. ) ;
#2139 = DIRECTION ( 'NONE',  ( -1.000000000000000000, 0.0000000000000000000, 0.0000000000000000000 ) ) ;
#2140 = AXIS2_PLACEMENT_3D ( 'NONE', #564, #631, #1162 ) ;
#2141 = VECTOR ( 'NONE', #2740, 1000.000000000000000 ) ;
#2142 =( NAMED_UNIT ( * ) SI_UNIT ( $, .STERADIAN. ) SOLID_ANGLE_UNIT ( ) );
#2143 =( GEOMETRIC_REPRESENTATION_CONTEXT ( 3 ) GLOBAL_UNCERTAINTY_ASSIGNED_CONTEXT ( ( #1568 ) ) GLOBAL_UNIT_ASSIGNED_CONTEXT ( ( #496, #556, #1184 ) ) REPRESENTATION_CONTEXT ( 'NONE', 'WORKASPACE' ) );
#2144 = ORIENTED_EDGE ( 'NONE', *, *, #1494, .F. ) ;
#2145 = MECHANICAL_DESIGN_GEOMETRIC_PRESENTATION_REPRESENTATION (  '', ( #2578 ), #141 ) ;
#2146 =( NAMED_UNIT ( * ) PLANE_ANGLE_UNIT ( ) SI_UNIT ( $, .RADIAN. ) );
#2147 = PRODUCT_DEFINITION_FORMATION_WITH_SPECIFIED_SOURCE ( 'ANY', '', #2565, .NOT_KNOWN. ) ;
#2148 = EDGE_CURVE ( 'NONE', #745, #3123, #3857, .T. ) ;
#2149 = ORIENTED_EDGE ( 'NONE', *, *, #664, .F. ) ;
#2150 = LINE ( 'NONE', #2432, #3736 ) ;
#2151 = AXIS2_PLACEMENT_3D ( 'NONE', #1496, #2024, #1818 ) ;
#2152 = CARTESIAN_POINT ( 'NONE',  ( -2.540000000000000036, 0.0000000000000000000, 0.0000000000000000000 ) ) ;
#2153 = PLANE ( 'NONE',  #3281 ) ;
#2154 =( GEOMETRIC_REPRESENTATION_CONTEXT ( 3 ) GLOBAL_UNCERTAINTY_ASSIGNED_CONTEXT ( ( #3870 ) ) GLOBAL_UNIT_ASSIGNED_CONTEXT ( ( #1231, #1255, #3377 ) ) REPRESENTATION_CONTEXT ( 'NONE', 'WORKASPACE' ) );
#2155 = PRESENTATION_LAYER_ASSIGNMENT (  '', '', ( #2361 ) ) ;
#2156 = CARTESIAN_POINT ( 'NONE',  ( 0.5900000000000003020, 2.388061258337338643E-16, 10.00000000000000000 ) ) ;
#2157 = DIRECTION ( 'NONE',  ( 1.000000000000000000, 0.0000000000000000000, -0.0000000000000000000 ) ) ;
#2158 =( GEOMETRIC_REPRESENTATION_CONTEXT ( 3 ) GLOBAL_UNCERTAINTY_ASSIGNED_CONTEXT ( ( #3867 ) ) GLOBAL_UNIT_ASSIGNED_CONTEXT ( ( #875, #2675, #235 ) ) REPRESENTATION_CONTEXT ( 'NONE', 'WORKASPACE' ) );
#2159 = PRESENTATION_LAYER_ASSIGNMENT (  '', '', ( #2909 ) ) ;
#2160 = VECTOR ( 'NONE', #3142, 1000.000000000000000 ) ;
#2161 = MECHANICAL_DESIGN_GEOMETRIC_PRESENTATION_REPRESENTATION (  '', ( #2370 ), #2299 ) ;
#2162 = MECHANICAL_DESIGN_GEOMETRIC_PRESENTATION_REPRESENTATION (  '', ( #2665 ), #1792 ) ;
#2163 = CARTESIAN_POINT ( 'NONE',  ( 5.080000000000000071, 4.070000000000000284, 10.00000000000000000 ) ) ;
#2164 = ORIENTED_EDGE ( 'NONE', *, *, #3391, .T. ) ;
#2165 = ADVANCED_FACE ( 'NONE', ( #2805 ), #3104, .T. ) ;
#2166 = VERTEX_POINT ( 'NONE', #3772 ) ;
#2167 = AXIS2_PLACEMENT_3D ( 'NONE', #1896, #2214, #3724 ) ;
#2168 = UNCERTAINTY_MEASURE_WITH_UNIT (LENGTH_MEASURE( 1.000000000000000082E-05 ), #1883, 'distance_accuracy_value', 'NONE');
#2169 = CIRCLE ( 'NONE', #2050, 1.449999999999999956 ) ;
#2170 = SURFACE_STYLE_FILL_AREA ( #668 ) ;
#2171 = VERTEX_POINT ( 'NONE', #2510 ) ;
#2172 = FACE_OUTER_BOUND ( 'NONE', #1767, .T. ) ;
#2173 = EDGE_CURVE ( 'NONE', #1929, #2441, #3238, .T. ) ;
#2174 = ORIENTED_EDGE ( 'NONE', *, *, #1506, .T. ) ;
#2175 =( NAMED_UNIT ( * ) PLANE_ANGLE_UNIT ( ) SI_UNIT ( $, .RADIAN. ) );
#2176 = ORIENTED_EDGE ( 'NONE', *, *, #2873, .F. ) ;
#2177 = CARTESIAN_POINT ( 'NONE',  ( 4.490000000000000213, 0.0000000000000000000, 6.700000000000000178 ) ) ;
#2178 = PRESENTATION_STYLE_ASSIGNMENT (( #2741 ) ) ;
#2179 = DIRECTION ( 'NONE',  ( 0.0000000000000000000, 0.0000000000000000000, 1.000000000000000000 ) ) ;
#2180 = DIRECTION ( 'NONE',  ( -1.000000000000000000, -0.0000000000000000000, 0.0000000000000000000 ) ) ;
#2181 = FILL_AREA_STYLE ('',( #1305 ) ) ;
#2182 = ORIENTED_EDGE ( 'NONE', *, *, #2375, .T. ) ;
#2183 = EDGE_CURVE ( 'NONE', #943, #377, #3712, .T. ) ;
#2184 = SURFACE_SIDE_STYLE ('',( #682 ) ) ;
#2185 = EDGE_CURVE ( 'NONE', #2763, #2514, #1612, .T. ) ;
#2186 = ADVANCED_FACE ( 'NONE', ( #1019 ), #722, .F. ) ;
#2187 = VERTEX_POINT ( 'NONE', #1710 ) ;
#2188 = LINE ( 'NONE', #130, #1903 ) ;
#2189 = ORIENTED_EDGE ( 'NONE', *, *, #3431, .F. ) ;
#2190 = DIRECTION ( 'NONE',  ( 0.0000000000000000000, 0.0000000000000000000, 1.000000000000000000 ) ) ;
#2191 = EDGE_LOOP ( 'NONE', ( #3270, #83, #809, #1684 ) ) ;
#2192 = CYLINDRICAL_SURFACE ( 'NONE', #2852, 0.4250000000000000444 ) ;
#2193 = DIRECTION ( 'NONE',  ( 0.0000000000000000000, -0.0000000000000000000, -1.000000000000000000 ) ) ;
#2194 = UNCERTAINTY_MEASURE_WITH_UNIT (LENGTH_MEASURE( 1.000000000000000082E-05 ), #2287, 'distance_accuracy_value', 'NONE');
#2195 = LINE ( 'NONE', #2259, #634 ) ;
#2196 = FILL_AREA_STYLE ('',( #660 ) ) ;
#2197 = FILL_AREA_STYLE_COLOUR ( '', #1458 ) ;
#2198 = DIRECTION ( 'NONE',  ( -1.000000000000000000, -0.0000000000000000000, 0.0000000000000000000 ) ) ;
#2199 =( LENGTH_UNIT ( ) NAMED_UNIT ( * ) SI_UNIT ( .MILLI., .METRE. ) );
#2200 = EDGE_CURVE ( 'NONE', #997, #2612, #325, .T. ) ;
#2201 = ORIENTED_EDGE ( 'NONE', *, *, #105, .F. ) ;
#2202 = FILL_AREA_STYLE ('',( #446 ) ) ;
#2203 = SURFACE_STYLE_FILL_AREA ( #1329 ) ;
#2204 = EDGE_LOOP ( 'NONE', ( #1934, #889, #1228, #1082 ) ) ;
#2205 = COLOUR_RGB ( '',0.1960784313725490169, 0.1960784313725490169, 0.1960784313725490169 ) ;
#2206 = DIRECTION ( 'NONE',  ( 1.000000000000000000, 0.0000000000000000000, -0.0000000000000000000 ) ) ;
#2207 = PRESENTATION_LAYER_ASSIGNMENT (  '', '', ( #1570 ) ) ;
#2208 = PRESENTATION_STYLE_ASSIGNMENT (( #114 ) ) ;
#2209 = VECTOR ( 'NONE', #3670, 1000.000000000000000 ) ;
#2210 =( GEOMETRIC_REPRESENTATION_CONTEXT ( 3 ) GLOBAL_UNCERTAINTY_ASSIGNED_CONTEXT ( ( #1607 ) ) GLOBAL_UNIT_ASSIGNED_CONTEXT ( ( #3861, #3808, #2327 ) ) REPRESENTATION_CONTEXT ( 'NONE', 'WORKASPACE' ) );
#2211 = ORIENTED_EDGE ( 'NONE', *, *, #2691, .F. ) ;
#2212 = CARTESIAN_POINT ( 'NONE',  ( 4.700000000000000178, -4.070000000000000284, 6.700000000000000178 ) ) ;
#2213 = VERTEX_POINT ( 'NONE', #2315 ) ;
#2214 = DIRECTION ( 'NONE',  ( -1.000000000000000000, 0.0000000000000000000, 0.0000000000000000000 ) ) ;
#2215 = STYLED_ITEM ( 'NONE', ( #1936 ), #1216 ) ;
#2216 = FILL_AREA_STYLE_COLOUR ( '', #2538 ) ;
#2217 =( NAMED_UNIT ( * ) SI_UNIT ( $, .STERADIAN. ) SOLID_ANGLE_UNIT ( ) );
#2218 = AXIS2_PLACEMENT_3D ( 'NONE', #1858, #2726, #2157 ) ;
#2219 = DIRECTION ( 'NONE',  ( 0.0000000000000000000, -1.000000000000000000, 0.0000000000000000000 ) ) ;
#2220 =( NAMED_UNIT ( * ) PLANE_ANGLE_UNIT ( ) SI_UNIT ( $, .RADIAN. ) );
#2221 = VECTOR ( 'NONE', #3064, 1000.000000000000000 ) ;
#2222 = STYLED_ITEM ( 'NONE', ( #3102 ), #1649 ) ;
#2223 =( NAMED_UNIT ( * ) PLANE_ANGLE_UNIT ( ) SI_UNIT ( $, .RADIAN. ) );
#2224 = VECTOR ( 'NONE', #270, 1000.000000000000000 ) ;
#2225 = AXIS2_PLACEMENT_3D ( 'NONE', #437, #3763, #3453 ) ;
#2226 =( GEOMETRIC_REPRESENTATION_CONTEXT ( 3 ) GLOBAL_UNCERTAINTY_ASSIGNED_CONTEXT ( ( #692 ) ) GLOBAL_UNIT_ASSIGNED_CONTEXT ( ( #2549, #1120, #1672 ) ) REPRESENTATION_CONTEXT ( 'NONE', 'WORKASPACE' ) );
#2227 = COLOUR_RGB ( '',0.4274509803921568429, 0.4705882352941176405, 0.5411764705882352589 ) ;
#2228 = STYLED_ITEM ( 'NONE', ( #136 ), #3339 ) ;
#2229 = PRESENTATION_LAYER_ASSIGNMENT (  '', '', ( #465 ) ) ;
#2230 =( GEOMETRIC_REPRESENTATION_CONTEXT ( 3 ) GLOBAL_UNCERTAINTY_ASSIGNED_CONTEXT ( ( #300 ) ) GLOBAL_UNIT_ASSIGNED_CONTEXT ( ( #1794, #3325, #2391 ) ) REPRESENTATION_CONTEXT ( 'NONE', 'WORKASPACE' ) );
#2231 = PRESENTATION_LAYER_ASSIGNMENT (  '', '', ( #533 ) ) ;
#2232 = UNCERTAINTY_MEASURE_WITH_UNIT (LENGTH_MEASURE( 1.000000000000000082E-05 ), #146, 'distance_accuracy_value', 'NONE');
#2233 = VERTEX_POINT ( 'NONE', #309 ) ;
#2234 = CARTESIAN_POINT ( 'NONE',  ( -0.4000000000000001332, 2.429999999999999716, 6.700000000000000178 ) ) ;
#2235 = VECTOR ( 'NONE', #3413, 1000.000000000000000 ) ;
#2236 = PRODUCT ( 'Geh\X2\03a3\X0\use_komplett', 'Geh\X2\03a3\X0\use_komplett', '', ( #1142 ) ) ;
#2237 = FACE_OUTER_BOUND ( 'NONE', #3675, .T. ) ;
#2238 = VERTEX_POINT ( 'NONE', #3598 ) ;
#2239 = FILL_AREA_STYLE ('',( #1930 ) ) ;
#2240 = EDGE_CURVE ( 'NONE', #1695, #1313, #2997, .T. ) ;
#2241 = SURFACE_SIDE_STYLE ('',( #1996 ) ) ;
#2242 = UNCERTAINTY_MEASURE_WITH_UNIT (LENGTH_MEASURE( 1.000000000000000082E-05 ), #2304, 'distance_accuracy_value', 'NONE');
#2243 = FILL_AREA_STYLE ('',( #463 ) ) ;
#2244 =( NAMED_UNIT ( * ) SI_UNIT ( $, .STERADIAN. ) SOLID_ANGLE_UNIT ( ) );
#2245 = ORIENTED_EDGE ( 'NONE', *, *, #27, .F. ) ;
#2246 = FACE_BOUND ( 'NONE', #1802, .T. ) ;
#2247 = FILL_AREA_STYLE_COLOUR ( '', #2531 ) ;
#2248 = DIRECTION ( 'NONE',  ( 0.0000000000000000000, 0.8822784699680811249, 0.4707278422090432346 ) ) ;
#2249 = CARTESIAN_POINT ( 'NONE',  ( -2.540000000000000036, 0.0000000000000000000, 0.0000000000000000000 ) ) ;
#2250 = DIRECTION ( 'NONE',  ( -1.000000000000000000, 0.0000000000000000000, 0.0000000000000000000 ) ) ;
#2251 =( NAMED_UNIT ( * ) SI_UNIT ( $, .STERADIAN. ) SOLID_ANGLE_UNIT ( ) );
#2252 = CARTESIAN_POINT ( 'NONE',  ( 5.879999999999999893, 2.569999999999999840, 0.0000000000000000000 ) ) ;
#2253 = LINE ( 'NONE', #3759, #3306 ) ;
#2254 =( NAMED_UNIT ( * ) PLANE_ANGLE_UNIT ( ) SI_UNIT ( $, .RADIAN. ) );
#2255 = EDGE_LOOP ( 'NONE', ( #2462, #1547 ) ) ;
#2256 = DIRECTION ( 'NONE',  ( 0.0000000000000000000, -1.000000000000000000, -0.0000000000000000000 ) ) ;
#2257 = FILL_AREA_STYLE_COLOUR ( '', #3709 ) ;
#2258 = CARTESIAN_POINT ( 'NONE',  ( 5.080000000000000071, 4.070000000000000284, 0.0000000000000000000 ) ) ;
#2259 = CARTESIAN_POINT ( 'NONE',  ( -0.5400000000000000355, -2.000000000000000000, 0.0000000000000000000 ) ) ;
#2260 = DIRECTION ( 'NONE',  ( -0.0000000000000000000, -0.0000000000000000000, -1.000000000000000000 ) ) ;
#2261 = EDGE_LOOP ( 'NONE', ( #3514, #3665 ) ) ;
#2262 = CARTESIAN_POINT ( 'NONE',  ( -4.540000000000000036, 2.000000000000000000, 0.0000000000000000000 ) ) ;
#2263 = PLANE ( 'NONE',  #3098 ) ;
#2264 =( NAMED_UNIT ( * ) SI_UNIT ( $, .STERADIAN. ) SOLID_ANGLE_UNIT ( ) );
#2265 = DIRECTION ( 'NONE',  ( 0.0000000000000000000, -3.200642953874000098E-16, -1.000000000000000000 ) ) ;
#2266 =( NAMED_UNIT ( * ) PLANE_ANGLE_UNIT ( ) SI_UNIT ( $, .RADIAN. ) );
#2267 = CARTESIAN_POINT ( 'NONE',  ( -4.280000000000000249, 2.569999999999999840, 6.700000000000000178 ) ) ;
#2268 = CARTESIAN_POINT ( 'NONE',  ( -5.080000000000000071, 2.569999999999999840, 6.700000000000000178 ) ) ;
#2269 = SURFACE_SIDE_STYLE ('',( #3760 ) ) ;
#2270 = DIRECTION ( 'NONE',  ( 0.0000000000000000000, 0.4707278422086826897, -0.8822784699682734155 ) ) ;
#2271 = ORIENTED_EDGE ( 'NONE', *, *, #776, .F. ) ;
#2272 = CARTESIAN_POINT ( 'NONE',  ( -0.7900000000000001465, 2.143131898507868297E-16, 0.5999999999999999778 ) ) ;
#2273 = CARTESIAN_POINT ( 'NONE',  ( -5.080000000000000071, 4.070000000000000284, 0.0000000000000000000 ) ) ;
#2274 = LINE ( 'NONE', #774, #3216 ) ;
#2275 = PRESENTATION_LAYER_ASSIGNMENT (  '', '', ( #3644 ) ) ;
#2276 = AXIS2_PLACEMENT_3D ( 'NONE', #1068, #1948, #1698 ) ;
#2277 = DIRECTION ( 'NONE',  ( -0.0000000000000000000, -0.0000000000000000000, -1.000000000000000000 ) ) ;
#2278 = PRESENTATION_LAYER_ASSIGNMENT (  '', '', ( #952 ) ) ;
#2279 =( LENGTH_UNIT ( ) NAMED_UNIT ( * ) SI_UNIT ( .MILLI., .METRE. ) );
#2280 = CARTESIAN_POINT ( 'NONE',  ( 2.540000000000000036, 0.0000000000000000000, 10.00000000000000000 ) ) ;
#2281 = AXIS2_PLACEMENT_3D ( 'NONE', #1878, #368, #1564 ) ;
#2282 = ORIENTED_EDGE ( 'NONE', *, *, #489, .F. ) ;
#2283 = PLANE ( 'NONE',  #2093 ) ;
#2284 = FACE_OUTER_BOUND ( 'NONE', #1668, .T. ) ;
#2285 = CARTESIAN_POINT ( 'NONE',  ( 5.080000000000000071, -4.070000000000168150, 6.720000000000089457 ) ) ;
#2286 = COLOUR_RGB ( '',0.4274509803921568429, 0.4705882352941176405, 0.5411764705882352589 ) ;
#2287 =( LENGTH_UNIT ( ) NAMED_UNIT ( * ) SI_UNIT ( .MILLI., .METRE. ) );
#2288 = APPLICATION_PROTOCOL_DEFINITION ( 'draft international standard', 'automotive_design', 1998, #2838 ) ;
#2289 = AXIS2_PLACEMENT_3D ( 'NONE', #1783, #650, #1854 ) ;
#2290 = EDGE_CURVE ( 'NONE', #3346, #612, #1525, .T. ) ;
#2291 = FACE_OUTER_BOUND ( 'NONE', #3652, .T. ) ;
#2292 = ORIENTED_EDGE ( 'NONE', *, *, #1619, .F. ) ;
#2293 = EDGE_CURVE ( 'NONE', #3663, #1172, #3507, .T. ) ;
#2294 = DIRECTION ( 'NONE',  ( 0.0000000000000000000, 0.0000000000000000000, 1.000000000000000000 ) ) ;
#2295 = PRESENTATION_LAYER_ASSIGNMENT (  '', '', ( #89 ) ) ;
#2296 = SURFACE_STYLE_USAGE ( .BOTH. , #182 ) ;
#2297 = MECHANICAL_DESIGN_GEOMETRIC_PRESENTATION_REPRESENTATION (  '', ( #3031 ), #2040 ) ;
#2298 = CARTESIAN_POINT ( 'NONE',  ( -5.080000000000000071, 4.070000000000335127, 6.720000000000179163 ) ) ;
#2299 =( GEOMETRIC_REPRESENTATION_CONTEXT ( 3 ) GLOBAL_UNCERTAINTY_ASSIGNED_CONTEXT ( ( #3191 ) ) GLOBAL_UNIT_ASSIGNED_CONTEXT ( ( #3204, #1638, #191 ) ) REPRESENTATION_CONTEXT ( 'NONE', 'WORKASPACE' ) );
#2300 = VERTEX_POINT ( 'NONE', #3618 ) ;
#2301 = STYLED_ITEM ( 'NONE', ( #915 ), #2084 ) ;
#2302 = LINE ( 'NONE', #455, #88 ) ;
#2303 = DIRECTION ( 'NONE',  ( 0.0000000000000000000, 0.0000000000000000000, -1.000000000000000000 ) ) ;
#2304 =( LENGTH_UNIT ( ) NAMED_UNIT ( * ) SI_UNIT ( .MILLI., .METRE. ) );
#2305 = COLOUR_RGB ( '',0.4274509803921568429, 0.4705882352941176405, 0.5411764705882352589 ) ;
#2306 = PRODUCT_DEFINITION ( 'UNKNOWN', '', #2147, #124 ) ;
#2307 = SURFACE_SIDE_STYLE ('',( #1094 ) ) ;
#2308 = CLOSED_SHELL ( 'NONE', ( #3339, #2464, #1216, #791, #3223, #938, #3316, #907, #3043, #194, #1327 ) ) ;
#2309 = DIRECTION ( 'NONE',  ( 1.000000000000000000, 0.0000000000000000000, 0.0000000000000000000 ) ) ;
#2310 = EDGE_CURVE ( 'NONE', #216, #1929, #902, .T. ) ;
#2311 = ORIENTED_EDGE ( 'NONE', *, *, #3220, .T. ) ;
#2312 = CARTESIAN_POINT ( 'NONE',  ( -5.080000000000000071, -4.070000000000000284, 10.00000000000000000 ) ) ;
#2313 = DIRECTION ( 'NONE',  ( -0.0000000000000000000, -0.0000000000000000000, -1.000000000000000000 ) ) ;
#2314 = CARTESIAN_POINT ( 'NONE',  ( -5.080000000000000071, 3.194999999999999840, 8.359999999999999432 ) ) ;
#2315 = CARTESIAN_POINT ( 'NONE',  ( 5.080000000000000071, 3.370000000000000107, 0.0000000000000000000 ) ) ;
#2316 = FACE_OUTER_BOUND ( 'NONE', #3370, .T. ) ;
#2317 = CARTESIAN_POINT ( 'NONE',  ( 0.0000000000000000000, 0.0000000000000000000, 1.199999999999999956 ) ) ;
#2318 = PRESENTATION_STYLE_ASSIGNMENT (( #3468 ) ) ;
#2319 = EDGE_LOOP ( 'NONE', ( #302, #369, #3558, #1895 ) ) ;
#2320 = FACE_OUTER_BOUND ( 'NONE', #398, .T. ) ;
#2321 = ADVANCED_FACE ( 'NONE', ( #3208 ), #2399, .T. ) ;
#2322 = FILL_AREA_STYLE_COLOUR ( '', #324 ) ;
#2323 = ORIENTED_EDGE ( 'NONE', *, *, #2173, .T. ) ;
#2324 =( NAMED_UNIT ( * ) SI_UNIT ( $, .STERADIAN. ) SOLID_ANGLE_UNIT ( ) );
#2325 = FILL_AREA_STYLE ('',( #1378 ) ) ;
#2326 = CARTESIAN_POINT ( 'NONE',  ( -3.240000000000000213, 4.070000000000000284, 0.0000000000000000000 ) ) ;
#2327 =( NAMED_UNIT ( * ) SI_UNIT ( $, .STERADIAN. ) SOLID_ANGLE_UNIT ( ) );
#2328 = CARTESIAN_POINT ( 'NONE',  ( -4.700000000000000178, -4.070000000000000284, 6.700000000000000178 ) ) ;
#2329 = SURFACE_SIDE_STYLE ('',( #819 ) ) ;
#2330 = ORIENTED_EDGE ( 'NONE', *, *, #1197, .F. ) ;
#2331 = DIRECTION ( 'NONE',  ( -0.0000000000000000000, -0.0000000000000000000, 1.000000000000000000 ) ) ;
#2332 = CARTESIAN_POINT ( 'NONE',  ( 2.540000000000000036, 0.0000000000000000000, 10.00000000000000000 ) ) ;
#2333 = PRESENTATION_STYLE_ASSIGNMENT (( #1119 ) ) ;
#2334 = ADVANCED_FACE ( 'NONE', ( #2695 ), #598, .T. ) ;
#2335 = ORIENTED_EDGE ( 'NONE', *, *, #3518, .F. ) ;
#2336 = FILL_AREA_STYLE ('',( #1438 ) ) ;
#2337 = LINE ( 'NONE', #2935, #3648 ) ;
#2338 = VERTEX_POINT ( 'NONE', #2177 ) ;
#2339 = CARTESIAN_POINT ( 'NONE',  ( -1.090000000000000302, 0.0000000000000000000, -4.000000000000000000 ) ) ;
#2340 = CARTESIAN_POINT ( 'NONE',  ( -4.700000000000000178, -4.070000000000000284, 6.700000000000000178 ) ) ;
#2341 = DIRECTION ( 'NONE',  ( -0.0000000000000000000, -1.000000000000000000, 0.0000000000000000000 ) ) ;
#2342 = ADVANCED_FACE ( 'NONE', ( #1561 ), #1262, .T. ) ;
#2343 =( LENGTH_UNIT ( ) NAMED_UNIT ( * ) SI_UNIT ( .MILLI., .METRE. ) );
#2344 = MECHANICAL_DESIGN_GEOMETRIC_PRESENTATION_REPRESENTATION (  '', ( #1382 ), #2887 ) ;
#2345 = ORIENTED_EDGE ( 'NONE', *, *, #3401, .F. ) ;
#2346 = VECTOR ( 'NONE', #3642, 1000.000000000000000 ) ;
#2347 = CARTESIAN_POINT ( 'NONE',  ( -4.540000000000000036, 2.000000000000000000, 4.000000000000000000 ) ) ;
#2348 = DIRECTION ( 'NONE',  ( 1.000000000000000000, 0.0000000000000000000, 0.0000000000000000000 ) ) ;
#2349 = CIRCLE ( 'NONE', #3714, 1.750000000000000222 ) ;
#2350 = PRESENTATION_STYLE_ASSIGNMENT (( #3868 ) ) ;
#2351 = DIRECTION ( 'NONE',  ( 0.0000000000000000000, -2.990902544787598592E-16, -1.000000000000000000 ) ) ;
#2352 =( GEOMETRIC_REPRESENTATION_CONTEXT ( 3 ) GLOBAL_UNCERTAINTY_ASSIGNED_CONTEXT ( ( #2008 ) ) GLOBAL_UNIT_ASSIGNED_CONTEXT ( ( #510, #3228, #261 ) ) REPRESENTATION_CONTEXT ( 'NONE', 'WORKASPACE' ) );
#2353 = FACE_OUTER_BOUND ( 'NONE', #1097, .T. ) ;
#2354 = MECHANICAL_DESIGN_GEOMETRIC_PRESENTATION_REPRESENTATION (  '', ( #1580 ), #516 ) ;
#2355 = SURFACE_STYLE_FILL_AREA ( #245 ) ;
#2356 = ORIENTED_EDGE ( 'NONE', *, *, #518, .T. ) ;
#2357 = AXIS2_PLACEMENT_3D ( 'NONE', #2580, #1366, #134 ) ;
#2358 = LINE ( 'NONE', #873, #3428 ) ;
#2359 =( NAMED_UNIT ( * ) SI_UNIT ( $, .STERADIAN. ) SOLID_ANGLE_UNIT ( ) );
#2360 = MECHANICAL_DESIGN_GEOMETRIC_PRESENTATION_REPRESENTATION (  '', ( #456 ), #90 ) ;
#2361 = STYLED_ITEM ( 'NONE', ( #301 ), #1538 ) ;
#2362 = ORIENTED_EDGE ( 'NONE', *, *, #2055, .F. ) ;
#2363 = VECTOR ( 'NONE', #2941, 1000.000000000000000 ) ;
#2364 = FILL_AREA_STYLE ('',( #2385 ) ) ;
#2365 = PRESENTATION_LAYER_ASSIGNMENT (  '', '', ( #3243 ) ) ;
#2366 = MECHANICAL_DESIGN_GEOMETRIC_PRESENTATION_REPRESENTATION (  '', ( #1969 ), #2469 ) ;
#2367 = AXIS2_PLACEMENT_3D ( 'NONE', #1326, #2547, #2821 ) ;
#2368 = CARTESIAN_POINT ( 'NONE',  ( 4.490000000000000213, 0.0000000000000000000, 10.00000000000000000 ) ) ;
#2369 = VECTOR ( 'NONE', #720, 1000.000000000000000 ) ;
#2370 = STYLED_ITEM ( 'NONE', ( #3184 ), #2586 ) ;
#2371 = SURFACE_STYLE_USAGE ( .BOTH. , #3261 ) ;
#2372 = ADVANCED_FACE ( 'NONE', ( #3666 ), #401, .T. ) ;
#2373 = ORIENTED_EDGE ( 'NONE', *, *, #2871, .F. ) ;
#2374 = CARTESIAN_POINT ( 'NONE',  ( -5.080000000000000071, 2.569999999999999396, 0.0000000000000000000 ) ) ;
#2375 = EDGE_CURVE ( 'NONE', #541, #3459, #2446, .T. ) ;
#2376 = FILL_AREA_STYLE ('',( #1807 ) ) ;
#2377 = CARTESIAN_POINT ( 'NONE',  ( -5.080000000000000071, 2.319999999999831974, 9.999999999999911182 ) ) ;
#2378 = APPLICATION_PROTOCOL_DEFINITION ( 'draft international standard', 'automotive_design', 1998, #3116 ) ;
#2379 = PRESENTATION_STYLE_ASSIGNMENT (( #1168 ) ) ;
#2380 = ORIENTED_EDGE ( 'NONE', *, *, #610, .F. ) ;
#2381 = LINE ( 'NONE', #1485, #3733 ) ;
#2382 =( GEOMETRIC_REPRESENTATION_CONTEXT ( 3 ) GLOBAL_UNCERTAINTY_ASSIGNED_CONTEXT ( ( #1318 ) ) GLOBAL_UNIT_ASSIGNED_CONTEXT ( ( #402, #3151, #1037 ) ) REPRESENTATION_CONTEXT ( 'NONE', 'WORKASPACE' ) );
#2383 =( LENGTH_UNIT ( ) NAMED_UNIT ( * ) SI_UNIT ( .MILLI., .METRE. ) );
#2384 = VERTEX_POINT ( 'NONE', #380 ) ;
#2385 = FILL_AREA_STYLE_COLOUR ( '', #3612 ) ;
#2386 = SURFACE_STYLE_FILL_AREA ( #3501 ) ;
#2387 =( NAMED_UNIT ( * ) PLANE_ANGLE_UNIT ( ) SI_UNIT ( $, .RADIAN. ) );
#2388 = CARTESIAN_POINT ( 'NONE',  ( 1.840000000000000080, 0.7299999999999999822, 1.149999999999999911 ) ) ;
#2389 = CARTESIAN_POINT ( 'NONE',  ( -0.5900000000000003020, 0.0000000000000000000, 6.700000000000000178 ) ) ;
#2390 = PRESENTATION_STYLE_ASSIGNMENT (( #2961 ) ) ;
#2391 =( NAMED_UNIT ( * ) SI_UNIT ( $, .STERADIAN. ) SOLID_ANGLE_UNIT ( ) );
#2392 = UNCERTAINTY_MEASURE_WITH_UNIT (LENGTH_MEASURE( 1.000000000000000082E-05 ), #1296, 'distance_accuracy_value', 'NONE');
#2393 = VERTEX_POINT ( 'NONE', #2504 ) ;
#2394 = PLANE ( 'NONE',  #3615 ) ;
#2395 = ORIENTED_EDGE ( 'NONE', *, *, #1044, .F. ) ;
#2396 = PLANE ( 'NONE',  #1788 ) ;
#2397 = SURFACE_STYLE_USAGE ( .BOTH. , #1815 ) ;
#2398 = CARTESIAN_POINT ( 'NONE',  ( 1.840000000000000080, -4.070000000000000284, 0.0000000000000000000 ) ) ;
#2399 = PLANE ( 'NONE',  #2850 ) ;
#2400 = CARTESIAN_POINT ( 'NONE',  ( 5.080000000000000071, -2.319999999999999840, 10.00000000000000000 ) ) ;
#2401 =( LENGTH_UNIT ( ) NAMED_UNIT ( * ) SI_UNIT ( .MILLI., .METRE. ) );
#2402 = SURFACE_SIDE_STYLE ('',( #868 ) ) ;
#2403 = PRESENTATION_STYLE_ASSIGNMENT (( #2647 ) ) ;
#2404 = PRESENTATION_STYLE_ASSIGNMENT (( #2701 ) ) ;
#2405 = AXIS2_PLACEMENT_3D ( 'NONE', #546, #2677, #1766 ) ;
#2406 = DIRECTION ( 'NONE',  ( 0.0000000000000000000, 1.000000000000000000, 0.0000000000000000000 ) ) ;
#2407 = EDGE_LOOP ( 'NONE', ( #1853, #3412 ) ) ;
#2408 = SURFACE_STYLE_USAGE ( .BOTH. , #303 ) ;
#2409 = AXIS2_PLACEMENT_3D ( 'NONE', #753, #3442, #1704 ) ;
#2410 = COLOUR_RGB ( '',0.1960784313725490169, 0.1960784313725490169, 0.1960784313725490169 ) ;
#2411 = ORIENTED_EDGE ( 'NONE', *, *, #3586, .F. ) ;
#2412 = EDGE_CURVE ( 'NONE', #1873, #2474, #1217, .T. ) ;
#2413 = CARTESIAN_POINT ( 'NONE',  ( -2.965000000000000302, 5.204748896376250083E-17, 0.0000000000000000000 ) ) ;
#2414 = SURFACE_STYLE_FILL_AREA ( #306 ) ;
#2415 = PRESENTATION_LAYER_ASSIGNMENT (  '', '', ( #3609 ) ) ;
#2416 = COLOUR_RGB ( '',0.1960784313725490169, 0.1960784313725490169, 0.1960784313725490169 ) ;
#2417 = COLOUR_RGB ( '',0.1960784313725490169, 0.1960784313725490169, 0.1960784313725490169 ) ;
#2418 = PRODUCT_DEFINITION ( 'UNKNOWN', '', #3540, #3060 ) ;
#2419 = COLOUR_RGB ( '',0.4274509803921568429, 0.4705882352941176405, 0.5411764705882352589 ) ;
#2420 = VECTOR ( 'NONE', #3222, 1000.000000000000000 ) ;
#2421 = DIRECTION ( 'NONE',  ( -0.0000000000000000000, -0.0000000000000000000, -1.000000000000000000 ) ) ;
#2422 = ADVANCED_FACE ( 'NONE', ( #1576 ), #2776, .T. ) ;
#2423 = MECHANICAL_DESIGN_GEOMETRIC_PRESENTATION_REPRESENTATION (  '', ( #230 ), #1164 ) ;
#2424 = DIRECTION ( 'NONE',  ( 0.0000000000000000000, -2.990902544787598592E-16, -1.000000000000000000 ) ) ;
#2425 = CARTESIAN_POINT ( 'NONE',  ( -4.700000000000000178, 2.430000000000000160, 6.700000000000000178 ) ) ;
#2426 = UNCERTAINTY_MEASURE_WITH_UNIT (LENGTH_MEASURE( 1.000000000000000082E-05 ), #540, 'distance_accuracy_value', 'NONE');
#2427 = ADVANCED_BREP_SHAPE_REPRESENTATION ( '', ( #38, #1260 ), #6 ) ;
#2428 = VERTEX_POINT ( 'NONE', #3748 ) ;
#2429 = ORIENTED_EDGE ( 'NONE', *, *, #2173, .F. ) ;
#2430 = SURFACE_STYLE_FILL_AREA ( #3625 ) ;
#2431 = LINE ( 'NONE', #3048, #580 ) ;
#2432 = CARTESIAN_POINT ( 'NONE',  ( 4.700000000000000178, 2.429999999999999716, 6.700000000000000178 ) ) ;
#2433 =( LENGTH_UNIT ( ) NAMED_UNIT ( * ) SI_UNIT ( .MILLI., .METRE. ) );
#2434 = SURFACE_STYLE_FILL_AREA ( #2643 ) ;
#2435 = SURFACE_STYLE_USAGE ( .BOTH. , #386 ) ;
#2436 =( NAMED_UNIT ( * ) PLANE_ANGLE_UNIT ( ) SI_UNIT ( $, .RADIAN. ) );
#2437 = ORIENTED_EDGE ( 'NONE', *, *, #957, .F. ) ;
#2438 = EDGE_LOOP ( 'NONE', ( #1224, #3198, #2189, #1546 ) ) ;
#2439 = FILL_AREA_STYLE ('',( #2734 ) ) ;
#2440 = EDGE_CURVE ( 'NONE', #3074, #1873, #773, .T. ) ;
#2441 = VERTEX_POINT ( 'NONE', #1052 ) ;
#2442 = SURFACE_SIDE_STYLE ('',( #2430 ) ) ;
#2443 = VERTEX_POINT ( 'NONE', #3150 ) ;
#2444 = SURFACE_STYLE_FILL_AREA ( #672 ) ;
#2445 = ORIENTED_EDGE ( 'NONE', *, *, #793, .F. ) ;
#2446 = LINE ( 'NONE', #1605, #969 ) ;
#2447 = DIRECTION ( 'NONE',  ( -1.000000000000000000, 0.0000000000000000000, 0.0000000000000000000 ) ) ;
#2448 = EDGE_CURVE ( 'NONE', #1246, #3042, #219, .T. ) ;
#2449 = FACE_BOUND ( 'NONE', #94, .T. ) ;
#2450 = CARTESIAN_POINT ( 'NONE',  ( -2.115000000000000213, 0.0000000000000000000, 0.0000000000000000000 ) ) ;
#2451 = FILL_AREA_STYLE_COLOUR ( '', #20 ) ;
#2452 = ORIENTED_EDGE ( 'NONE', *, *, #2495, .T. ) ;
#2453 = EDGE_LOOP ( 'NONE', ( #1340, #2475, #2027, #3657 ) ) ;
#2454 = CIRCLE ( 'NONE', #2083, 1.949999999999999956 ) ;
#2455 = AXIS2_PLACEMENT_3D ( 'NONE', #3397, #955, #2447 ) ;
#2456 = UNCERTAINTY_MEASURE_WITH_UNIT (LENGTH_MEASURE( 1.000000000000000082E-05 ), #2433, 'distance_accuracy_value', 'NONE');
#2457 = STYLED_ITEM ( 'NONE', ( #2632 ), #1957 ) ;
#2458 = ORIENTED_EDGE ( 'NONE', *, *, #248, .F. ) ;
#2459 =( NAMED_UNIT ( * ) SI_UNIT ( $, .STERADIAN. ) SOLID_ANGLE_UNIT ( ) );
#2460 =( NAMED_UNIT ( * ) SI_UNIT ( $, .STERADIAN. ) SOLID_ANGLE_UNIT ( ) );
#2461 = ORIENTED_EDGE ( 'NONE', *, *, #1293, .F. ) ;
#2462 = ORIENTED_EDGE ( 'NONE', *, *, #3192, .F. ) ;
#2463 = CYLINDRICAL_SURFACE ( 'NONE', #1703, 1.949999999999999956 ) ;
#2464 = ADVANCED_FACE ( 'NONE', ( #3201 ), #211, .T. ) ;
#2465 = SURFACE_SIDE_STYLE ('',( #365 ) ) ;
#2466 = FILL_AREA_STYLE ('',( #1011 ) ) ;
#2467 = AXIS2_PLACEMENT_3D ( 'NONE', #833, #2037, #1153 ) ;
#2468 = ADVANCED_FACE ( 'NONE', ( #3535 ), #1360, .T. ) ;
#2469 =( GEOMETRIC_REPRESENTATION_CONTEXT ( 3 ) GLOBAL_UNCERTAINTY_ASSIGNED_CONTEXT ( ( #3574 ) ) GLOBAL_UNIT_ASSIGNED_CONTEXT ( ( #766, #495, #3236 ) ) REPRESENTATION_CONTEXT ( 'NONE', 'WORKASPACE' ) );
#2470 = VECTOR ( 'NONE', #3512, 1000.000000000000000 ) ;
#2471 = SURFACE_STYLE_FILL_AREA ( #1902 ) ;
#2472 =( NAMED_UNIT ( * ) PLANE_ANGLE_UNIT ( ) SI_UNIT ( $, .RADIAN. ) );
#2473 = AXIS2_PLACEMENT_3D ( 'NONE', #2924, #751, #3788 ) ;
#2474 = VERTEX_POINT ( 'NONE', #3562 ) ;
#2475 = ORIENTED_EDGE ( 'NONE', *, *, #2981, .F. ) ;
#2476 =( LENGTH_UNIT ( ) NAMED_UNIT ( * ) SI_UNIT ( .MILLI., .METRE. ) );
#2477 = PRODUCT_DEFINITION_CONTEXT ( 'detailed design', #7, 'design' ) ;
#2478 = CLOSED_SHELL ( 'NONE', ( #1804, #107, #2520, #514, #1364, #1610, #425, #1200, #2372, #2165, #1137 ) ) ;
#2479 = ORIENTED_EDGE ( 'NONE', *, *, #1879, .F. ) ;
#2480 = FILL_AREA_STYLE_COLOUR ( '', #3614 ) ;
#2481 = VERTEX_POINT ( 'NONE', #2634 ) ;
#2482 = DIRECTION ( 'NONE',  ( -0.0000000000000000000, 1.000000000000000000, 0.0000000000000000000 ) ) ;
#2483 = EDGE_LOOP ( 'NONE', ( #2706, #1575, #1144, #2437 ) ) ;
#2484 = FILL_AREA_STYLE ('',( #132 ) ) ;
#2485 = SURFACE_STYLE_USAGE ( .BOTH. , #1283 ) ;
#2486 =( LENGTH_UNIT ( ) NAMED_UNIT ( * ) SI_UNIT ( .MILLI., .METRE. ) );
#2487 = EDGE_CURVE ( 'NONE', #2338, #1501, #1154, .T. ) ;
#2488 = FILL_AREA_STYLE ('',( #2782 ) ) ;
#2489 = CARTESIAN_POINT ( 'NONE',  ( 1.840000000000000080, 0.7299999999999999822, 1.149999999999999911 ) ) ;
#2490 = CARTESIAN_POINT ( 'NONE',  ( -0.5399999999999999245, -2.000000000000000000, 0.0000000000000000000 ) ) ;
#2491 = CARTESIAN_POINT ( 'NONE',  ( -0.7900000000000000355, 0.3499999999999999778, 1.399999999999999911 ) ) ;
#2492 = CARTESIAN_POINT ( 'NONE',  ( 1.840000000000000080, -4.070000000000000284, 0.0000000000000000000 ) ) ;
#2493 = FACE_OUTER_BOUND ( 'NONE', #2009, .T. ) ;
#2494 = ORIENTED_EDGE ( 'NONE', *, *, #3017, .T. ) ;
#2495 = EDGE_CURVE ( 'NONE', #3504, #379, #23, .T. ) ;
#2496 = DIRECTION ( 'NONE',  ( -1.000000000000000000, 0.0000000000000000000, 0.0000000000000000000 ) ) ;
#2497 =( REPRESENTATION_RELATIONSHIP ('NONE','NONE', #2498, #1468 ) REPRESENTATION_RELATIONSHIP_WITH_TRANSFORMATION ( #1149 )SHAPE_REPRESENTATION_RELATIONSHIP( ) );
#2498 = SHAPE_REPRESENTATION ( 'User Library-Klemme_057_2', ( #1324, #3839, #3078, #3149, #831, #205 ), #3407 ) ;
#2499 = SHAPE_REPRESENTATION_RELATIONSHIP ( 'NONE' , 'NONE' ,  #1468, #3450 ) ;
#2500 = ORIENTED_EDGE ( 'NONE', *, *, #3877, .F. ) ;
#2501 = VERTEX_POINT ( 'NONE', #3423 ) ;
#2502 =( NAMED_UNIT ( * ) SI_UNIT ( $, .STERADIAN. ) SOLID_ANGLE_UNIT ( ) );
#2503 = ORIENTED_EDGE ( 'NONE', *, *, #241, .T. ) ;
#2504 = CARTESIAN_POINT ( 'NONE',  ( -0.4000000000000001887, -4.070000000000000284, 6.700000000000000178 ) ) ;
#2505 = FILL_AREA_STYLE ('',( #3477 ) ) ;
#2506 = UNCERTAINTY_MEASURE_WITH_UNIT (LENGTH_MEASURE( 1.000000000000000082E-05 ), #2662, 'distance_accuracy_value', 'NONE');
#2507 = FACE_OUTER_BOUND ( 'NONE', #1945, .T. ) ;
#2508 = SURFACE_STYLE_USAGE ( .BOTH. , #719 ) ;
#2509 =( NAMED_UNIT ( * ) PLANE_ANGLE_UNIT ( ) SI_UNIT ( $, .RADIAN. ) );
#2510 = CARTESIAN_POINT ( 'NONE',  ( -5.080000000000000071, 4.070000000000000284, 0.0000000000000000000 ) ) ;
#2511 = UNCERTAINTY_MEASURE_WITH_UNIT (LENGTH_MEASURE( 1.000000000000000082E-05 ), #1289, 'distance_accuracy_value', 'NONE');
#2512 = SURFACE_SIDE_STYLE ('',( #2203 ) ) ;
#2513 = EDGE_CURVE ( 'NONE', #745, #997, #1859, .T. ) ;
#2514 = VERTEX_POINT ( 'NONE', #3054 ) ;
#2515 = VECTOR ( 'NONE', #1495, 1000.000000000000000 ) ;
#2516 = FILL_AREA_STYLE ('',( #3108 ) ) ;
#2517 =( GEOMETRIC_REPRESENTATION_CONTEXT ( 3 ) GLOBAL_UNCERTAINTY_ASSIGNED_CONTEXT ( ( #3421 ) ) GLOBAL_UNIT_ASSIGNED_CONTEXT ( ( #1835, #2120, #1577 ) ) REPRESENTATION_CONTEXT ( 'NONE', 'WORKASPACE' ) );
#2518 = CARTESIAN_POINT ( 'NONE',  ( -3.990000000000000657, 1.775737858763661423E-16, 0.0000000000000000000 ) ) ;
#2519 = STYLED_ITEM ( 'NONE', ( #2128 ), #217 ) ;
#2520 = ADVANCED_FACE ( 'NONE', ( #3690 ), #423, .F. ) ;
#2521 = VERTEX_POINT ( 'NONE', #2490 ) ;
#2522 = SURFACE_STYLE_FILL_AREA ( #519 ) ;
#2523 =( GEOMETRIC_REPRESENTATION_CONTEXT ( 3 ) GLOBAL_UNCERTAINTY_ASSIGNED_CONTEXT ( ( #732 ) ) GLOBAL_UNIT_ASSIGNED_CONTEXT ( ( #3426, #2436, #3343 ) ) REPRESENTATION_CONTEXT ( 'NONE', 'WORKASPACE' ) );
#2524 = PRESENTATION_STYLE_ASSIGNMENT (( #2801 ) ) ;
#2525 = DIRECTION ( 'NONE',  ( 1.000000000000000000, 0.0000000000000000000, -0.0000000000000000000 ) ) ;
#2526 = AXIS2_PLACEMENT_3D ( 'NONE', #1000, #1928, #3081 ) ;
#2527 = VECTOR ( 'NONE', #214, 1000.000000000000000 ) ;
#2528 = DIRECTION ( 'NONE',  ( 0.0000000000000000000, 0.0000000000000000000, 1.000000000000000000 ) ) ;
#2529 = AXIS2_PLACEMENT_3D ( 'NONE', #1101, #412, #3506 ) ;
#2530 = DIRECTION ( 'NONE',  ( -0.0000000000000000000, -0.0000000000000000000, -1.000000000000000000 ) ) ;
#2531 = COLOUR_RGB ( '',0.4000000000000000222, 0.4000000000000000222, 0.4000000000000000222 ) ;
#2532 = PRESENTATION_LAYER_ASSIGNMENT (  '', '', ( #1972 ) ) ;
#2533 = VECTOR ( 'NONE', #1219, 1000.000000000000227 ) ;
#2534 = SURFACE_SIDE_STYLE ('',( #473 ) ) ;
#2535 = PRESENTATION_STYLE_ASSIGNMENT (( #2867 ) ) ;
#2536 = PRODUCT_DEFINITION_SHAPE ( 'NONE', 'NONE',  #1063 ) ;
#2537 = CARTESIAN_POINT ( 'NONE',  ( -2.540000000000000036, 0.0000000000000000000, 0.0000000000000000000 ) ) ;
#2538 = COLOUR_RGB ( '',0.4274509803921568429, 0.4705882352941176405, 0.5411764705882352589 ) ;
#2539 = COLOUR_RGB ( '',0.1960784313725490169, 0.1960784313725490169, 0.1960784313725490169 ) ;
#2540 = ORIENTED_EDGE ( 'NONE', *, *, #482, .F. ) ;
#2541 = PLANE ( 'NONE',  #916 ) ;
#2542 = MECHANICAL_DESIGN_GEOMETRIC_PRESENTATION_REPRESENTATION (  '', ( #858 ), #2382 ) ;
#2543 = DIRECTION ( 'NONE',  ( 0.0000000000000000000, 0.0000000000000000000, 1.000000000000000000 ) ) ;
#2544 = ORIENTED_EDGE ( 'NONE', *, *, #2694, .T. ) ;
#2545 = FILL_AREA_STYLE_COLOUR ( '', #208 ) ;
#2546 = CARTESIAN_POINT ( 'NONE',  ( -0.7900000000000000355, 0.0000000000000000000, 1.399999999999999911 ) ) ;
#2547 = DIRECTION ( 'NONE',  ( 0.0000000000000000000, -1.000000000000000000, 2.220446049250000002E-16 ) ) ;
#2548 = FILL_AREA_STYLE_COLOUR ( '', #104 ) ;
#2549 =( LENGTH_UNIT ( ) NAMED_UNIT ( * ) SI_UNIT ( .MILLI., .METRE. ) );
#2550 = CARTESIAN_POINT ( 'NONE',  ( -2.540000000000000036, 0.0000000000000000000, 0.0000000000000000000 ) ) ;
#2551 = CARTESIAN_POINT ( 'NONE',  ( -0.5400000000000000355, -2.000000000000000000, 0.0000000000000000000 ) ) ;
#2552 = CARTESIAN_POINT ( 'NONE',  ( -2.965000000000000302, 5.204748896376250083E-17, 0.0000000000000000000 ) ) ;
#2553 = DIRECTION ( 'NONE',  ( -0.0000000000000000000, -0.0000000000000000000, -1.000000000000000000 ) ) ;
#2554 = ORIENTED_EDGE ( 'NONE', *, *, #1073, .F. ) ;
#2555 = DIRECTION ( 'NONE',  ( -1.000000000000000000, 9.769962616701375978E-15, 0.0000000000000000000 ) ) ;
#2556 = CARTESIAN_POINT ( 'NONE',  ( 0.4000000000000000222, 2.429999999999999716, 1.149999999999999911 ) ) ;
#2557 = DIRECTION ( 'NONE',  ( -0.0000000000000000000, 0.0000000000000000000, -1.000000000000000000 ) ) ;
#2558 =( NAMED_UNIT ( * ) PLANE_ANGLE_UNIT ( ) SI_UNIT ( $, .RADIAN. ) );
#2559 =( NAMED_UNIT ( * ) PLANE_ANGLE_UNIT ( ) SI_UNIT ( $, .RADIAN. ) );
#2560 = DIRECTION ( 'NONE',  ( 0.0000000000000000000, -1.000000000000000000, 0.0000000000000000000 ) ) ;
#2561 = ORIENTED_EDGE ( 'NONE', *, *, #3840, .T. ) ;
#2562 = SURFACE_SIDE_STYLE ('',( #424 ) ) ;
#2563 = ADVANCED_FACE ( 'NONE', ( #1287 ), #1551, .T. ) ;
#2564 = ADVANCED_FACE ( 'NONE', ( #2507 ), #3646, .T. ) ;
#2565 = PRODUCT ( 'Anschluss_rechts', 'Anschluss_rechts', '', ( #2731 ) ) ;
#2566 = DIRECTION ( 'NONE',  ( 0.0000000000000000000, 0.0000000000000000000, -1.000000000000000000 ) ) ;
#2567 =( NAMED_UNIT ( * ) PLANE_ANGLE_UNIT ( ) SI_UNIT ( $, .RADIAN. ) );
#2568 = ORIENTED_EDGE ( 'NONE', *, *, #3695, .F. ) ;
#2569 = FACE_OUTER_BOUND ( 'NONE', #2483, .T. ) ;
#2570 = LINE ( 'NONE', #1762, #3836 ) ;
#2571 = EDGE_CURVE ( 'NONE', #58, #216, #1843, .T. ) ;
#2572 = AXIS2_PLACEMENT_3D ( 'NONE', #1286, #3745, #2759 ) ;
#2573 = VERTEX_POINT ( 'NONE', #3520 ) ;
#2574 = VECTOR ( 'NONE', #310, 1000.000000000000000 ) ;
#2575 = SURFACE_SIDE_STYLE ('',( #236 ) ) ;
#2576 = FACE_OUTER_BOUND ( 'NONE', #689, .T. ) ;
#2577 = MECHANICAL_DESIGN_GEOMETRIC_PRESENTATION_REPRESENTATION (  '', ( #2457 ), #2143 ) ;
#2578 = STYLED_ITEM ( 'NONE', ( #2403 ), #980 ) ;
#2579 = DIRECTION ( 'NONE',  ( -0.0000000000000000000, 0.0000000000000000000, 1.000000000000000000 ) ) ;
#2580 = CARTESIAN_POINT ( 'NONE',  ( -0.4000000000000000222, -4.070000000000000284, 1.149999999999999911 ) ) ;
#2581 = ORIENTED_EDGE ( 'NONE', *, *, #2770, .F. ) ;
#2582 = EDGE_CURVE ( 'NONE', #1556, #1501, #1659, .T. ) ;
#2583 = SURFACE_STYLE_FILL_AREA ( #195 ) ;
#2584 =( NAMED_UNIT ( * ) SI_UNIT ( $, .STERADIAN. ) SOLID_ANGLE_UNIT ( ) );
#2585 = SURFACE_STYLE_FILL_AREA ( #923 ) ;
#2586 = ADVANCED_FACE ( 'NONE', ( #484 ), #1428, .T. ) ;
#2587 =( NAMED_UNIT ( * ) PLANE_ANGLE_UNIT ( ) SI_UNIT ( $, .RADIAN. ) );
#2588 = UNCERTAINTY_MEASURE_WITH_UNIT (LENGTH_MEASURE( 1.000000000000000082E-05 ), #2383, 'distance_accuracy_value', 'NONE');
#2589 = DIRECTION ( 'NONE',  ( 0.0000000000000000000, 0.0000000000000000000, 1.000000000000000000 ) ) ;
#2590 = MECHANICAL_DESIGN_GEOMETRIC_PRESENTATION_REPRESENTATION (  '', ( #2361 ), #457 ) ;
#2591 = CARTESIAN_POINT ( 'NONE',  ( 5.080000000000000071, -3.194999999999999840, 8.359999999999999432 ) ) ;
#2592 = CARTESIAN_POINT ( 'NONE',  ( 5.080000000000000071, 2.569999999999999840, 0.0000000000000000000 ) ) ;
#2593 = DIRECTION ( 'NONE',  ( -0.0000000000000000000, 1.000000000000000000, 0.0000000000000000000 ) ) ;
#2594 = VECTOR ( 'NONE', #3379, 1000.000000000000000 ) ;
#2595 = MECHANICAL_DESIGN_GEOMETRIC_PRESENTATION_REPRESENTATION (  '', ( #3729 ), #1218 ) ;
#2596 = DIRECTION ( 'NONE',  ( 0.0000000000000000000, -0.0000000000000000000, 1.000000000000000000 ) ) ;
#2597 = COLOUR_RGB ( '',0.1960784313725490169, 0.1960784313725490169, 0.1960784313725490169 ) ;
#2598 = MECHANICAL_DESIGN_GEOMETRIC_PRESENTATION_REPRESENTATION (  '', ( #1038 ), #404 ) ;
#2599 = ORIENTED_EDGE ( 'NONE', *, *, #3443, .T. ) ;
#2600 = VECTOR ( 'NONE', #1397, 1000.000000000000000 ) ;
#2601 = SURFACE_SIDE_STYLE ('',( #2522 ) ) ;
#2602 =( LENGTH_UNIT ( ) NAMED_UNIT ( * ) SI_UNIT ( .MILLI., .METRE. ) );
#2603 = DIRECTION ( 'NONE',  ( 0.0000000000000000000, 0.0000000000000000000, 1.000000000000000000 ) ) ;
#2604 = FILL_AREA_STYLE ('',( #3277 ) ) ;
#2605 = DIRECTION ( 'NONE',  ( -1.000000000000000000, -0.0000000000000000000, 0.0000000000000000000 ) ) ;
#2606 = ORIENTED_EDGE ( 'NONE', *, *, #126, .F. ) ;
#2607 = ADVANCED_FACE ( 'NONE', ( #3823 ), #1700, .T. ) ;
#2608 = CARTESIAN_POINT ( 'NONE',  ( -4.280000000000000249, 3.370000000000000107, 6.700000000000000178 ) ) ;
#2609 =( NAMED_UNIT ( * ) SI_UNIT ( $, .STERADIAN. ) SOLID_ANGLE_UNIT ( ) );
#2610 = CARTESIAN_POINT ( 'NONE',  ( -5.080000000000000071, 3.370000000000000107, 6.700000000000000178 ) ) ;
#2611 = DIRECTION ( 'NONE',  ( 1.000000000000000000, 0.0000000000000000000, 0.0000000000000000000 ) ) ;
#2612 = VERTEX_POINT ( 'NONE', #3541 ) ;
#2613 = FACE_OUTER_BOUND ( 'NONE', #3005, .T. ) ;
#2614 = MANIFOLD_SOLID_BREP ( 'Imported1', #593 ) ;
#2615 = EDGE_CURVE ( 'NONE', #216, #58, #780, .T. ) ;
#2616 = ORIENTED_EDGE ( 'NONE', *, *, #27, .T. ) ;
#2617 = CARTESIAN_POINT ( 'NONE',  ( -0.5400000000000000355, 2.000000000000000000, 4.000000000000000000 ) ) ;
#2618 = FILL_AREA_STYLE_COLOUR ( '', #340 ) ;
#2619 = FILL_AREA_STYLE ('',( #3517 ) ) ;
#2620 = DIRECTION ( 'NONE',  ( 0.0000000000000000000, -0.0000000000000000000, -1.000000000000000000 ) ) ;
#2621 = FILL_AREA_STYLE_COLOUR ( '', #3234 ) ;
#2622 = ORIENTED_EDGE ( 'NONE', *, *, #3484, .T. ) ;
#2623 = LINE ( 'NONE', #3569, #2766 ) ;
#2624 =( NAMED_UNIT ( * ) SI_UNIT ( $, .STERADIAN. ) SOLID_ANGLE_UNIT ( ) );
#2625 = PRESENTATION_STYLE_ASSIGNMENT (( #1194 ) ) ;
#2626 = LINE ( 'NONE', #298, #1263 ) ;
#2627 = SURFACE_STYLE_USAGE ( .BOTH. , #488 ) ;
#2628 = MECHANICAL_DESIGN_GEOMETRIC_PRESENTATION_REPRESENTATION (  '', ( #1740 ), #3085 ) ;
#2629 = ORIENTED_EDGE ( 'NONE', *, *, #1776, .T. ) ;
#2630 = SURFACE_STYLE_FILL_AREA ( #2336 ) ;
#2631 = EDGE_CURVE ( 'NONE', #562, #2166, #254, .T. ) ;
#2632 = PRESENTATION_STYLE_ASSIGNMENT (( #2915 ) ) ;
#2633 = ORIENTED_EDGE ( 'NONE', *, *, #1323, .T. ) ;
#2634 = CARTESIAN_POINT ( 'NONE',  ( 5.080000000000000071, -4.070000000000000284, 0.0000000000000000000 ) ) ;
#2635 = SURFACE_STYLE_USAGE ( .BOTH. , #1463 ) ;
#2636 = DIRECTION ( 'NONE',  ( 1.000000000000000000, 0.0000000000000000000, -0.0000000000000000000 ) ) ;
#2637 =( LENGTH_UNIT ( ) NAMED_UNIT ( * ) SI_UNIT ( .MILLI., .METRE. ) );
#2638 = VECTOR ( 'NONE', #3197, 1000.000000000000000 ) ;
#2639 = APPLICATION_CONTEXT ( 'automotive_design' ) ;
#2640 = ORIENTED_EDGE ( 'NONE', *, *, #3825, .F. ) ;
#2641 = STYLED_ITEM ( 'NONE', ( #2858 ), #840 ) ;
#2642 = SURFACE_STYLE_USAGE ( .BOTH. , #1734 ) ;
#2643 = FILL_AREA_STYLE ('',( #2135 ) ) ;
#2644 =( GEOMETRIC_REPRESENTATION_CONTEXT ( 3 ) GLOBAL_UNCERTAINTY_ASSIGNED_CONTEXT ( ( #3284 ) ) GLOBAL_UNIT_ASSIGNED_CONTEXT ( ( #2750, #3020, #1517 ) ) REPRESENTATION_CONTEXT ( 'NONE', 'WORKASPACE' ) );
#2645 = CIRCLE ( 'NONE', #3837, 1.449999999999999956 ) ;
#2646 = LINE ( 'NONE', #3847, #1958 ) ;
#2647 = SURFACE_STYLE_USAGE ( .BOTH. , #1505 ) ;
#2648 = PRESENTATION_STYLE_ASSIGNMENT (( #332 ) ) ;
#2649 = UNCERTAINTY_MEASURE_WITH_UNIT (LENGTH_MEASURE( 1.000000000000000082E-05 ), #1500, 'distance_accuracy_value', 'NONE');
#2650 = DIRECTION ( 'NONE',  ( 1.000000000000000000, 0.0000000000000000000, 0.0000000000000000000 ) ) ;
#2651 =( NAMED_UNIT ( * ) SI_UNIT ( $, .STERADIAN. ) SOLID_ANGLE_UNIT ( ) );
#2652 = VERTEX_POINT ( 'NONE', #2079 ) ;
#2653 = PRESENTATION_LAYER_ASSIGNMENT (  '', '', ( #1268 ) ) ;
#2654 = SURFACE_SIDE_STYLE ('',( #3719 ) ) ;
#2655 =( LENGTH_UNIT ( ) NAMED_UNIT ( * ) SI_UNIT ( .MILLI., .METRE. ) );
#2656 = ORIENTED_EDGE ( 'NONE', *, *, #3608, .T. ) ;
#2657 = CIRCLE ( 'NONE', #3300, 0.4250000000000000444 ) ;
#2658 = CARTESIAN_POINT ( 'NONE',  ( -0.7900000000000001465, 2.143131898507868297E-16, 0.0000000000000000000 ) ) ;
#2659 = MECHANICAL_DESIGN_GEOMETRIC_PRESENTATION_REPRESENTATION (  '', ( #3741 ), #154 ) ;
#2660 = MECHANICAL_DESIGN_GEOMETRIC_PRESENTATION_REPRESENTATION (  '', ( #2909 ), #2230 ) ;
#2661 =( GEOMETRIC_REPRESENTATION_CONTEXT ( 3 ) GLOBAL_UNCERTAINTY_ASSIGNED_CONTEXT ( ( #1285 ) ) GLOBAL_UNIT_ASSIGNED_CONTEXT ( ( #1295, #2146, #647 ) ) REPRESENTATION_CONTEXT ( 'NONE', 'WORKASPACE' ) );
#2662 =( LENGTH_UNIT ( ) NAMED_UNIT ( * ) SI_UNIT ( .MILLI., .METRE. ) );
#2663 = DIRECTION ( 'NONE',  ( 0.0000000000000000000, 0.0000000000000000000, 1.000000000000000000 ) ) ;
#2664 = PRESENTATION_LAYER_ASSIGNMENT (  '', '', ( #2370 ) ) ;
#2665 = STYLED_ITEM ( 'NONE', ( #3271 ), #2007 ) ;
#2666 = FILL_AREA_STYLE ('',( #2955 ) ) ;
#2667 = SURFACE_STYLE_USAGE ( .BOTH. , #1469 ) ;
#2668 = VECTOR ( 'NONE', #2928, 1000.000000000000000 ) ;
#2669 = CARTESIAN_POINT ( 'NONE',  ( -0.7900000000000001465, 2.143131898507868297E-16, 0.0000000000000000000 ) ) ;
#2670 =( LENGTH_UNIT ( ) NAMED_UNIT ( * ) SI_UNIT ( .MILLI., .METRE. ) );
#2671 =( NAMED_UNIT ( * ) SI_UNIT ( $, .STERADIAN. ) SOLID_ANGLE_UNIT ( ) );
#2672 = EDGE_LOOP ( 'NONE', ( #3441, #1252, #41, #620 ) ) ;
#2673 = SURFACE_STYLE_FILL_AREA ( #2950 ) ;
#2674 = ORIENTED_EDGE ( 'NONE', *, *, #315, .F. ) ;
#2675 =( NAMED_UNIT ( * ) PLANE_ANGLE_UNIT ( ) SI_UNIT ( $, .RADIAN. ) );
#2676 = DIRECTION ( 'NONE',  ( -0.0000000000000000000, 1.000000000000000000, 0.0000000000000000000 ) ) ;
#2677 = DIRECTION ( 'NONE',  ( 0.0000000000000000000, 0.0000000000000000000, 1.000000000000000000 ) ) ;
#2678 =( LENGTH_UNIT ( ) NAMED_UNIT ( * ) SI_UNIT ( .MILLI., .METRE. ) );
#2679 = CARTESIAN_POINT ( 'NONE',  ( 2.540000000000000036, 0.0000000000000000000, 6.700000000000000178 ) ) ;
#2680 = MANIFOLD_SOLID_BREP ( 'Imported1', #106 ) ;
#2681 = SURFACE_STYLE_FILL_AREA ( #1118 ) ;
#2683 = CARTESIAN_POINT ( 'NONE',  ( -2.540000000000000036, 2.000000000000000000, 1.999999999999999112 ) ) ;
#2682 = PRODUCT_DEFINITION_SHAPE ( 'NONE', 'NONE',  #2306 ) ;
#2684 = EDGE_CURVE ( 'NONE', #1695, #1172, #34, .T. ) ;
#2685 = UNCERTAINTY_MEASURE_WITH_UNIT (LENGTH_MEASURE( 1.000000000000000082E-05 ), #2279, 'distance_accuracy_value', 'NONE');
#2686 = ADVANCED_FACE ( 'NONE', ( #2980, #3567 ), #3262, .T. ) ;
#2687 = SHAPE_DEFINITION_REPRESENTATION ( #3175, #1842 ) ;
#2688 = SURFACE_STYLE_USAGE ( .BOTH. , #1121 ) ;
#2689 = ORIENTED_EDGE ( 'NONE', *, *, #1044, .T. ) ;
#2690 = VERTEX_POINT ( 'NONE', #1281 ) ;
#2691 = EDGE_CURVE ( 'NONE', #2521, #2300, #2773, .T. ) ;
#2692 =( LENGTH_UNIT ( ) NAMED_UNIT ( * ) SI_UNIT ( .MILLI., .METRE. ) );
#2693 = FILL_AREA_STYLE_COLOUR ( '', #1707 ) ;
#2694 = EDGE_CURVE ( 'NONE', #1866, #1514, #3066, .T. ) ;
#2695 = FACE_OUTER_BOUND ( 'NONE', #1429, .T. ) ;
#2696 = LINE ( 'NONE', #256, #1730 ) ;
#2697 = CARTESIAN_POINT ( 'NONE',  ( -4.540000000000000036, -2.000000000000000000, 4.000000000000000000 ) ) ;
#2698 = AXIS2_PLACEMENT_3D ( 'NONE', #3265, #352, #1806 ) ;
#2699 =( GEOMETRIC_REPRESENTATION_CONTEXT ( 3 ) GLOBAL_UNCERTAINTY_ASSIGNED_CONTEXT ( ( #422 ) ) GLOBAL_UNIT_ASSIGNED_CONTEXT ( ( #2486, #2778, #674 ) ) REPRESENTATION_CONTEXT ( 'NONE', 'WORKASPACE' ) );
#2700 =( NAMED_UNIT ( * ) SI_UNIT ( $, .STERADIAN. ) SOLID_ANGLE_UNIT ( ) );
#2701 = SURFACE_STYLE_USAGE ( .BOTH. , #926 ) ;
#2702 = MECHANICAL_DESIGN_GEOMETRIC_PRESENTATION_REPRESENTATION (  '', ( #3405 ), #1009 ) ;
#2703 = PRESENTATION_LAYER_ASSIGNMENT (  '', '', ( #3778 ) ) ;
#2704 = CONTEXT_DEPENDENT_SHAPE_REPRESENTATION ( #2863, #1935 ) ;
#2705 = LINE ( 'NONE', #74, #3416 ) ;
#2706 = ORIENTED_EDGE ( 'NONE', *, *, #434, .T. ) ;
#2707 = EDGE_CURVE ( 'NONE', #3677, #2746, #3032, .T. ) ;
#2708 = PRODUCT_DEFINITION_FORMATION_WITH_SPECIFIED_SOURCE ( 'ANY', '', #3456, .NOT_KNOWN. ) ;
#2709 = VECTOR ( 'NONE', #2331, 1000.000000000000000 ) ;
#2710 = SHAPE_REPRESENTATION_RELATIONSHIP ( 'NONE' , 'NONE' ,  #2926, #2427 ) ;
#2711 = PRESENTATION_LAYER_ASSIGNMENT (  '', '', ( #392 ) ) ;
#2712 = EDGE_LOOP ( 'NONE', ( #2824, #3392, #250, #117 ) ) ;
#2713 = DIRECTION ( 'NONE',  ( -1.000000000000000000, -0.0000000000000000000, -0.0000000000000000000 ) ) ;
#2714 =( GEOMETRIC_REPRESENTATION_CONTEXT ( 3 ) GLOBAL_UNCERTAINTY_ASSIGNED_CONTEXT ( ( #2506 ) ) GLOBAL_UNIT_ASSIGNED_CONTEXT ( ( #2662, #1765, #573 ) ) REPRESENTATION_CONTEXT ( 'NONE', 'WORKASPACE' ) );
#2715 = SURFACE_SIDE_STYLE ('',( #1831 ) ) ;
#2716 = VECTOR ( 'NONE', #168, 1000.000000000000000 ) ;
#2717 =( GEOMETRIC_REPRESENTATION_CONTEXT ( 3 ) GLOBAL_UNCERTAINTY_ASSIGNED_CONTEXT ( ( #1253 ) ) GLOBAL_UNIT_ASSIGNED_CONTEXT ( ( #1464, #2472, #3385 ) ) REPRESENTATION_CONTEXT ( 'NONE', 'WORKASPACE' ) );
#2718 = MECHANICAL_DESIGN_GEOMETRIC_PRESENTATION_REPRESENTATION (  '', ( #3609 ), #2226 ) ;
#2719 = CARTESIAN_POINT ( 'NONE',  ( -2.540000000000000036, 0.0000000000000000000, -4.599999999999999645 ) ) ;
#2720 =( LENGTH_UNIT ( ) NAMED_UNIT ( * ) SI_UNIT ( .MILLI., .METRE. ) );
#2721 = CARTESIAN_POINT ( 'NONE',  ( -0.7900000000000000355, -0.3499999999999999778, 1.399999999999999911 ) ) ;
#2722 = MECHANICAL_DESIGN_GEOMETRIC_PRESENTATION_REPRESENTATION (  '', ( #1406 ), #225 ) ;
#2723 = COLOUR_RGB ( '',0.4274509803921568429, 0.4705882352941176405, 0.5411764705882352589 ) ;
#2724 = COLOUR_RGB ( '',0.1960784313725490169, 0.1960784313725490169, 0.1960784313725490169 ) ;
#2725 = CARTESIAN_POINT ( 'NONE',  ( -0.7900000000000001465, 2.143131898507868297E-16, 0.0000000000000000000 ) ) ;
#2726 = DIRECTION ( 'NONE',  ( 0.0000000000000000000, 0.0000000000000000000, 1.000000000000000000 ) ) ;
#2727 = VECTOR ( 'NONE', #1602, 1000.000000000000000 ) ;
#2728 = PRESENTATION_LAYER_ASSIGNMENT (  '', '', ( #3619 ) ) ;
#2729 = EDGE_CURVE ( 'NONE', #1542, #571, #3664, .T. ) ;
#2730 = PRESENTATION_LAYER_ASSIGNMENT (  '', '', ( #3430 ) ) ;
#2731 = PRODUCT_CONTEXT ( 'NONE', #1498, 'mechanical' ) ;
#2732 = ORIENTED_EDGE ( 'NONE', *, *, #2240, .T. ) ;
#2733 = ORIENTED_EDGE ( 'NONE', *, *, #1297, .T. ) ;
#2734 = FILL_AREA_STYLE_COLOUR ( '', #33 ) ;
#2735 = EDGE_LOOP ( 'NONE', ( #3681, #3810 ) ) ;
#2736 = FACE_OUTER_BOUND ( 'NONE', #291, .T. ) ;
#2737 = ADVANCED_FACE ( 'NONE', ( #93 ), #3700, .T. ) ;
#2738 = ORIENTED_EDGE ( 'NONE', *, *, #3694, .T. ) ;
#2739 = ORIENTED_EDGE ( 'NONE', *, *, #1708, .T. ) ;
#2740 = DIRECTION ( 'NONE',  ( -1.000000000000000000, -0.0000000000000000000, -0.0000000000000000000 ) ) ;
#2741 = SURFACE_STYLE_USAGE ( .BOTH. , #1050 ) ;
#2742 = FILL_AREA_STYLE_COLOUR ( '', #3082 ) ;
#2743 = FILL_AREA_STYLE_COLOUR ( '', #1042 ) ;
#2744 = FILL_AREA_STYLE_COLOUR ( '', #1016 ) ;
#2745 = FILL_AREA_STYLE_COLOUR ( '', #3026 ) ;
#2746 = VERTEX_POINT ( 'NONE', #1003 ) ;
#2747 = ORIENTED_EDGE ( 'NONE', *, *, #3586, .T. ) ;
#2748 = CARTESIAN_POINT ( 'NONE',  ( -4.540000000000000036, -2.000000000000000000, 0.0000000000000000000 ) ) ;
#2749 = UNCERTAINTY_MEASURE_WITH_UNIT (LENGTH_MEASURE( 1.000000000000000082E-05 ), #601, 'distance_accuracy_value', 'NONE');
#2750 =( LENGTH_UNIT ( ) NAMED_UNIT ( * ) SI_UNIT ( .MILLI., .METRE. ) );
#2751 = VERTEX_POINT ( 'NONE', #951 ) ;
#2752 = EDGE_CURVE ( 'NONE', #2612, #3123, #3393, .T. ) ;
#2753 = EDGE_CURVE ( 'NONE', #2936, #2073, #2150, .T. ) ;
#2754 = ORIENTED_EDGE ( 'NONE', *, *, #960, .F. ) ;
#2755 = CARTESIAN_POINT ( 'NONE',  ( -0.5400000000000000355, 2.000000000000000000, 4.000000000000000000 ) ) ;
#2756 = ORIENTED_EDGE ( 'NONE', *, *, #3631, .F. ) ;
#2757 = FILL_AREA_STYLE ('',( #3362 ) ) ;
#2758 = FILL_AREA_STYLE_COLOUR ( '', #3773 ) ;
#2759 = DIRECTION ( 'NONE',  ( 1.000000000000000000, 0.0000000000000000000, 0.0000000000000000000 ) ) ;
#2760 = PRESENTATION_STYLE_ASSIGNMENT (( #3055 ) ) ;
#2761 =( NAMED_UNIT ( * ) SI_UNIT ( $, .STERADIAN. ) SOLID_ANGLE_UNIT ( ) );
#2762 = VERTEX_POINT ( 'NONE', #1892 ) ;
#2763 = VERTEX_POINT ( 'NONE', #3361 ) ;
#2764 = CARTESIAN_POINT ( 'NONE',  ( -0.5400000000000000355, -2.000000000000000000, 0.0000000000000000000 ) ) ;
#2765 = MECHANICAL_DESIGN_GEOMETRIC_PRESENTATION_REPRESENTATION (  '', ( #3644 ), #621 ) ;
#2766 = VECTOR ( 'NONE', #2081, 1000.000000000000000 ) ;
#2767 = VECTOR ( 'NONE', #1399, 1000.000000000000000 ) ;
#2768 = ORIENTED_EDGE ( 'NONE', *, *, #2940, .F. ) ;
#2769 = MECHANICAL_DESIGN_GEOMETRIC_PRESENTATION_REPRESENTATION (  '', ( #3778 ), #2087 ) ;
#2770 = EDGE_CURVE ( 'NONE', #2573, #1524, #653, .T. ) ;
#2771 = MECHANICAL_DESIGN_GEOMETRIC_PRESENTATION_REPRESENTATION (  '', ( #1083 ), #391 ) ;
#2772 = ORIENTED_EDGE ( 'NONE', *, *, #3633, .F. ) ;
#2773 = LINE ( 'NONE', #977, #3795 ) ;
#2774 = CIRCLE ( 'NONE', #3295, 1.750000000000000222 ) ;
#2775 = VERTEX_POINT ( 'NONE', #3050 ) ;
#2776 = PLANE ( 'NONE',  #3565 ) ;
#2777 =( NAMED_UNIT ( * ) PLANE_ANGLE_UNIT ( ) SI_UNIT ( $, .RADIAN. ) );
#2778 =( NAMED_UNIT ( * ) PLANE_ANGLE_UNIT ( ) SI_UNIT ( $, .RADIAN. ) );
#2779 = EDGE_CURVE ( 'NONE', #2443, #2428, #1559, .T. ) ;
#2780 = COLOUR_RGB ( '',0.1960784313725490169, 0.1960784313725490169, 0.1960784313725490169 ) ;
#2781 = UNCERTAINTY_MEASURE_WITH_UNIT (LENGTH_MEASURE( 1.000000000000000082E-05 ), #1350, 'distance_accuracy_value', 'NONE');
#2782 = FILL_AREA_STYLE_COLOUR ( '', #1452 ) ;
#2783 =( NAMED_UNIT ( * ) PLANE_ANGLE_UNIT ( ) SI_UNIT ( $, .RADIAN. ) );
#2784 = AXIS2_PLACEMENT_3D ( 'NONE', #3561, #862, #1370 ) ;
#2785 = AXIS2_PLACEMENT_3D ( 'NONE', #1739, #2566, #1104 ) ;
#2786 = PRODUCT_DEFINITION_SHAPE ( 'NONE', 'NONE',  #3883 ) ;
#2787 = SURFACE_STYLE_FILL_AREA ( #2181 ) ;
#2788 = AXIS2_PLACEMENT_3D ( 'NONE', #1683, #1381, #157 ) ;
#2789 = VECTOR ( 'NONE', #765, 1000.000000000000000 ) ;
#2790 = PLANE ( 'NONE',  #1213 ) ;
#2791 = ORIENTED_EDGE ( 'NONE', *, *, #2121, .F. ) ;
#2792 =( GEOMETRIC_REPRESENTATION_CONTEXT ( 3 ) GLOBAL_UNCERTAINTY_ASSIGNED_CONTEXT ( ( #2456 ) ) GLOBAL_UNIT_ASSIGNED_CONTEXT ( ( #2433, #2133, #1191 ) ) REPRESENTATION_CONTEXT ( 'NONE', 'WORKASPACE' ) );
#2793 = UNCERTAINTY_MEASURE_WITH_UNIT (LENGTH_MEASURE( 1.000000000000000082E-05 ), #3616, 'distance_accuracy_value', 'NONE');
#2794 = COLOUR_RGB ( '',0.4274509803921568429, 0.4705882352941176405, 0.5411764705882352589 ) ;
#2795 = EDGE_LOOP ( 'NONE', ( #3110, #652, #2599, #234 ) ) ;
#2796 = CARTESIAN_POINT ( 'NONE',  ( -1.090000000000000080, 0.0000000000000000000, -4.000000000000000000 ) ) ;
#2797 = ORIENTED_EDGE ( 'NONE', *, *, #3840, .F. ) ;
#2798 = VERTEX_POINT ( 'NONE', #1314 ) ;
#2799 =( NAMED_UNIT ( * ) SI_UNIT ( $, .STERADIAN. ) SOLID_ANGLE_UNIT ( ) );
#2800 = SURFACE_SIDE_STYLE ('',( #1856 ) ) ;
#2801 = SURFACE_STYLE_USAGE ( .BOTH. , #407 ) ;
#2802 =( NAMED_UNIT ( * ) PLANE_ANGLE_UNIT ( ) SI_UNIT ( $, .RADIAN. ) );
#2803 =( LENGTH_UNIT ( ) NAMED_UNIT ( * ) SI_UNIT ( .MILLI., .METRE. ) );
#2804 = SURFACE_STYLE_USAGE ( .BOTH. , #1670 ) ;
#2805 = FACE_OUTER_BOUND ( 'NONE', #3873, .T. ) ;
#2806 = EDGE_CURVE ( 'NONE', #1536, #929, #436, .T. ) ;
#2807 = PRESENTATION_STYLE_ASSIGNMENT (( #2864 ) ) ;
#2808 = EDGE_LOOP ( 'NONE', ( #35, #3832, #2791, #932 ) ) ;
#2809 = FILL_AREA_STYLE_COLOUR ( '', #3730 ) ;
#2810 = LINE ( 'NONE', #1064, #2221 ) ;
#2811 = PRODUCT_DEFINITION ( 'UNKNOWN', '', #2708, #508 ) ;
#2812 = ORIENTED_EDGE ( 'NONE', *, *, #960, .T. ) ;
#2813 = CARTESIAN_POINT ( 'NONE',  ( -4.254642819947999755, -0.3499999999999999778, 1.399999999999999911 ) ) ;
#2814 = PRESENTATION_STYLE_ASSIGNMENT (( #1315 ) ) ;
#2815 = DIRECTION ( 'NONE',  ( -1.000000000000000000, -0.0000000000000000000, -0.0000000000000000000 ) ) ;
#2816 = PRODUCT_DEFINITION_SHAPE ( 'NONE', 'NONE',  #2418 ) ;
#2817 = UNCERTAINTY_MEASURE_WITH_UNIT (LENGTH_MEASURE( 1.000000000000000082E-05 ), #3417, 'distance_accuracy_value', 'NONE');
#2818 = PLANE ( 'NONE',  #2357 ) ;
#2819 = DIRECTION ( 'NONE',  ( 0.0000000000000000000, -2.990902544787598592E-16, -1.000000000000000000 ) ) ;
#2820 = PRESENTATION_STYLE_ASSIGNMENT (( #3402 ) ) ;
#2821 = DIRECTION ( 'NONE',  ( 0.0000000000000000000, -2.990902544787598592E-16, -1.000000000000000000 ) ) ;
#2822 = DIRECTION ( 'NONE',  ( -0.0000000000000000000, -1.000000000000000000, -0.0000000000000000000 ) ) ;
#2823 = LINE ( 'NONE', #787, #2716 ) ;
#2824 = ORIENTED_EDGE ( 'NONE', *, *, #2779, .F. ) ;
#2825 = MECHANICAL_DESIGN_GEOMETRIC_PRESENTATION_REPRESENTATION (  '', ( #1140 ), #3013 ) ;
#2826 = DIRECTION ( 'NONE',  ( -0.0000000000000000000, 1.000000000000000000, 0.0000000000000000000 ) ) ;
#2827 = AXIS2_PLACEMENT_3D ( 'NONE', #3418, #3455, #2557 ) ;
#2828 =( NAMED_UNIT ( * ) PLANE_ANGLE_UNIT ( ) SI_UNIT ( $, .RADIAN. ) );
#2829 = AXIS2_PLACEMENT_3D ( 'NONE', #910, #3548, #2351 ) ;
#2830 = VERTEX_POINT ( 'NONE', #2272 ) ;
#2831 = CARTESIAN_POINT ( 'NONE',  ( -0.7900000000000000355, 0.0000000000000000000, 1.399999999999999911 ) ) ;
#2832 = PRODUCT_DEFINITION_FORMATION_WITH_SPECIFIED_SOURCE ( 'ANY', '', #3737, .NOT_KNOWN. ) ;
#2833 = PRESENTATION_STYLE_ASSIGNMENT (( #498 ) ) ;
#2834 =( NAMED_UNIT ( * ) PLANE_ANGLE_UNIT ( ) SI_UNIT ( $, .RADIAN. ) );
#2835 = ORIENTED_EDGE ( 'NONE', *, *, #65, .F. ) ;
#2836 = FACE_OUTER_BOUND ( 'NONE', #3327, .T. ) ;
#2837 = STYLED_ITEM ( 'NONE', ( #2379 ), #1594 ) ;
#2838 = APPLICATION_CONTEXT ( 'automotive_design' ) ;
#2839 = VECTOR ( 'NONE', #1781, 1000.000000000000000 ) ;
#2840 = DIRECTION ( 'NONE',  ( -0.0000000000000000000, -0.0000000000000000000, -1.000000000000000000 ) ) ;
#2841 = EDGE_CURVE ( 'NONE', #541, #502, #2108, .T. ) ;
#2842 = AXIS2_PLACEMENT_3D ( 'NONE', #1300, #3051, #1247 ) ;
#2843 = CIRCLE ( 'NONE', #2785, 1.449999999999999956 ) ;
#2844 = LINE ( 'NONE', #3167, #1911 ) ;
#2845 = MECHANICAL_DESIGN_GEOMETRIC_PRESENTATION_REPRESENTATION (  '', ( #1220 ), #26 ) ;
#2846 = COLOUR_RGB ( '',0.4274509803921568429, 0.4705882352941176405, 0.5411764705882352589 ) ;
#2847 = MECHANICAL_DESIGN_GEOMETRIC_PRESENTATION_REPRESENTATION (  '', ( #3798 ), #3493 ) ;
#2848 = FILL_AREA_STYLE_COLOUR ( '', #2794 ) ;
#2849 = LINE ( 'NONE', #790, #2160 ) ;
#2850 = AXIS2_PLACEMENT_3D ( 'NONE', #3224, #3813, #3337 ) ;
#2851 = FILL_AREA_STYLE ('',( #86 ) ) ;
#2852 = AXIS2_PLACEMENT_3D ( 'NONE', #1931, #1067, #747 ) ;
#2853 = DIRECTION ( 'NONE',  ( 0.0000000000000000000, -0.0000000000000000000, 1.000000000000000000 ) ) ;
#2854 = ORIENTED_EDGE ( 'NONE', *, *, #680, .T. ) ;
#2855 = DIRECTION ( 'NONE',  ( -0.0000000000000000000, 1.000000000000000000, 0.0000000000000000000 ) ) ;
#2856 = ADVANCED_FACE ( 'NONE', ( #1342 ), #2541, .F. ) ;
#2857 =( NAMED_UNIT ( * ) SI_UNIT ( $, .STERADIAN. ) SOLID_ANGLE_UNIT ( ) );
#2858 = PRESENTATION_STYLE_ASSIGNMENT (( #1006 ) ) ;
#2859 =( NAMED_UNIT ( * ) PLANE_ANGLE_UNIT ( ) SI_UNIT ( $, .RADIAN. ) );
#2860 = EDGE_LOOP ( 'NONE', ( #184, #1065, #3843, #2461 ) ) ;
#2861 = DIRECTION ( 'NONE',  ( 1.000000000000000000, -0.0000000000000000000, 0.0000000000000000000 ) ) ;
#2862 = DIRECTION ( 'NONE',  ( 1.000000000000000000, 0.0000000000000000000, 0.0000000000000000000 ) ) ;
#2863 =( REPRESENTATION_RELATIONSHIP ('NONE','NONE', #2498, #1174 ) REPRESENTATION_RELATIONSHIP_WITH_TRANSFORMATION ( #2124 )SHAPE_REPRESENTATION_RELATIONSHIP( ) );
#2864 = SURFACE_STYLE_USAGE ( .BOTH. , #2512 ) ;
#2865 = PLANE ( 'NONE',  #3355 ) ;
#2866 =( NAMED_UNIT ( * ) SI_UNIT ( $, .STERADIAN. ) SOLID_ANGLE_UNIT ( ) );
#2867 = SURFACE_STYLE_USAGE ( .BOTH. , #1674 ) ;
#2868 = SURFACE_STYLE_USAGE ( .BOTH. , #1085 ) ;
#2869 = LINE ( 'NONE', #1374, #1827 ) ;
#2870 = ORIENTED_EDGE ( 'NONE', *, *, #600, .F. ) ;
#2871 = EDGE_CURVE ( 'NONE', #3299, #3237, #3500, .T. ) ;
#2872 = DIRECTION ( 'NONE',  ( 0.0000000000000000000, 1.000000000000000000, 0.0000000000000000000 ) ) ;
#2873 = EDGE_CURVE ( 'NONE', #597, #2213, #3452, .T. ) ;
#2874 = CARTESIAN_POINT ( 'NONE',  ( -5.080000000000000071, 4.070000000000000284, 0.0000000000000000000 ) ) ;
#2875 = EDGE_CURVE ( 'NONE', #2936, #1660, #1113, .T. ) ;
#2876 = DIRECTION ( 'NONE',  ( 1.000000000000000000, 0.0000000000000000000, 0.0000000000000000000 ) ) ;
#2877 = ORIENTED_EDGE ( 'NONE', *, *, #2930, .F. ) ;
#2878 = CARTESIAN_POINT ( 'NONE',  ( -4.540000000000000036, 2.000000000000000000, 4.000000000000000000 ) ) ;
#2879 = CARTESIAN_POINT ( 'NONE',  ( 5.879999999999999893, 2.569999999999999840, 0.0000000000000000000 ) ) ;
#2880 = FILL_AREA_STYLE_COLOUR ( '', #847 ) ;
#2881 = UNCERTAINTY_MEASURE_WITH_UNIT (LENGTH_MEASURE( 1.000000000000000082E-05 ), #2602, 'distance_accuracy_value', 'NONE');
#2882 = CARTESIAN_POINT ( 'NONE',  ( 0.0000000000000000000, 0.0000000000000000000, 7.599999999999999645 ) ) ;
#2883 = SURFACE_STYLE_USAGE ( .BOTH. , #725 ) ;
#2884 = EDGE_LOOP ( 'NONE', ( #1917, #3499, #3875, #2034 ) ) ;
#2885 = DIRECTION ( 'NONE',  ( 1.000000000000000000, 0.0000000000000000000, 0.0000000000000000000 ) ) ;
#2886 =( NAMED_UNIT ( * ) SI_UNIT ( $, .STERADIAN. ) SOLID_ANGLE_UNIT ( ) );
#2887 =( GEOMETRIC_REPRESENTATION_CONTEXT ( 3 ) GLOBAL_UNCERTAINTY_ASSIGNED_CONTEXT ( ( #2749 ) ) GLOBAL_UNIT_ASSIGNED_CONTEXT ( ( #601, #297, #1237 ) ) REPRESENTATION_CONTEXT ( 'NONE', 'WORKASPACE' ) );
#2888 = VERTEX_POINT ( 'NONE', #3199 ) ;
#2889 = VECTOR ( 'NONE', #2101, 1000.000000000000000 ) ;
#2890 = EDGE_CURVE ( 'NONE', #2443, #2300, #210, .T. ) ;
#2891 = CARTESIAN_POINT ( 'NONE',  ( 0.4000000000000000222, 2.430000000000000160, 6.700000000000000178 ) ) ;
#2892 =( LENGTH_UNIT ( ) NAMED_UNIT ( * ) SI_UNIT ( .MILLI., .METRE. ) );
#2893 = CARTESIAN_POINT ( 'NONE',  ( -0.5400000000000000355, 2.000000000000000000, 0.0000000000000000000 ) ) ;
#2894 = FACE_OUTER_BOUND ( 'NONE', #987, .T. ) ;
#2895 = VECTOR ( 'NONE', #3289, 1000.000000000000000 ) ;
#2896 = SHAPE_REPRESENTATION ( 'Anschluss_links', ( #1260 ), #898 ) ;
#2897 = DIRECTION ( 'NONE',  ( 0.0000000000000000000, 0.0000000000000000000, 1.000000000000000000 ) ) ;
#2898 =( NAMED_UNIT ( * ) SI_UNIT ( $, .STERADIAN. ) SOLID_ANGLE_UNIT ( ) );
#2899 = STYLED_ITEM ( 'NONE', ( #2760 ), #1137 ) ;
#2900 = EDGE_LOOP ( 'NONE', ( #1051, #1251, #3637, #2211 ) ) ;
#2901 = DIRECTION ( 'NONE',  ( 0.0000000000000000000, 0.0000000000000000000, 1.000000000000000000 ) ) ;
#2902 = PRESENTATION_LAYER_ASSIGNMENT (  '', '', ( #835 ) ) ;
#2903 = FILL_AREA_STYLE_COLOUR ( '', #3 ) ;
#2904 = DIRECTION ( 'NONE',  ( 0.0000000000000000000, 0.0000000000000000000, 1.000000000000000000 ) ) ;
#2905 = PRESENTATION_LAYER_ASSIGNMENT (  '', '', ( #19 ) ) ;
#2906 =( GEOMETRIC_REPRESENTATION_CONTEXT ( 3 ) GLOBAL_UNCERTAINTY_ASSIGNED_CONTEXT ( ( #2426 ) ) GLOBAL_UNIT_ASSIGNED_CONTEXT ( ( #540, #567, #1822 ) ) REPRESENTATION_CONTEXT ( 'NONE', 'WORKASPACE' ) );
#2907 = AXIS2_PLACEMENT_3D ( 'NONE', #185, #3148, #1377 ) ;
#2908 = AXIS2_PLACEMENT_3D ( 'NONE', #2152, #363, #712 ) ;
#2909 = STYLED_ITEM ( 'NONE', ( #2404 ), #478 ) ;
#2910 = PRESENTATION_LAYER_ASSIGNMENT (  '', '', ( #2837 ) ) ;
#2911 = ORIENTED_EDGE ( 'NONE', *, *, #241, .F. ) ;
#2912 = DIRECTION ( 'NONE',  ( 0.0000000000000000000, 0.0000000000000000000, 1.000000000000000000 ) ) ;
#2913 = PRESENTATION_LAYER_ASSIGNMENT (  '', '', ( #708 ) ) ;
#2914 = CIRCLE ( 'NONE', #3235, 1.949999999999999956 ) ;
#2915 = SURFACE_STYLE_USAGE ( .BOTH. , #290 ) ;
#2916 = VECTOR ( 'NONE', #1993, 1000.000000000000000 ) ;
#2917 = ORIENTED_EDGE ( 'NONE', *, *, #1189, .F. ) ;
#2918 = MECHANICAL_DESIGN_GEOMETRIC_PRESENTATION_REPRESENTATION (  '', ( #2301 ), #1034 ) ;
#2919 = FILL_AREA_STYLE_COLOUR ( '', #1156 ) ;
#2920 = DIRECTION ( 'NONE',  ( -0.0000000000000000000, 0.0000000000000000000, -1.000000000000000000 ) ) ;
#2921 =( GEOMETRIC_REPRESENTATION_CONTEXT ( 3 ) GLOBAL_UNCERTAINTY_ASSIGNED_CONTEXT ( ( #3757 ) ) GLOBAL_UNIT_ASSIGNED_CONTEXT ( ( #1036, #3684, #48 ) ) REPRESENTATION_CONTEXT ( 'NONE', 'WORKASPACE' ) );
#2922 = LINE ( 'NONE', #239, #223 ) ;
#2923 = VECTOR ( 'NONE', #2815, 1000.000000000000000 ) ;
#2924 = CARTESIAN_POINT ( 'NONE',  ( -2.540000000000000036, 0.0000000000000000000, -4.599999999999999645 ) ) ;
#2925 = ORIENTED_EDGE ( 'NONE', *, *, #1776, .F. ) ;
#2926 = SHAPE_REPRESENTATION ( 'Anschluss_rechts', ( #1260 ), #6 ) ;
#2927 = FILL_AREA_STYLE_COLOUR ( '', #3542 ) ;
#2928 = DIRECTION ( 'NONE',  ( 0.0000000000000000000, -0.0000000000000000000, 1.000000000000000000 ) ) ;
#2929 = DIRECTION ( 'NONE',  ( 1.000000000000000000, 0.0000000000000000000, 0.0000000000000000000 ) ) ;
#2930 = EDGE_CURVE ( 'NONE', #2762, #3552, #2972, .T. ) ;
#2931 = PLANE ( 'NONE',  #909 ) ;
#2932 = EDGE_LOOP ( 'NONE', ( #435, #2061, #985, #681 ) ) ;
#2933 = FILL_AREA_STYLE_COLOUR ( '', #589 ) ;
#2934 = CARTESIAN_POINT ( 'NONE',  ( 5.080000000000000071, -4.070000000000000284, 0.0000000000000000000 ) ) ;
#2935 = CARTESIAN_POINT ( 'NONE',  ( 5.080000000000000071, 4.070000000000000284, 0.0000000000000000000 ) ) ;
#2936 = VERTEX_POINT ( 'NONE', #1089 ) ;
#2937 = CARTESIAN_POINT ( 'NONE',  ( -4.254642819947999755, -0.3499999999999999778, 1.399999999999999911 ) ) ;
#2938 = CARTESIAN_POINT ( 'NONE',  ( -0.4000000000000000222, -4.070000000000000284, 6.700000000000000178 ) ) ;
#2939 = DIRECTION ( 'NONE',  ( 0.0000000000000000000, 0.0000000000000000000, -1.000000000000000000 ) ) ;
#2940 = EDGE_CURVE ( 'NONE', #972, #1956, #2302, .T. ) ;
#2941 = DIRECTION ( 'NONE',  ( -0.0000000000000000000, 1.000000000000000000, 0.0000000000000000000 ) ) ;
#2942 = SURFACE_STYLE_FILL_AREA ( #841 ) ;
#2943 = ORIENTED_EDGE ( 'NONE', *, *, #2571, .F. ) ;
#2944 = LINE ( 'NONE', #1686, #1770 ) ;
#2945 = CARTESIAN_POINT ( 'NONE',  ( -0.8253571800518877399, -0.3499999999999999778, 0.5999999999999999778 ) ) ;
#2946 = CARTESIAN_POINT ( 'NONE',  ( -2.540000000000000036, 0.0000000000000000000, 6.700000000000000178 ) ) ;
#2947 =( NAMED_UNIT ( * ) SI_UNIT ( $, .STERADIAN. ) SOLID_ANGLE_UNIT ( ) );
#2948 = FACE_OUTER_BOUND ( 'NONE', #3768, .T. ) ;
#2949 = VERTEX_POINT ( 'NONE', #3722 ) ;
#2950 = FILL_AREA_STYLE ('',( #2933 ) ) ;
#2951 = DIRECTION ( 'NONE',  ( -0.0000000000000000000, 0.0000000000000000000, -1.000000000000000000 ) ) ;
#2952 = ORIENTED_EDGE ( 'NONE', *, *, #893, .F. ) ;
#2953 = LINE ( 'NONE', #1460, #3356 ) ;
#2954 = FACE_OUTER_BOUND ( 'NONE', #285, .T. ) ;
#2955 = FILL_AREA_STYLE_COLOUR ( '', #2417 ) ;
#2956 = SURFACE_STYLE_USAGE ( .BOTH. , #307 ) ;
#2957 = CIRCLE ( 'NONE', #266, 1.949999999999999956 ) ;
#2958 = ORIENTED_EDGE ( 'NONE', *, *, #3286, .T. ) ;
#2959 = CARTESIAN_POINT ( 'NONE',  ( -4.290000000000000036, 0.0000000000000000000, 0.0000000000000000000 ) ) ;
#2960 = CIRCLE ( 'NONE', #3649, 1.449999999999999956 ) ;
#2961 = SURFACE_STYLE_USAGE ( .BOTH. , #3267 ) ;
#2962 =( GEOMETRIC_REPRESENTATION_CONTEXT ( 3 ) GLOBAL_UNCERTAINTY_ASSIGNED_CONTEXT ( ( #167 ) ) GLOBAL_UNIT_ASSIGNED_CONTEXT ( ( #429, #2266, #1673 ) ) REPRESENTATION_CONTEXT ( 'NONE', 'WORKASPACE' ) );
#2963 = CIRCLE ( 'NONE', #1521, 1.750000000000000222 ) ;
#2964 = UNCERTAINTY_MEASURE_WITH_UNIT (LENGTH_MEASURE( 1.000000000000000082E-05 ), #1250, 'distance_accuracy_value', 'NONE');
#2965 = DIRECTION ( 'NONE',  ( 0.0000000000000000000, 0.0000000000000000000, 1.000000000000000000 ) ) ;
#2966 = DIRECTION ( 'NONE',  ( 0.0000000000000000000, -0.0000000000000000000, 1.000000000000000000 ) ) ;
#2967 = ORIENTED_EDGE ( 'NONE', *, *, #3274, .T. ) ;
#2968 =( GEOMETRIC_REPRESENTATION_CONTEXT ( 3 ) GLOBAL_UNCERTAINTY_ASSIGNED_CONTEXT ( ( #260 ) ) GLOBAL_UNIT_ASSIGNED_CONTEXT ( ( #3128, #1999, #1095 ) ) REPRESENTATION_CONTEXT ( 'NONE', 'WORKASPACE' ) );
#2969 = COLOUR_RGB ( '',0.1960784313725490169, 0.1960784313725490169, 0.1960784313725490169 ) ;
#2970 = CARTESIAN_POINT ( 'NONE',  ( -2.540000000000000036, -1.999999999999999556, 3.449999999999999734 ) ) ;
#2971 = EDGE_LOOP ( 'NONE', ( #2089, #2870, #901, #984 ) ) ;
#2972 = CIRCLE ( 'NONE', #2907, 1.449999999999999956 ) ;
#2973 = DIRECTION ( 'NONE',  ( 0.0000000000000000000, 2.220446049250000002E-16, 1.000000000000000000 ) ) ;
#2974 = COLOUR_RGB ( '',0.1960784313725490169, 0.1960784313725490169, 0.1960784313725490169 ) ;
#2975 = COLOUR_RGB ( '',0.1960784313725490169, 0.1960784313725490169, 0.1960784313725490169 ) ;
#2976 = CARTESIAN_POINT ( 'NONE',  ( -2.965000000000000302, 5.204748896376250083E-17, -4.599999999999999645 ) ) ;
#2977 = PLANE ( 'NONE',  #2405 ) ;
#2978 =( GEOMETRIC_REPRESENTATION_CONTEXT ( 3 ) GLOBAL_UNCERTAINTY_ASSIGNED_CONTEXT ( ( #881 ) ) GLOBAL_UNIT_ASSIGNED_CONTEXT ( ( #2343, #1114, #439 ) ) REPRESENTATION_CONTEXT ( 'NONE', 'WORKASPACE' ) );
#2979 = ADVANCED_FACE ( 'NONE', ( #3515 ), #173, .T. ) ;
#2980 = FACE_BOUND ( 'NONE', #590, .T. ) ;
#2981 = EDGE_CURVE ( 'NONE', #295, #1276, #1764, .T. ) ;
#2982 = MECHANICAL_DESIGN_GEOMETRIC_PRESENTATION_REPRESENTATION (  '', ( #1229 ), #1414 ) ;
#2983 = CARTESIAN_POINT ( 'NONE',  ( -0.4000000000000000222, 2.429999999999999716, 6.700000000000000178 ) ) ;
#2984 = DIRECTION ( 'NONE',  ( 1.000000000000000000, 0.0000000000000000000, -0.0000000000000000000 ) ) ;
#2985 = CARTESIAN_POINT ( 'NONE',  ( 1.840000000000000080, -4.070000000000000284, 1.149999999999999911 ) ) ;
#2986 = LINE ( 'NONE', #299, #2533 ) ;
#2987 = PRODUCT_RELATED_PRODUCT_CATEGORY ( 'part', '', ( #129 ) ) ;
#2988 = SURFACE_STYLE_FILL_AREA ( #857 ) ;
#2989 = ORIENTED_EDGE ( 'NONE', *, *, #2031, .T. ) ;
#2990 = EDGE_CURVE ( 'NONE', #950, #1912, #3534, .T. ) ;
#2991 = ORIENTED_EDGE ( 'NONE', *, *, #2779, .T. ) ;
#2992 = DIRECTION ( 'NONE',  ( 0.0000000000000000000, -1.000000000000000000, 2.220446049250000002E-16 ) ) ;
#2993 = FILL_AREA_STYLE ('',( #947 ) ) ;
#2994 =( NAMED_UNIT ( * ) PLANE_ANGLE_UNIT ( ) SI_UNIT ( $, .RADIAN. ) );
#2995 = EDGE_CURVE ( 'NONE', #295, #2501, #251, .T. ) ;
#2996 = FILL_AREA_STYLE_COLOUR ( '', #1597 ) ;
#2997 = LINE ( 'NONE', #824, #233 ) ;
#2998 = CARTESIAN_POINT ( 'NONE',  ( -4.700000000000000178, -4.070000000000000284, 0.0000000000000000000 ) ) ;
#2999 = EDGE_CURVE ( 'NONE', #2187, #305, #292, .T. ) ;
#3000 = CARTESIAN_POINT ( 'NONE',  ( 5.080000000000000071, 4.070000000000000284, 0.0000000000000000000 ) ) ;
#3001 = CARTESIAN_POINT ( 'NONE',  ( -0.8253571800518876289, 0.3499999999999999778, 1.399999999999999911 ) ) ;
#3002 = DIRECTION ( 'NONE',  ( 1.000000000000000000, 0.0000000000000000000, 0.0000000000000000000 ) ) ;
#3003 = UNCERTAINTY_MEASURE_WITH_UNIT (LENGTH_MEASURE( 1.000000000000000082E-05 ), #59, 'distance_accuracy_value', 'NONE');
#3004 =( NAMED_UNIT ( * ) PLANE_ANGLE_UNIT ( ) SI_UNIT ( $, .RADIAN. ) );
#3005 = EDGE_LOOP ( 'NONE', ( #2144, #2129, #3701, #3130, #3348, #728, #2622, #231, #978, #485 ) ) ;
#3006 = SURFACE_STYLE_FILL_AREA ( #2439 ) ;
#3007 = SURFACE_STYLE_FILL_AREA ( #371 ) ;
#3008 = ORIENTED_EDGE ( 'NONE', *, *, #2841, .T. ) ;
#3009 = EDGE_CURVE ( 'NONE', #127, #115, #2953, .T. ) ;
#3010 = DIRECTION ( 'NONE',  ( 1.000000000000000000, 0.0000000000000000000, -0.0000000000000000000 ) ) ;
#3011 = LINE ( 'NONE', #3088, #2141 ) ;
#3012 = CARTESIAN_POINT ( 'NONE',  ( -2.540000000000000036, -2.000000000000000000, 2.000000000000000000 ) ) ;
#3013 =( GEOMETRIC_REPRESENTATION_CONTEXT ( 3 ) GLOBAL_UNCERTAINTY_ASSIGNED_CONTEXT ( ( #79 ) ) GLOBAL_UNIT_ASSIGNED_CONTEXT ( ( #2401, #1768, #3846 ) ) REPRESENTATION_CONTEXT ( 'NONE', 'WORKASPACE' ) );
#3014 = SURFACE_SIDE_STYLE ('',( #2056 ) ) ;
#3015 =( NAMED_UNIT ( * ) SI_UNIT ( $, .STERADIAN. ) SOLID_ANGLE_UNIT ( ) );
#3016 = ORIENTED_EDGE ( 'NONE', *, *, #2004, .F. ) ;
#3017 = EDGE_CURVE ( 'NONE', #1276, #3215, #3239, .T. ) ;
#3018 = VERTEX_POINT ( 'NONE', #2413 ) ;
#3019 = STYLED_ITEM ( 'NONE', ( #2625 ), #1303 ) ;
#3020 =( NAMED_UNIT ( * ) PLANE_ANGLE_UNIT ( ) SI_UNIT ( $, .RADIAN. ) );
#3021 = VECTOR ( 'NONE', #120, 1000.000000000000000 ) ;
#3022 = EDGE_LOOP ( 'NONE', ( #3543, #1702, #698, #2137 ) ) ;
#3023 = SURFACE_STYLE_USAGE ( .BOTH. , #3080 ) ;
#3024 = AXIS2_PLACEMENT_3D ( 'NONE', #2537, #2553, #1571 ) ;
#3025 = SURFACE_STYLE_USAGE ( .BOTH. , #2715 ) ;
#3026 = COLOUR_RGB ( '',0.4274509803921568429, 0.4705882352941176405, 0.5411764705882352589 ) ;
#3027 = MECHANICAL_DESIGN_GEOMETRIC_PRESENTATION_REPRESENTATION (  '', ( #775 ), #153 ) ;
#3028 = PRESENTATION_LAYER_ASSIGNMENT (  '', '', ( #3741 ) ) ;
#3029 = COLOUR_RGB ( '',0.4274509803921568429, 0.4705882352941176405, 0.5411764705882352589 ) ;
#3030 = ORIENTED_EDGE ( 'NONE', *, *, #264, .T. ) ;
#3031 = STYLED_ITEM ( 'NONE', ( #721 ), #1753 ) ;
#3032 = LINE ( 'NONE', #1918, #2594 ) ;
#3033 =( NAMED_UNIT ( * ) PLANE_ANGLE_UNIT ( ) SI_UNIT ( $, .RADIAN. ) );
#3034 = COLOUR_RGB ( '',0.4000000000000000222, 0.4000000000000000222, 0.4000000000000000222 ) ;
#3035 = VECTOR ( 'NONE', #3841, 1000.000000000000000 ) ;
#3036 =( LENGTH_UNIT ( ) NAMED_UNIT ( * ) SI_UNIT ( .MILLI., .METRE. ) );
#3037 =( GEOMETRIC_REPRESENTATION_CONTEXT ( 3 ) GLOBAL_UNCERTAINTY_ASSIGNED_CONTEXT ( ( #538 ) ) GLOBAL_UNIT_ASSIGNED_CONTEXT ( ( #730, #1874, #2799 ) ) REPRESENTATION_CONTEXT ( 'NONE', 'WORKASPACE' ) );
#3038 =( NAMED_UNIT ( * ) PLANE_ANGLE_UNIT ( ) SI_UNIT ( $, .RADIAN. ) );
#3039 = PRESENTATION_LAYER_ASSIGNMENT (  '', '', ( #858 ) ) ;
#3040 = AXIS2_PLACEMENT_3D ( 'NONE', #69, #121, #2179 ) ;
#3041 = ORIENTED_EDGE ( 'NONE', *, *, #1001, .F. ) ;
#3042 = VERTEX_POINT ( 'NONE', #2658 ) ;
#3043 = ADVANCED_FACE ( 'NONE', ( #1173 ), #2396, .T. ) ;
#3044 = APPLICATION_CONTEXT ( 'automotive_design' ) ;
#3045 = EDGE_CURVE ( 'NONE', #169, #3629, #1424, .T. ) ;
#3046 = ORIENTED_EDGE ( 'NONE', *, *, #2995, .F. ) ;
#3047 = CARTESIAN_POINT ( 'NONE',  ( -2.540000000000000036, -2.000000000000000000, 2.000000000000000000 ) ) ;
#3048 = CARTESIAN_POINT ( 'NONE',  ( -0.4000000000000000222, -4.070000000000000284, 1.149999999999999911 ) ) ;
#3049 = EDGE_LOOP ( 'NONE', ( #2943, #1554 ) ) ;
#3050 = CARTESIAN_POINT ( 'NONE',  ( 5.879999999999999893, 3.370000000000000107, 6.700000000000000178 ) ) ;
#3051 = DIRECTION ( 'NONE',  ( -1.000000000000000000, 0.0000000000000000000, 0.0000000000000000000 ) ) ;
#3052 = LINE ( 'NONE', #1562, #66 ) ;
#3053 = FILL_AREA_STYLE ('',( #2742 ) ) ;
#3054 = CARTESIAN_POINT ( 'NONE',  ( -4.280000000000000249, 3.370000000000000107, 0.0000000000000000000 ) ) ;
#3055 = SURFACE_STYLE_USAGE ( .BOTH. , #3673 ) ;
#3056 = DIRECTION ( 'NONE',  ( 0.0000000000000000000, 0.0000000000000000000, 1.000000000000000000 ) ) ;
#3057 = VERTEX_POINT ( 'NONE', #1803 ) ;
#3058 = ORIENTED_EDGE ( 'NONE', *, *, #3431, .T. ) ;
#3059 = SURFACE_STYLE_USAGE ( .BOTH. , #2184 ) ;
#3060 = PRODUCT_DEFINITION_CONTEXT ( 'detailed design', #2639, 'design' ) ;
#3061 = PRESENTATION_STYLE_ASSIGNMENT (( #1275 ) ) ;
#3062 = ORIENTED_EDGE ( 'NONE', *, *, #1189, .T. ) ;
#3063 = FACE_OUTER_BOUND ( 'NONE', #3353, .T. ) ;
#3064 = DIRECTION ( 'NONE',  ( 1.000000000000000000, 0.0000000000000000000, 0.0000000000000000000 ) ) ;
#3065 = ORIENTED_EDGE ( 'NONE', *, *, #3045, .F. ) ;
#3066 = LINE ( 'NONE', #378, #396 ) ;
#3067 = EDGE_LOOP ( 'NONE', ( #308, #2429 ) ) ;
#3068 = DIRECTION ( 'NONE',  ( -0.0000000000000000000, 0.0000000000000000000, -1.000000000000000000 ) ) ;
#3069 = LINE ( 'NONE', #384, #443 ) ;
#3070 =( NAMED_UNIT ( * ) SI_UNIT ( $, .STERADIAN. ) SOLID_ANGLE_UNIT ( ) );
#3071 =( NAMED_UNIT ( * ) PLANE_ANGLE_UNIT ( ) SI_UNIT ( $, .RADIAN. ) );
#3072 = VECTOR ( 'NONE', #3865, 1000.000000000000000 ) ;
#3073 = SURFACE_STYLE_USAGE ( .BOTH. , #1552 ) ;
#3074 = VERTEX_POINT ( 'NONE', #2339 ) ;
#3075 = COLOUR_RGB ( '',0.7921568627450980005, 0.8196078431372548767, 0.9333333333333333481 ) ;
#3076 = AXIS2_PLACEMENT_3D ( 'NONE', #3571, #565, #925 ) ;
#3077 =( LENGTH_UNIT ( ) NAMED_UNIT ( * ) SI_UNIT ( .MILLI., .METRE. ) );
#3078 = AXIS2_PLACEMENT_3D ( 'NONE', #3829, #1689, #1393 ) ;
#3079 = ORIENTED_EDGE ( 'NONE', *, *, #2770, .T. ) ;
#3080 = SURFACE_SIDE_STYLE ('',( #1543 ) ) ;
#3081 = DIRECTION ( 'NONE',  ( -1.000000000000000000, 0.0000000000000000000, -0.0000000000000000000 ) ) ;
#3082 = COLOUR_RGB ( '',0.1960784313725490169, 0.1960784313725490169, 0.1960784313725490169 ) ;
#3083 = ORIENTED_EDGE ( 'NONE', *, *, #2412, .T. ) ;
#3084 = DIRECTION ( 'NONE',  ( -1.000000000000000000, -0.0000000000000000000, 0.0000000000000000000 ) ) ;
#3085 =( GEOMETRIC_REPRESENTATION_CONTEXT ( 3 ) GLOBAL_UNCERTAINTY_ASSIGNED_CONTEXT ( ( #1480 ) ) GLOBAL_UNIT_ASSIGNED_CONTEXT ( ( #1090, #815, #3241 ) ) REPRESENTATION_CONTEXT ( 'NONE', 'WORKASPACE' ) );
#3086 = EDGE_LOOP ( 'NONE', ( #2581, #3781, #2732, #3475, #3680, #1981, #1630, #946 ) ) ;
#3087 = SURFACE_SIDE_STYLE ('',( #3438 ) ) ;
#3088 = CARTESIAN_POINT ( 'NONE',  ( 5.080000000000000071, -4.070000000000000284, 1.149999999999999911 ) ) ;
#3089 = AXIS2_PLACEMENT_3D ( 'NONE', #2117, #3318, #613 ) ;
#3090 = AXIS2_PLACEMENT_3D ( 'NONE', #2252, #1715, #200 ) ;
#3091 = UNCERTAINTY_MEASURE_WITH_UNIT (LENGTH_MEASURE( 1.000000000000000082E-05 ), #3742, 'distance_accuracy_value', 'NONE');
#3092 =( REPRESENTATION_RELATIONSHIP ('NONE','NONE', #2498, #2896 ) REPRESENTATION_RELATIONSHIP_WITH_TRANSFORMATION ( #607 )SHAPE_REPRESENTATION_RELATIONSHIP( ) );
#3093 = SURFACE_STYLE_FILL_AREA ( #1319 ) ;
#3094 = PRESENTATION_STYLE_ASSIGNMENT (( #1609 ) ) ;
#3095 = VECTOR ( 'NONE', #1365, 1000.000000000000000 ) ;
#3096 = EDGE_CURVE ( 'NONE', #2474, #1873, #22, .T. ) ;
#3097 = AXIS2_PLACEMENT_3D ( 'NONE', #3335, #2482, #362 ) ;
#3098 = AXIS2_PLACEMENT_3D ( 'NONE', #2314, #2248, #3463 ) ;
#3099 = DIRECTION ( 'NONE',  ( 1.000000000000000000, 0.0000000000000000000, 0.0000000000000000000 ) ) ;
#3100 = VECTOR ( 'NONE', #3782, 1000.000000000000000 ) ;
#3101 = AXIS2_PLACEMENT_3D ( 'NONE', #2074, #2912, #2029 ) ;
#3102 = PRESENTATION_STYLE_ASSIGNMENT (( #996 ) ) ;
#3103 = ORIENTED_EDGE ( 'NONE', *, *, #269, .F. ) ;
#3104 = CYLINDRICAL_SURFACE ( 'NONE', #1039, 0.4250000000000000444 ) ;
#3105 = COLOUR_RGB ( '',0.4274509803921568429, 0.4705882352941176405, 0.5411764705882352589 ) ;
#3106 = EDGE_CURVE ( 'NONE', #2187, #267, #584, .T. ) ;
#3107 = EDGE_LOOP ( 'NONE', ( #935, #1471, #2115, #2380 ) ) ;
#3108 = FILL_AREA_STYLE_COLOUR ( '', #649 ) ;
#3109 = DIRECTION ( 'NONE',  ( -0.0000000000000000000, -0.0000000000000000000, -1.000000000000000000 ) ) ;
#3110 = ORIENTED_EDGE ( 'NONE', *, *, #3825, .T. ) ;
#3111 = FILL_AREA_STYLE ('',( #95 ) ) ;
#3112 = FACE_OUTER_BOUND ( 'NONE', #1614, .T. ) ;
#3113 = CARTESIAN_POINT ( 'NONE',  ( -2.540000000000000036, 0.0000000000000000000, 0.0000000000000000000 ) ) ;
#3114 = CARTESIAN_POINT ( 'NONE',  ( -2.540000000000000036, 0.0000000000000000000, 10.00000000000000000 ) ) ;
#3115 = DIRECTION ( 'NONE',  ( 1.000000000000000000, 0.0000000000000000000, 0.0000000000000000000 ) ) ;
#3116 = APPLICATION_CONTEXT ( 'automotive_design' ) ;
#3117 = FILL_AREA_STYLE ('',( #1018 ) ) ;
#3118 = DIRECTION ( 'NONE',  ( 0.0000000000000000000, -1.000000000000000000, 2.220446049250000002E-16 ) ) ;
#3119 = UNCERTAINTY_MEASURE_WITH_UNIT (LENGTH_MEASURE( 1.000000000000000082E-05 ), #3388, 'distance_accuracy_value', 'NONE');
#3120 = DIRECTION ( 'NONE',  ( 0.0000000000000000000, -0.0000000000000000000, -1.000000000000000000 ) ) ;
#3121 = CARTESIAN_POINT ( 'NONE',  ( -4.540000000000000036, 2.000000000000000000, 0.0000000000000000000 ) ) ;
#3122 = SURFACE_STYLE_FILL_AREA ( #3777 ) ;
#3123 = VERTEX_POINT ( 'NONE', #1951 ) ;
#3124 = EDGE_CURVE ( 'NONE', #3359, #46, #1427, .T. ) ;
#3125 = PRESENTATION_STYLE_ASSIGNMENT (( #3516 ) ) ;
#3126 = EDGE_CURVE ( 'NONE', #612, #3624, #3766, .T. ) ;
#3127 = UNCERTAINTY_MEASURE_WITH_UNIT (LENGTH_MEASURE( 1.000000000000000082E-05 ), #1709, 'distance_accuracy_value', 'NONE');
#3128 =( LENGTH_UNIT ( ) NAMED_UNIT ( * ) SI_UNIT ( .MILLI., .METRE. ) );
#3129 = FILL_AREA_STYLE ('',( #1055 ) ) ;
#3130 = ORIENTED_EDGE ( 'NONE', *, *, #3809, .T. ) ;
#3131 = DIRECTION ( 'NONE',  ( 0.0000000000000000000, 0.0000000000000000000, 1.000000000000000000 ) ) ;
#3132 = CARTESIAN_POINT ( 'NONE',  ( -2.540000000000000036, 0.0000000000000000000, 0.0000000000000000000 ) ) ;
#3133 = FILL_AREA_STYLE_COLOUR ( '', #2597 ) ;
#3134 = CARTESIAN_POINT ( 'NONE',  ( -2.540000000000000036, 0.0000000000000000000, 0.0000000000000000000 ) ) ;
#3135 = FILL_AREA_STYLE ('',( #2880 ) ) ;
#3136 = UNCERTAINTY_MEASURE_WITH_UNIT (LENGTH_MEASURE( 1.000000000000000082E-05 ), #1613, 'distance_accuracy_value', 'NONE');
#3137 = SHAPE_REPRESENTATION_RELATIONSHIP ( 'NONE' , 'NONE' ,  #2896, #963 ) ;
#3138 = EDGE_CURVE ( 'NONE', #2213, #1355, #524, .T. ) ;
#3139 =( NAMED_UNIT ( * ) PLANE_ANGLE_UNIT ( ) SI_UNIT ( $, .RADIAN. ) );
#3140 = ORIENTED_EDGE ( 'NONE', *, *, #501, .T. ) ;
#3141 = VECTOR ( 'NONE', #2853, 1000.000000000000000 ) ;
#3142 = DIRECTION ( 'NONE',  ( 0.0000000000000000000, 0.0000000000000000000, 1.000000000000000000 ) ) ;
#3143 = CIRCLE ( 'NONE', #1771, 1.449999999999999956 ) ;
#3144 = CARTESIAN_POINT ( 'NONE',  ( 3.240000000000000213, 0.7299999999999997602, 1.149999999999999911 ) ) ;
#3145 = MECHANICAL_DESIGN_GEOMETRIC_PRESENTATION_REPRESENTATION (  '', ( #952 ), #1077 ) ;
#3146 = LINE ( 'NONE', #3177, #2638 ) ;
#3147 = ORIENTED_EDGE ( 'NONE', *, *, #3828, .T. ) ;
#3148 = DIRECTION ( 'NONE',  ( -0.0000000000000000000, 1.000000000000000000, -2.220446049250000002E-16 ) ) ;
#3149 = AXIS2_PLACEMENT_3D ( 'NONE', #2882, #2965, #3494 ) ;
#3150 = CARTESIAN_POINT ( 'NONE',  ( -0.5399999999999998135, 2.000000000000000000, 4.000000000000000000 ) ) ;
#3151 =( NAMED_UNIT ( * ) PLANE_ANGLE_UNIT ( ) SI_UNIT ( $, .RADIAN. ) );
#3152 = FILL_AREA_STYLE ('',( #2257 ) ) ;
#3153 = PRODUCT_DEFINITION ( 'UNKNOWN', '', #143, #945 ) ;
#3154 = CARTESIAN_POINT ( 'NONE',  ( -2.540000000000000036, 0.0000000000000000000, 0.0000000000000000000 ) ) ;
#3155 = MECHANICAL_DESIGN_GEOMETRIC_PRESENTATION_REPRESENTATION (  '', ( #2095 ), #3411 ) ;
#3156 = LINE ( 'NONE', #3398, #1461 ) ;
#3157 = EDGE_LOOP ( 'NONE', ( #1088, #2747, #3634, #1047, #2733, #1691 ) ) ;
#3158 = CARTESIAN_POINT ( 'NONE',  ( -0.5399999999999998135, 2.000000000000000000, 4.000000000000000000 ) ) ;
#3159 = MECHANICAL_DESIGN_GEOMETRIC_PRESENTATION_REPRESENTATION (  '', ( #19 ), #2714 ) ;
#3160 = AXIS2_PLACEMENT_3D ( 'NONE', #888, #608, #317 ) ;
#3161 = FILL_AREA_STYLE ('',( #2903 ) ) ;
#3162 = VECTOR ( 'NONE', #3787, 1000.000000000000000 ) ;
#3163 = SURFACE_STYLE_FILL_AREA ( #1960 ) ;
#3164 = AXIS2_PLACEMENT_3D ( 'NONE', #1745, #1398, #3779 ) ;
#3165 = VECTOR ( 'NONE', #2713, 1000.000000000000000 ) ;
#3166 = SURFACE_SIDE_STYLE ('',( #3464 ) ) ;
#3167 = CARTESIAN_POINT ( 'NONE',  ( -3.240000000000000213, 0.7299999999999999822, 1.149999999999999911 ) ) ;
#3168 = PRESENTATION_LAYER_ASSIGNMENT (  '', '', ( #648 ) ) ;
#3169 = VECTOR ( 'NONE', #1328, 1000.000000000000000 ) ;
#3170 = FACE_OUTER_BOUND ( 'NONE', #1881, .T. ) ;
#3171 = EDGE_CURVE ( 'NONE', #25, #2888, #3519, .T. ) ;
#3172 = ORIENTED_EDGE ( 'NONE', *, *, #1106, .F. ) ;
#3173 = LINE ( 'NONE', #3801, #917 ) ;
#3174 = MECHANICAL_DESIGN_GEOMETRIC_PRESENTATION_REPRESENTATION (  '', ( #1541 ), #2792 ) ;
#3176 = EDGE_CURVE ( 'NONE', #1833, #3018, #2657, .T. ) ;
#3175 = PRODUCT_DEFINITION_SHAPE ( 'NONE', 'NONE',  #2811 ) ;
#3177 = CARTESIAN_POINT ( 'NONE',  ( 1.840000000000000080, 0.7299999999999999822, 1.149999999999999911 ) ) ;
#3178 = VERTEX_POINT ( 'NONE', #1131 ) ;
#3179 = CARTESIAN_POINT ( 'NONE',  ( 5.080000000000000071, 3.370000000000000107, 0.0000000000000000000 ) ) ;
#3180 = DIRECTION ( 'NONE',  ( 0.0000000000000000000, 0.0000000000000000000, 1.000000000000000000 ) ) ;
#3181 = FILL_AREA_STYLE ('',( #2216 ) ) ;
#3182 = CARTESIAN_POINT ( 'NONE',  ( -5.080000000000000071, 0.7299999999999997602, 0.0000000000000000000 ) ) ;
#3183 = PRESENTATION_STYLE_ASSIGNMENT (( #778 ) ) ;
#3184 = PRESENTATION_STYLE_ASSIGNMENT (( #3767 ) ) ;
#3185 = EDGE_LOOP ( 'NONE', ( #1185, #3263, #655, #2991 ) ) ;
#3186 = FILL_AREA_STYLE_COLOUR ( '', #3784 ) ;
#3187 = DIRECTION ( 'NONE',  ( 0.0000000000000000000, 0.0000000000000000000, -1.000000000000000000 ) ) ;
#3188 = FACE_OUTER_BOUND ( 'NONE', #1732, .T. ) ;
#3189 =( NAMED_UNIT ( * ) PLANE_ANGLE_UNIT ( ) SI_UNIT ( $, .RADIAN. ) );
#3190 = PLANE ( 'NONE',  #1160 ) ;
#3191 = UNCERTAINTY_MEASURE_WITH_UNIT (LENGTH_MEASURE( 1.000000000000000082E-05 ), #3204, 'distance_accuracy_value', 'NONE');
#3192 = EDGE_CURVE ( 'NONE', #2338, #2233, #968, .T. ) ;
#3193 = SHAPE_DEFINITION_REPRESENTATION ( #433, #2896 ) ;
#3194 = CARTESIAN_POINT ( 'NONE',  ( -3.240000000000000213, 0.7299999999999997602, 1.149999999999999467 ) ) ;
#3195 = ORIENTED_EDGE ( 'NONE', *, *, #1244, .T. ) ;
#3196 = DIRECTION ( 'NONE',  ( 1.000000000000000000, 0.0000000000000000000, 0.0000000000000000000 ) ) ;
#3197 = DIRECTION ( 'NONE',  ( -1.000000000000000000, -0.0000000000000000000, -0.0000000000000000000 ) ) ;
#3198 = ORIENTED_EDGE ( 'NONE', *, *, #3633, .T. ) ;
#3199 = CARTESIAN_POINT ( 'NONE',  ( 5.879999999999999893, 2.569999999999999840, 6.700000000000000178 ) ) ;
#3200 = EDGE_CURVE ( 'NONE', #2775, #3245, #1380, .T. ) ;
#3201 = FACE_OUTER_BOUND ( 'NONE', #3589, .T. ) ;
#3202 = PLANE ( 'NONE',  #3287 ) ;
#3203 = PRESENTATION_STYLE_ASSIGNMENT (( #799 ) ) ;
#3204 =( LENGTH_UNIT ( ) NAMED_UNIT ( * ) SI_UNIT ( .MILLI., .METRE. ) );
#3205 = EDGE_LOOP ( 'NONE', ( #2925, #2656, #1537, #3294, #687, #2500, #526, #2952 ) ) ;
#3206 = DIRECTION ( 'NONE',  ( 0.0000000000000000000, 1.000000000000000000, -0.0000000000000000000 ) ) ;
#3207 = PRESENTATION_STYLE_ASSIGNMENT (( #2002 ) ) ;
#3208 = FACE_OUTER_BOUND ( 'NONE', #2808, .T. ) ;
#3209 = SURFACE_SIDE_STYLE ('',( #3508 ) ) ;
#3210 =( NAMED_UNIT ( * ) PLANE_ANGLE_UNIT ( ) SI_UNIT ( $, .RADIAN. ) );
#3211 = VERTEX_POINT ( 'NONE', #1980 ) ;
#3212 = DIRECTION ( 'NONE',  ( 0.0000000000000000000, -0.0000000000000000000, -1.000000000000000000 ) ) ;
#3213 = LINE ( 'NONE', #2075, #2767 ) ;
#3214 = AXIS2_PLACEMENT_3D ( 'NONE', #882, #3285, #2984 ) ;
#3215 = VERTEX_POINT ( 'NONE', #462 ) ;
#3216 = VECTOR ( 'NONE', #1363, 1000.000000000000000 ) ;
#3217 = PRESENTATION_STYLE_ASSIGNMENT (( #1632 ) ) ;
#3218 = CARTESIAN_POINT ( 'NONE',  ( -0.5900000000000003020, 0.0000000000000000000, 10.00000000000000000 ) ) ;
#3219 = CARTESIAN_POINT ( 'NONE',  ( 1.840000000000000080, 0.7299999999999997602, -2.710505431213761085E-16 ) ) ;
#3220 = EDGE_CURVE ( 'NONE', #3237, #930, #253, .T. ) ;
#3221 = ORIENTED_EDGE ( 'NONE', *, *, #3462, .F. ) ;
#3222 = DIRECTION ( 'NONE',  ( 0.0000000000000000000, -0.0000000000000000000, -1.000000000000000000 ) ) ;
#3223 = ADVANCED_FACE ( 'NONE', ( #1069 ), #1445, .F. ) ;
#3224 = CARTESIAN_POINT ( 'NONE',  ( -4.540000000000000036, -2.000000000000000000, 0.0000000000000000000 ) ) ;
#3225 = VECTOR ( 'NONE', #983, 1000.000000000000000 ) ;
#3226 = CARTESIAN_POINT ( 'NONE',  ( -0.5400000000000000355, 2.000000000000000000, 0.0000000000000000000 ) ) ;
#3227 = VECTOR ( 'NONE', #796, 1000.000000000000000 ) ;
#3228 =( NAMED_UNIT ( * ) PLANE_ANGLE_UNIT ( ) SI_UNIT ( $, .RADIAN. ) );
#3229 = AXIS2_PLACEMENT_3D ( 'NONE', #1599, #1970, #2596 ) ;
#3230 = SURFACE_SIDE_STYLE ('',( #2988 ) ) ;
#3231 = ORIENTED_EDGE ( 'NONE', *, *, #2875, .F. ) ;
#3232 = CARTESIAN_POINT ( 'NONE',  ( 0.4000000000000000222, -4.070000000000000284, 6.700000000000000178 ) ) ;
#3233 = MECHANICAL_DESIGN_GEOMETRIC_PRESENTATION_REPRESENTATION (  '', ( #2228 ), #3553 ) ;
#3234 = COLOUR_RGB ( '',0.4000000000000000222, 0.4000000000000000222, 0.4000000000000000222 ) ;
#3235 = AXIS2_PLACEMENT_3D ( 'NONE', #1808, #870, #3002 ) ;
#3236 =( NAMED_UNIT ( * ) SI_UNIT ( $, .STERADIAN. ) SOLID_ANGLE_UNIT ( ) );
#3237 = VERTEX_POINT ( 'NONE', #3219 ) ;
#3238 = CIRCLE ( 'NONE', #537, 0.4250000000000000444 ) ;
#3239 = LINE ( 'NONE', #2617, #1590 ) ;
#3240 =( NAMED_UNIT ( * ) SI_UNIT ( $, .STERADIAN. ) SOLID_ANGLE_UNIT ( ) );
#3241 =( NAMED_UNIT ( * ) SI_UNIT ( $, .STERADIAN. ) SOLID_ANGLE_UNIT ( ) );
#3242 = CARTESIAN_POINT ( 'NONE',  ( -1.090000000000000302, 0.0000000000000000000, -4.000000000000000000 ) ) ;
#3243 = STYLED_ITEM ( 'NONE', ( #3094 ), #2520 ) ;
#3244 = CARTESIAN_POINT ( 'NONE',  ( -5.080000000000000071, -4.070000000000000284, 6.700000000000000178 ) ) ;
#3245 = VERTEX_POINT ( 'NONE', #817 ) ;
#3246 =( NAMED_UNIT ( * ) PLANE_ANGLE_UNIT ( ) SI_UNIT ( $, .RADIAN. ) );
#3247 = DIRECTION ( 'NONE',  ( 0.0000000000000000000, 0.0000000000000000000, 1.000000000000000000 ) ) ;
#3248 = FILL_AREA_STYLE ('',( #908 ) ) ;
#3249 = CARTESIAN_POINT ( 'NONE',  ( -5.080000000000000071, 0.7299999999999997602, 0.0000000000000000000 ) ) ;
#3250 =( LENGTH_UNIT ( ) NAMED_UNIT ( * ) SI_UNIT ( .MILLI., .METRE. ) );
#3251 = DIRECTION ( 'NONE',  ( 0.0000000000000000000, 0.0000000000000000000, 1.000000000000000000 ) ) ;
#3252 = FILL_AREA_STYLE_COLOUR ( '', #1022 ) ;
#3253 = ORIENTED_EDGE ( 'NONE', *, *, #3274, .F. ) ;
#3254 = PRESENTATION_STYLE_ASSIGNMENT (( #1437 ) ) ;
#3255 = CARTESIAN_POINT ( 'NONE',  ( -2.540000000000000036, 0.0000000000000000000, 0.0000000000000000000 ) ) ;
#3256 = DIRECTION ( 'NONE',  ( 0.0000000000000000000, -1.000000000000000000, 2.220446049250000002E-16 ) ) ;
#3257 = APPLICATION_CONTEXT ( 'automotive_design' ) ;
#3258 = ORIENTED_EDGE ( 'NONE', *, *, #3818, .F. ) ;
#3259 = CARTESIAN_POINT ( 'NONE',  ( 2.540000000000000036, 0.0000000000000000000, 10.00000000000000000 ) ) ;
#3260 = CYLINDRICAL_SURFACE ( 'NONE', #1321, 1.750000000000000222 ) ;
#3261 = SURFACE_SIDE_STYLE ('',( #3566 ) ) ;
#3262 = PLANE ( 'NONE',  #3097 ) ;
#3263 = ORIENTED_EDGE ( 'NONE', *, *, #2691, .T. ) ;
#3264 = LINE ( 'NONE', #1472, #3072 ) ;
#3265 = CARTESIAN_POINT ( 'NONE',  ( -2.540000000000000036, 0.0000000000000000000, 0.5999999999999999778 ) ) ;
#3266 =( NAMED_UNIT ( * ) SI_UNIT ( $, .STERADIAN. ) SOLID_ANGLE_UNIT ( ) );
#3267 = SURFACE_SIDE_STYLE ('',( #869 ) ) ;
#3268 = PLANE ( 'NONE',  #3424 ) ;
#3269 = PRODUCT_CONTEXT ( 'NONE', #3698, 'mechanical' ) ;
#3270 = ORIENTED_EDGE ( 'NONE', *, *, #228, .T. ) ;
#3271 = PRESENTATION_STYLE_ASSIGNMENT (( #512 ) ) ;
#3272 = EDGE_CURVE ( 'NONE', #1355, #2171, #1699, .T. ) ;
#3273 = DIRECTION ( 'NONE',  ( -0.0000000000000000000, 0.0000000000000000000, -1.000000000000000000 ) ) ;
#3274 = EDGE_CURVE ( 'NONE', #1410, #267, #189, .T. ) ;
#3275 = ORIENTED_EDGE ( 'NONE', *, *, #931, .T. ) ;
#3276 = CARTESIAN_POINT ( 'NONE',  ( -0.7900000000000000355, -0.3499999999999999778, 1.399999999999999911 ) ) ;
#3277 = FILL_AREA_STYLE_COLOUR ( '', #830 ) ;
#3278 = AXIS2_PLACEMENT_3D ( 'NONE', #563, #3307, #3282 ) ;
#3279 = CIRCLE ( 'NONE', #826, 1.449999999999999956 ) ;
#3280 = VERTEX_POINT ( 'NONE', #2328 ) ;
#3281 = AXIS2_PLACEMENT_3D ( 'NONE', #3726, #188, #3765 ) ;
#3282 = DIRECTION ( 'NONE',  ( -1.000000000000000000, 7.105427357601001070E-15, 0.0000000000000000000 ) ) ;
#3283 = PRODUCT_RELATED_PRODUCT_CATEGORY ( 'part', '', ( #3456 ) ) ;
#3284 = UNCERTAINTY_MEASURE_WITH_UNIT (LENGTH_MEASURE( 1.000000000000000082E-05 ), #2750, 'distance_accuracy_value', 'NONE');
#3285 = DIRECTION ( 'NONE',  ( 0.0000000000000000000, 0.0000000000000000000, 1.000000000000000000 ) ) ;
#3286 = EDGE_CURVE ( 'NONE', #2393, #1313, #2922, .T. ) ;
#3287 = AXIS2_PLACEMENT_3D ( 'NONE', #3304, #2939, #237 ) ;
#3288 = DIRECTION ( 'NONE',  ( 0.0000000000000000000, 0.0000000000000000000, 1.000000000000000000 ) ) ;
#3289 = DIRECTION ( 'NONE',  ( 1.000000000000000000, 0.0000000000000000000, -0.0000000000000000000 ) ) ;
#3290 = DIRECTION ( 'NONE',  ( 0.0000000000000000000, -0.0000000000000000000, 1.000000000000000000 ) ) ;
#3291 = STYLED_ITEM ( 'NONE', ( #3705 ), #1200 ) ;
#3292 = UNCERTAINTY_MEASURE_WITH_UNIT (LENGTH_MEASURE( 1.000000000000000082E-05 ), #1621, 'distance_accuracy_value', 'NONE');
#3293 = FILL_AREA_STYLE_COLOUR ( '', #221 ) ;
#3294 = ORIENTED_EDGE ( 'NONE', *, *, #1870, .F. ) ;
#3295 = AXIS2_PLACEMENT_3D ( 'NONE', #2550, #1332, #763 ) ;
#3296 = AXIS2_PLACEMENT_3D ( 'NONE', #3276, #2872, #187 ) ;
#3297 =( GEOMETRIC_REPRESENTATION_CONTEXT ( 3 ) GLOBAL_UNCERTAINTY_ASSIGNED_CONTEXT ( ( #1166 ) ) GLOBAL_UNIT_ASSIGNED_CONTEXT ( ( #2199, #109, #3015 ) ) REPRESENTATION_CONTEXT ( 'NONE', 'WORKASPACE' ) );
#3298 = ADVANCED_FACE ( 'NONE', ( #3822 ), #2064, .T. ) ;
#3299 = VERTEX_POINT ( 'NONE', #2492 ) ;
#3300 = AXIS2_PLACEMENT_3D ( 'NONE', #3154, #3503, #3457 ) ;
#3301 = DIRECTION ( 'NONE',  ( 0.0000000000000000000, -1.000000000000000000, 0.0000000000000000000 ) ) ;
#3302 = COLOUR_RGB ( '',0.1960784313725490169, 0.1960784313725490169, 0.1960784313725490169 ) ;
#3303 = EDGE_CURVE ( 'NONE', #169, #1862, #962, .T. ) ;
#3304 = CARTESIAN_POINT ( 'NONE',  ( -0.7900000000000000355, 0.0000000000000000000, 1.399999999999999911 ) ) ;
#3305 = STYLED_ITEM ( 'NONE', ( #2099 ), #2680 ) ;
#3306 = VECTOR ( 'NONE', #3196, 1000.000000000000000 ) ;
#3307 = DIRECTION ( 'NONE',  ( 0.0000000000000000000, 0.0000000000000000000, 1.000000000000000000 ) ) ;
#3308 = VECTOR ( 'NONE', #1053, 1000.000000000000000 ) ;
#3309 = CARTESIAN_POINT ( 'NONE',  ( -2.540000000000000036, -2.000000000000000444, 0.5500000000000001554 ) ) ;
#3310 = LINE ( 'NONE', #3323, #1583 ) ;
#3311 = CARTESIAN_POINT ( 'NONE',  ( -0.7900000000000000355, 0.3499999999999999778, 1.399999999999999911 ) ) ;
#3312 = FILL_AREA_STYLE_COLOUR ( '', #3358 ) ;
#3313 = CARTESIAN_POINT ( 'NONE',  ( -4.280000000000000249, 2.569999999999999840, 0.0000000000000000000 ) ) ;
#3314 = ORIENTED_EDGE ( 'NONE', *, *, #1453, .F. ) ;
#3315 = CARTESIAN_POINT ( 'NONE',  ( 4.700000000000000178, 2.429999999999998828, 1.149999999999999467 ) ) ;
#3316 = ADVANCED_FACE ( 'NONE', ( #389 ), #3707, .F. ) ;
#3317 = EDGE_LOOP ( 'NONE', ( #338, #1871, #1586, #3046 ) ) ;
#3318 = DIRECTION ( 'NONE',  ( -0.0000000000000000000, -0.0000000000000000000, 1.000000000000000000 ) ) ;
#3319 = DIRECTION ( 'NONE',  ( -1.000000000000000000, -0.0000000000000000000, 0.0000000000000000000 ) ) ;
#3320 = LINE ( 'NONE', #3687, #1886 ) ;
#3321 = CARTESIAN_POINT ( 'NONE',  ( -0.5400000000000000355, -2.000000000000000000, 4.000000000000000000 ) ) ;
#3322 = EDGE_CURVE ( 'NONE', #2652, #1747, #1584, .T. ) ;
#3323 = CARTESIAN_POINT ( 'NONE',  ( -2.115000000000000213, 0.0000000000000000000, 0.0000000000000000000 ) ) ;
#3324 = LINE ( 'NONE', #3826, #629 ) ;
#3325 =( NAMED_UNIT ( * ) PLANE_ANGLE_UNIT ( ) SI_UNIT ( $, .RADIAN. ) );
#3326 = UNCERTAINTY_MEASURE_WITH_UNIT (LENGTH_MEASURE( 1.000000000000000082E-05 ), #816, 'distance_accuracy_value', 'NONE');
#3327 = EDGE_LOOP ( 'NONE', ( #3172, #2689, #795, #3083 ) ) ;
#3328 = ORIENTED_EDGE ( 'NONE', *, *, #1923, .T. ) ;
#3329 =( NAMED_UNIT ( * ) PLANE_ANGLE_UNIT ( ) SI_UNIT ( $, .RADIAN. ) );
#3330 =( NAMED_UNIT ( * ) PLANE_ANGLE_UNIT ( ) SI_UNIT ( $, .RADIAN. ) );
#3331 = ORIENTED_EDGE ( 'NONE', *, *, #3096, .T. ) ;
#3332 = CARTESIAN_POINT ( 'NONE',  ( -5.080000000000000071, -4.070000000000000284, 0.0000000000000000000 ) ) ;
#3333 = FACE_OUTER_BOUND ( 'NONE', #3022, .T. ) ;
#3334 = ORIENTED_EDGE ( 'NONE', *, *, #957, .T. ) ;
#3335 = CARTESIAN_POINT ( 'NONE',  ( -4.540000000000000036, 2.000000000000000000, 0.0000000000000000000 ) ) ;
#3336 = VERTEX_POINT ( 'NONE', #1880 ) ;
#3337 = DIRECTION ( 'NONE',  ( 0.0000000000000000000, 0.0000000000000000000, 1.000000000000000000 ) ) ;
#3338 = FILL_AREA_STYLE ('',( #2758 ) ) ;
#3339 = ADVANCED_FACE ( 'NONE', ( #982 ), #426, .T. ) ;
#3340 = PRESENTATION_LAYER_ASSIGNMENT (  '', '', ( #1382 ) ) ;
#3341 = SURFACE_STYLE_USAGE ( .BOTH. , #1238 ) ;
#3342 = CIRCLE ( 'NONE', #1635, 0.4250000000000000444 ) ;
#3343 =( NAMED_UNIT ( * ) SI_UNIT ( $, .STERADIAN. ) SOLID_ANGLE_UNIT ( ) );
#3344 = COLOUR_RGB ( '',0.1960784313725490169, 0.1960784313725490169, 0.1960784313725490169 ) ;
#3345 = CARTESIAN_POINT ( 'NONE',  ( 5.080000000000000071, 4.070000000000000284, 0.0000000000000000000 ) ) ;
#3346 = VERTEX_POINT ( 'NONE', #3812 ) ;
#3347 =( GEOMETRIC_REPRESENTATION_CONTEXT ( 3 ) GLOBAL_UNCERTAINTY_ASSIGNED_CONTEXT ( ( #2168 ) ) GLOBAL_UNIT_ASSIGNED_CONTEXT ( ( #1883, #1942, #2251 ) ) REPRESENTATION_CONTEXT ( 'NONE', 'WORKASPACE' ) );
#3348 = ORIENTED_EDGE ( 'NONE', *, *, #501, .F. ) ;
#3349 = DIRECTION ( 'NONE',  ( -1.000000000000000000, 0.0000000000000000000, -0.0000000000000000000 ) ) ;
#3350 = PRESENTATION_LAYER_ASSIGNMENT (  '', '', ( #2215 ) ) ;
#3351 = UNCERTAINTY_MEASURE_WITH_UNIT (LENGTH_MEASURE( 1.000000000000000082E-05 ), #3799, 'distance_accuracy_value', 'NONE');
#3352 =( GEOMETRIC_REPRESENTATION_CONTEXT ( 3 ) GLOBAL_UNCERTAINTY_ASSIGNED_CONTEXT ( ( #1512 ) ) GLOBAL_UNIT_ASSIGNED_CONTEXT ( ( #1510, #959, #3070 ) ) REPRESENTATION_CONTEXT ( 'NONE', 'WORKASPACE' ) );
#3353 = EDGE_LOOP ( 'NONE', ( #2271, #60 ) ) ;
#3354 = PLANE ( 'NONE',  #2289 ) ;
#3355 = AXIS2_PLACEMENT_3D ( 'NONE', #2591, #1417, #3495 ) ;
#3356 = VECTOR ( 'NONE', #1488, 1000.000000000000000 ) ;
#3357 = MECHANICAL_DESIGN_GEOMETRIC_PRESENTATION_REPRESENTATION (  '', ( #282 ), #3662 ) ;
#3358 = COLOUR_RGB ( '',0.4000000000000000222, 0.4000000000000000222, 0.4000000000000000222 ) ;
#3359 = VERTEX_POINT ( 'NONE', #849 ) ;
#3360 = STYLED_ITEM ( 'NONE', ( #2535 ), #1887 ) ;
#3361 = CARTESIAN_POINT ( 'NONE',  ( -5.080000000000000071, 3.369999999999999662, 0.0000000000000000000 ) ) ;
#3362 = FILL_AREA_STYLE_COLOUR ( '', #975 ) ;
#3363 = DIRECTION ( 'NONE',  ( 1.000000000000000000, 0.0000000000000000000, 0.0000000000000000000 ) ) ;
#3364 = AXIS2_PLACEMENT_3D ( 'NONE', #1502, #1183, #588 ) ;
#3365 = CARTESIAN_POINT ( 'NONE',  ( -3.240000000000000213, 0.7299999999999999822, 1.149999999999999911 ) ) ;
#3366 = SURFACE_STYLE_FILL_AREA ( #3053 ) ;
#3367 = SURFACE_STYLE_FILL_AREA ( #2196 ) ;
#3368 = VECTOR ( 'NONE', #1961, 1000.000000000000000 ) ;
#3369 = CARTESIAN_POINT ( 'NONE',  ( 3.240000000000000213, -4.070000000000000284, 1.149999999999999911 ) ) ;
#3370 = EDGE_LOOP ( 'NONE', ( #3314, #3639, #2640, #2494 ) ) ;
#3371 = VERTEX_POINT ( 'NONE', #504 ) ;
#3372 = FACE_OUTER_BOUND ( 'NONE', #413, .T. ) ;
#3373 = UNCERTAINTY_MEASURE_WITH_UNIT (LENGTH_MEASURE( 1.000000000000000082E-05 ), #458, 'distance_accuracy_value', 'NONE');
#3374 = DIRECTION ( 'NONE',  ( 0.0000000000000000000, 0.0000000000000000000, 1.000000000000000000 ) ) ;
#3375 = ORIENTED_EDGE ( 'NONE', *, *, #666, .T. ) ;
#3376 = CYLINDRICAL_SURFACE ( 'NONE', #284, 1.449999999999999956 ) ;
#3377 =( NAMED_UNIT ( * ) SI_UNIT ( $, .STERADIAN. ) SOLID_ANGLE_UNIT ( ) );
#3378 = EDGE_LOOP ( 'NONE', ( #2479, #2739, #3334, #2540 ) ) ;
#3379 = DIRECTION ( 'NONE',  ( 1.000000000000000000, 0.0000000000000000000, 0.0000000000000000000 ) ) ;
#3380 = ORIENTED_EDGE ( 'NONE', *, *, #3627, .T. ) ;
#3381 = LINE ( 'NONE', #100, #3141 ) ;
#3382 = PLANE ( 'NONE',  #905 ) ;
#3383 = DIRECTION ( 'NONE',  ( -0.0000000000000000000, 0.0000000000000000000, -1.000000000000000000 ) ) ;
#3384 =( NAMED_UNIT ( * ) SI_UNIT ( $, .STERADIAN. ) SOLID_ANGLE_UNIT ( ) );
#3385 =( NAMED_UNIT ( * ) SI_UNIT ( $, .STERADIAN. ) SOLID_ANGLE_UNIT ( ) );
#3386 = DIRECTION ( 'NONE',  ( 0.0000000000000000000, 0.0000000000000000000, 1.000000000000000000 ) ) ;
#3387 = ORIENTED_EDGE ( 'NONE', *, *, #2806, .T. ) ;
#3388 =( LENGTH_UNIT ( ) NAMED_UNIT ( * ) SI_UNIT ( .MILLI., .METRE. ) );
#3389 = VERTEX_POINT ( 'NONE', #1431 ) ;
#3390 = CARTESIAN_POINT ( 'NONE',  ( 1.840000000000000080, -4.070000000000000284, 0.0000000000000000000 ) ) ;
#3391 = EDGE_CURVE ( 'NONE', #2888, #1863, #1369, .T. ) ;
#3392 = ORIENTED_EDGE ( 'NONE', *, *, #1506, .F. ) ;
#3393 = LINE ( 'NONE', #2813, #2235 ) ;
#3394 = EDGE_LOOP ( 'NONE', ( #1245, #859, #42, #2174 ) ) ;
#3395 = SURFACE_STYLE_FILL_AREA ( #3111 ) ;
#3396 = FACE_OUTER_BOUND ( 'NONE', #1763, .T. ) ;
#3397 = CARTESIAN_POINT ( 'NONE',  ( -2.540000000000000036, 0.0000000000000000000, 0.5999999999999999778 ) ) ;
#3398 = CARTESIAN_POINT ( 'NONE',  ( -0.5400000000000000355, -2.000000000000000000, 0.0000000000000000000 ) ) ;
#3399 = DIRECTION ( 'NONE',  ( 1.000000000000000000, 0.0000000000000000000, 0.0000000000000000000 ) ) ;
#3400 = CARTESIAN_POINT ( 'NONE',  ( -4.280000000000000249, 3.370000000000000107, 0.0000000000000000000 ) ) ;
#3401 = EDGE_CURVE ( 'NONE', #3245, #1863, #3461, .T. ) ;
#3402 = SURFACE_STYLE_USAGE ( .BOTH. , #1565 ) ;
#3403 = CIRCLE ( 'NONE', #2455, 1.750000000000000222 ) ;
#3404 = EDGE_LOOP ( 'NONE', ( #3058, #3640 ) ) ;
#3405 = STYLED_ITEM ( 'NONE', ( #3557 ), #2427 ) ;
#3406 = MECHANICAL_DESIGN_GEOMETRIC_PRESENTATION_REPRESENTATION (  '', ( #896 ), #2210 ) ;
#3407 =( GEOMETRIC_REPRESENTATION_CONTEXT ( 3 ) GLOBAL_UNCERTAINTY_ASSIGNED_CONTEXT ( ( #3351 ) ) GLOBAL_UNIT_ASSIGNED_CONTEXT ( ( #3799, #3210, #2947 ) ) REPRESENTATION_CONTEXT ( 'NONE', 'WORKASPACE' ) );
#3408 = ORIENTED_EDGE ( 'NONE', *, *, #3749, .T. ) ;
#3409 = AXIS2_PLACEMENT_3D ( 'NONE', #193, #441, #3115 ) ;
#3410 = LINE ( 'NONE', #702, #3165 ) ;
#3411 =( GEOMETRIC_REPRESENTATION_CONTEXT ( 3 ) GLOBAL_UNCERTAINTY_ASSIGNED_CONTEXT ( ( #1636 ) ) GLOBAL_UNIT_ASSIGNED_CONTEXT ( ( #1550, #2783, #51 ) ) REPRESENTATION_CONTEXT ( 'NONE', 'WORKASPACE' ) );
#3412 = ORIENTED_EDGE ( 'NONE', *, *, #3723, .F. ) ;
#3413 = DIRECTION ( 'NONE',  ( 0.0000000000000000000, -0.0000000000000000000, 1.000000000000000000 ) ) ;
#3414 = STYLED_ITEM ( 'NONE', ( #3626 ), #238 ) ;
#3415 = EDGE_CURVE ( 'NONE', #1747, #2481, #822, .T. ) ;
#3416 = VECTOR ( 'NONE', #1270, 1000.000000000000000 ) ;
#3417 =( LENGTH_UNIT ( ) NAMED_UNIT ( * ) SI_UNIT ( .MILLI., .METRE. ) );
#3418 = CARTESIAN_POINT ( 'NONE',  ( -4.700000000000000178, -4.070000000000000284, 1.149999999999999911 ) ) ;
#3419 = AXIS2_PLACEMENT_3D ( 'NONE', #3114, #677, #3399 ) ;
#3420 = CIRCLE ( 'NONE', #2367, 1.449999999999999956 ) ;
#3421 = UNCERTAINTY_MEASURE_WITH_UNIT (LENGTH_MEASURE( 1.000000000000000082E-05 ), #1835, 'distance_accuracy_value', 'NONE');
#3422 = CARTESIAN_POINT ( 'NONE',  ( -0.5400000000000000355, -2.000000000000000000, 0.0000000000000000000 ) ) ;
#3423 = CARTESIAN_POINT ( 'NONE',  ( -4.540000000000000036, -2.000000000000000000, 4.000000000000000000 ) ) ;
#3424 = AXIS2_PLACEMENT_3D ( 'NONE', #3121, #1627, #2021 ) ;
#3425 = STYLED_ITEM ( 'NONE', ( #1596 ), #1804 ) ;
#3426 =( LENGTH_UNIT ( ) NAMED_UNIT ( * ) SI_UNIT ( .MILLI., .METRE. ) );
#3427 = COLOUR_RGB ( '',0.4000000000000000222, 0.4000000000000000222, 0.4000000000000000222 ) ;
#3428 = VECTOR ( 'NONE', #542, 1000.000000000000000 ) ;
#3429 = CARTESIAN_POINT ( 'NONE',  ( -4.540000000000000036, 2.000000000000000000, 0.0000000000000000000 ) ) ;
#3430 = STYLED_ITEM ( 'NONE', ( #63 ), #2372 ) ;
#3431 = EDGE_CURVE ( 'NONE', #1501, #1556, #2957, .T. ) ;
#3432 = VECTOR ( 'NONE', #431, 1000.000000000000000 ) ;
#3433 = ORIENTED_EDGE ( 'NONE', *, *, #1376, .T. ) ;
#3434 = EDGE_CURVE ( 'NONE', #929, #2514, #1058, .T. ) ;
#3435 = FILL_AREA_STYLE ('',( #1629 ) ) ;
#3436 = ORIENTED_EDGE ( 'NONE', *, *, #1301, .T. ) ;
#3437 =( LENGTH_UNIT ( ) NAMED_UNIT ( * ) SI_UNIT ( .MILLI., .METRE. ) );
#3438 = SURFACE_STYLE_FILL_AREA ( #2484 ) ;
#3439 = SURFACE_STYLE_USAGE ( .BOTH. , #459 ) ;
#3440 =( NAMED_UNIT ( * ) PLANE_ANGLE_UNIT ( ) SI_UNIT ( $, .RADIAN. ) );
#3441 = ORIENTED_EDGE ( 'NONE', *, *, #2729, .T. ) ;
#3442 = DIRECTION ( 'NONE',  ( -0.0000000000000000000, -0.0000000000000000000, -1.000000000000000000 ) ) ;
#3443 = EDGE_CURVE ( 'NONE', #2065, #295, #1735, .T. ) ;
#3444 = FILL_AREA_STYLE ('',( #2247 ) ) ;
#3445 = DIRECTION ( 'NONE',  ( 1.000000000000000000, 0.0000000000000000000, 0.0000000000000000000 ) ) ;
#3446 = PRESENTATION_STYLE_ASSIGNMENT (( #758 ) ) ;
#3447 = LINE ( 'NONE', #1926, #1402 ) ;
#3448 = FACE_BOUND ( 'NONE', #1261, .T. ) ;
#3449 = DIRECTION ( 'NONE',  ( 0.0000000000000000000, -1.000000000000000000, 0.0000000000000000000 ) ) ;
#3450 = ADVANCED_BREP_SHAPE_REPRESENTATION ( '', ( #2680, #1260 ), #2644 ) ;
#3451 = ORIENTED_EDGE ( 'NONE', *, *, #3560, .F. ) ;
#3452 = LINE ( 'NONE', #3179, #2916 ) ;
#3453 = DIRECTION ( 'NONE',  ( -1.000000000000000000, 0.0000000000000000000, 0.0000000000000000000 ) ) ;
#3454 = DIRECTION ( 'NONE',  ( 0.0000000000000000000, -0.0000000000000000000, 1.000000000000000000 ) ) ;
#3455 = DIRECTION ( 'NONE',  ( 1.000000000000000000, 0.0000000000000000000, -0.0000000000000000000 ) ) ;
#3456 = PRODUCT ( 'Schraube_rechts', 'Schraube_rechts', '', ( #16 ) ) ;
#3457 = DIRECTION ( 'NONE',  ( 1.000000000000000000, 0.0000000000000000000, 0.0000000000000000000 ) ) ;
#3458 =( LENGTH_UNIT ( ) NAMED_UNIT ( * ) SI_UNIT ( .MILLI., .METRE. ) );
#3459 = VERTEX_POINT ( 'NONE', #1117 ) ;
#3460 = ADVANCED_FACE ( 'NONE', ( #1959 ), #242, .T. ) ;
#3461 = LINE ( 'NONE', #2879, #343 ) ;
#3462 = EDGE_CURVE ( 'NONE', #3611, #493, #2944, .T. ) ;
#3463 = DIRECTION ( 'NONE',  ( 0.0000000000000000000, -0.4707278422090431791, 0.8822784699680810139 ) ) ;
#3464 = SURFACE_STYLE_FILL_AREA ( #3756 ) ;
#3465 = SURFACE_STYLE_USAGE ( .BOTH. , #3209 ) ;
#3466 = UNCERTAINTY_MEASURE_WITH_UNIT (LENGTH_MEASURE( 1.000000000000000082E-05 ), #688, 'distance_accuracy_value', 'NONE');
#3467 = FILL_AREA_STYLE ('',( #415 ) ) ;
#3468 = SURFACE_STYLE_USAGE ( .BOTH. , #1690 ) ;
#3469 =( NAMED_UNIT ( * ) PLANE_ANGLE_UNIT ( ) SI_UNIT ( $, .RADIAN. ) );
#3470 = VECTOR ( 'NONE', #1549, 1000.000000000000000 ) ;
#3471 = DIRECTION ( 'NONE',  ( -1.000000000000000000, 0.0000000000000000000, 0.0000000000000000000 ) ) ;
#3472 = AXIS2_PLACEMENT_3D ( 'NONE', #1264, #1526, #2193 ) ;
#3473 = SURFACE_SIDE_STYLE ('',( #2060 ) ) ;
#3474 = LINE ( 'NONE', #767, #2209 ) ;
#3475 = ORIENTED_EDGE ( 'NONE', *, *, #228, .F. ) ;
#3476 = CARTESIAN_POINT ( 'NONE',  ( -1.090000000000000302, 0.0000000000000000000, 0.0000000000000000000 ) ) ;
#3477 = FILL_AREA_STYLE_COLOUR ( '', #1603 ) ;
#3478 = DIRECTION ( 'NONE',  ( -0.0000000000000000000, -0.0000000000000000000, -1.000000000000000000 ) ) ;
#3479 = DIRECTION ( 'NONE',  ( 1.000000000000000000, 0.0000000000000000000, -0.0000000000000000000 ) ) ;
#3480 =( GEOMETRIC_REPRESENTATION_CONTEXT ( 3 ) GLOBAL_UNCERTAINTY_ASSIGNED_CONTEXT ( ( #1820 ) ) GLOBAL_UNIT_ASSIGNED_CONTEXT ( ( #505, #1163, #3524 ) ) REPRESENTATION_CONTEXT ( 'NONE', 'WORKASPACE' ) );
#3481 = SURFACE_SIDE_STYLE ('',( #1347 ) ) ;
#3482 = ORIENTED_EDGE ( 'NONE', *, *, #718, .T. ) ;
#3483 = FILL_AREA_STYLE ('',( #3186 ) ) ;
#3484 = EDGE_CURVE ( 'NONE', #2763, #3359, #257, .T. ) ;
#3485 = STYLED_ITEM ( 'NONE', ( #1545 ), #207 ) ;
#3486 =( GEOMETRIC_REPRESENTATION_CONTEXT ( 3 ) GLOBAL_UNCERTAINTY_ASSIGNED_CONTEXT ( ( #3091 ) ) GLOBAL_UNIT_ASSIGNED_CONTEXT ( ( #3742, #2567, #808 ) ) REPRESENTATION_CONTEXT ( 'NONE', 'WORKASPACE' ) );
#3487 = PRESENTATION_LAYER_ASSIGNMENT (  '', '', ( #775 ) ) ;
#3488 = DIRECTION ( 'NONE',  ( 0.0000000000000000000, -1.000000000000000000, -0.0000000000000000000 ) ) ;
#3489 = AXIS2_PLACEMENT_3D ( 'NONE', #738, #760, #2265 ) ;
#3490 = CIRCLE ( 'NONE', #1221, 1.750000000000000222 ) ;
#3491 = CARTESIAN_POINT ( 'NONE',  ( -4.490000000000000213, 2.388061258337338643E-16, 10.00000000000000000 ) ) ;
#3492 = AXIS2_PLACEMENT_3D ( 'NONE', #2719, #878, #2046 ) ;
#3493 =( GEOMETRIC_REPRESENTATION_CONTEXT ( 3 ) GLOBAL_UNCERTAINTY_ASSIGNED_CONTEXT ( ( #724 ) ) GLOBAL_UNIT_ASSIGNED_CONTEXT ( ( #2476, #665, #967 ) ) REPRESENTATION_CONTEXT ( 'NONE', 'WORKASPACE' ) );
#3494 = DIRECTION ( 'NONE',  ( 1.000000000000000000, 0.0000000000000000000, 0.0000000000000000000 ) ) ;
#3495 = DIRECTION ( 'NONE',  ( 0.0000000000000000000, -0.4707278422090431791, -0.8822784699680810139 ) ) ;
#3496 = ORIENTED_EDGE ( 'NONE', *, *, #1722, .F. ) ;
#3497 = COLOUR_RGB ( '',0.4274509803921568429, 0.4705882352941176405, 0.5411764705882352589 ) ;
#3498 = CARTESIAN_POINT ( 'NONE',  ( -1.840000000000000080, -4.070000000000000284, 1.149999999999999911 ) ) ;
#3499 = ORIENTED_EDGE ( 'NONE', *, *, #2183, .F. ) ;
#3500 = LINE ( 'NONE', #770, #1914 ) ;
#3501 = FILL_AREA_STYLE ('',( #213 ) ) ;
#3502 =( LENGTH_UNIT ( ) NAMED_UNIT ( * ) SI_UNIT ( .MILLI., .METRE. ) );
#3503 = DIRECTION ( 'NONE',  ( -0.0000000000000000000, -0.0000000000000000000, -1.000000000000000000 ) ) ;
#3504 = VERTEX_POINT ( 'NONE', #1449 ) ;
#3505 = CARTESIAN_POINT ( 'NONE',  ( 5.879999999999999893, 2.569999999999999840, 6.700000000000000178 ) ) ;
#3506 = DIRECTION ( 'NONE',  ( -1.000000000000000000, 0.0000000000000000000, 0.0000000000000000000 ) ) ;
#3507 = LINE ( 'NONE', #534, #37 ) ;
#3508 = SURFACE_STYLE_FILL_AREA ( #447 ) ;
#3509 = UNCERTAINTY_MEASURE_WITH_UNIT (LENGTH_MEASURE( 1.000000000000000082E-05 ), #304, 'distance_accuracy_value', 'NONE');
#3510 = SURFACE_STYLE_FILL_AREA ( #1081 ) ;
#3511 = ORIENTED_EDGE ( 'NONE', *, *, #1099, .T. ) ;
#3512 = DIRECTION ( 'NONE',  ( -0.0000000000000000000, -0.0000000000000000000, -1.000000000000000000 ) ) ;
#3513 = DIRECTION ( 'NONE',  ( -0.0000000000000000000, -0.0000000000000000000, -1.000000000000000000 ) ) ;
#3514 = ORIENTED_EDGE ( 'NONE', *, *, #2412, .F. ) ;
#3515 = FACE_OUTER_BOUND ( 'NONE', #1440, .T. ) ;
#3516 = SURFACE_STYLE_USAGE ( .BOTH. , #3702 ) ;
#3517 = FILL_AREA_STYLE_COLOUR ( '', #2780 ) ;
#3518 = EDGE_CURVE ( 'NONE', #1912, #624, #468, .T. ) ;
#3519 = LINE ( 'NONE', #2045, #1092 ) ;
#3520 = CARTESIAN_POINT ( 'NONE',  ( -1.840000000000000080, 0.7299999999999997602, 1.149999999999999467 ) ) ;
#3521 = ORIENTED_EDGE ( 'NONE', *, *, #3723, .T. ) ;
#3522 = CARTESIAN_POINT ( 'NONE',  ( -3.240000000000000213, 0.7299999999999997602, -2.710505431213761085E-16 ) ) ;
#3523 = DIRECTION ( 'NONE',  ( 0.0000000000000000000, -0.0000000000000000000, 1.000000000000000000 ) ) ;
#3524 =( NAMED_UNIT ( * ) SI_UNIT ( $, .STERADIAN. ) SOLID_ANGLE_UNIT ( ) );
#3525 = ADVANCED_FACE ( 'NONE', ( #2284 ), #782, .F. ) ;
#3526 =( NAMED_UNIT ( * ) SI_UNIT ( $, .STERADIAN. ) SOLID_ANGLE_UNIT ( ) );
#3527 = APPLICATION_PROTOCOL_DEFINITION ( 'draft international standard', 'automotive_design', 1998, #3698 ) ;
#3528 = FACE_BOUND ( 'NONE', #2255, .T. ) ;
#3529 = ORIENTED_EDGE ( 'NONE', *, *, #82, .F. ) ;
#3530 = DIRECTION ( 'NONE',  ( 0.0000000000000000000, 0.0000000000000000000, 1.000000000000000000 ) ) ;
#3531 = PRESENTATION_STYLE_ASSIGNMENT (( #2868 ) ) ;
#3532 = ORIENTED_EDGE ( 'NONE', *, *, #3862, .T. ) ;
#3533 = PRESENTATION_LAYER_ASSIGNMENT (  '', '', ( #1317 ) ) ;
#3534 = LINE ( 'NONE', #2937, #281 ) ;
#3535 = FACE_OUTER_BOUND ( 'NONE', #2191, .T. ) ;
#3536 = SURFACE_STYLE_USAGE ( .BOTH. , #3821 ) ;
#3537 =( NAMED_UNIT ( * ) SI_UNIT ( $, .STERADIAN. ) SOLID_ANGLE_UNIT ( ) );
#3538 = VECTOR ( 'NONE', #1188, 1000.000000000000000 ) ;
#3539 = FILL_AREA_STYLE_COLOUR ( '', #845 ) ;
#3540 = PRODUCT_DEFINITION_FORMATION_WITH_SPECIFIED_SOURCE ( 'ANY', '', #129, .NOT_KNOWN. ) ;
#3541 = CARTESIAN_POINT ( 'NONE',  ( -4.254642819948112553, -0.3499999999999999778, 0.5999999999999999778 ) ) ;
#3542 = COLOUR_RGB ( '',0.4000000000000000222, 0.4000000000000000222, 0.4000000000000000222 ) ;
#3543 = ORIENTED_EDGE ( 'NONE', *, *, #2123, .T. ) ;
#3544 = CARTESIAN_POINT ( 'NONE',  ( -0.8253571800518877399, -0.3499999999999999778, 1.399999999999999911 ) ) ;
#3545 = DIRECTION ( 'NONE',  ( -0.0000000000000000000, 1.000000000000000000, 0.0000000000000000000 ) ) ;
#3546 = SURFACE_STYLE_USAGE ( .BOTH. , #1136 ) ;
#3547 = AXIS2_PLACEMENT_3D ( 'NONE', #3259, #2603, #522 ) ;
#3548 = DIRECTION ( 'NONE',  ( 0.0000000000000000000, -1.000000000000000000, 2.220446049250000002E-16 ) ) ;
#3549 = VECTOR ( 'NONE', #1677, 1000.000000000000000 ) ;
#3550 = COLOUR_RGB ( '',0.1960784313725490169, 0.1960784313725490169, 0.1960784313725490169 ) ;
#3551 = VECTOR ( 'NONE', #3488, 1000.000000000000000 ) ;
#3552 = VERTEX_POINT ( 'NONE', #3309 ) ;
#3553 =( GEOMETRIC_REPRESENTATION_CONTEXT ( 3 ) GLOBAL_UNCERTAINTY_ASSIGNED_CONTEXT ( ( #2511 ) ) GLOBAL_UNIT_ASSIGNED_CONTEXT ( ( #1289, #2223, #3735 ) ) REPRESENTATION_CONTEXT ( 'NONE', 'WORKASPACE' ) );
#3554 = VECTOR ( 'NONE', #116, 1000.000000000000000 ) ;
#3555 =( GEOMETRIC_REPRESENTATION_CONTEXT ( 3 ) GLOBAL_UNCERTAINTY_ASSIGNED_CONTEXT ( ( #15 ) ) GLOBAL_UNIT_ASSIGNED_CONTEXT ( ( #3250, #2777, #2671 ) ) REPRESENTATION_CONTEXT ( 'NONE', 'WORKASPACE' ) );
#3556 = AXIS2_PLACEMENT_3D ( 'NONE', #1084, #2294, #2885 ) ;
#3557 = PRESENTATION_STYLE_ASSIGNMENT (( #1150 ) ) ;
#3558 = ORIENTED_EDGE ( 'NONE', *, *, #3711, .T. ) ;
#3559 = STYLED_ITEM ( 'NONE', ( #1909 ), #2186 ) ;
#3560 = EDGE_CURVE ( 'NONE', #3371, #619, #3570, .T. ) ;
#3561 = CARTESIAN_POINT ( 'NONE',  ( -2.540000000000000036, 0.0000000000000000000, 1.399999999999999911 ) ) ;
#3562 = CARTESIAN_POINT ( 'NONE',  ( -3.990000000000000657, 1.775737858763661423E-16, 0.0000000000000000000 ) ) ;
#3563 = FACE_OUTER_BOUND ( 'NONE', #3696, .T. ) ;
#3564 = PRESENTATION_STYLE_ASSIGNMENT (( #2635 ) ) ;
#3565 = AXIS2_PLACEMENT_3D ( 'NONE', #3806, #3180, #1403 ) ;
#3566 = SURFACE_STYLE_FILL_AREA ( #2666 ) ;
#3567 = FACE_OUTER_BOUND ( 'NONE', #3394, .T. ) ;
#3568 = ORIENTED_EDGE ( 'NONE', *, *, #3434, .T. ) ;
#3569 = CARTESIAN_POINT ( 'NONE',  ( 4.700000000000000178, -4.070000000000000284, 1.149999999999999911 ) ) ;
#3570 = LINE ( 'NONE', #2725, #1515 ) ;
#3571 = CARTESIAN_POINT ( 'NONE',  ( -2.540000000000000036, 0.0000000000000000000, -4.000000000000000000 ) ) ;
#3572 = EDGE_CURVE ( 'NONE', #2751, #562, #1178, .T. ) ;
#3573 = CARTESIAN_POINT ( 'NONE',  ( -5.080000000000000071, 2.319999999999999840, 10.00000000000000000 ) ) ;
#3574 = UNCERTAINTY_MEASURE_WITH_UNIT (LENGTH_MEASURE( 1.000000000000000082E-05 ), #766, 'distance_accuracy_value', 'NONE');
#3575 = VERTEX_POINT ( 'NONE', #2389 ) ;
#3576 =( NAMED_UNIT ( * ) SI_UNIT ( $, .STERADIAN. ) SOLID_ANGLE_UNIT ( ) );
#3577 = ORIENTED_EDGE ( 'NONE', *, *, #638, .F. ) ;
#3578 = SURFACE_SIDE_STYLE ('',( #3613 ) ) ;
#3579 = PLANE ( 'NONE',  #3296 ) ;
#3580 = ORIENTED_EDGE ( 'NONE', *, *, #1386, .T. ) ;
#3581 = LINE ( 'NONE', #2983, #2574 ) ;
#3582 = SURFACE_STYLE_USAGE ( .BOTH. , #3880 ) ;
#3583 = SURFACE_STYLE_FILL_AREA ( #3248 ) ;
#3584 = FACE_OUTER_BOUND ( 'NONE', #2795, .T. ) ;
#3585 = EDGE_CURVE ( 'NONE', #2233, #2338, #2454, .T. ) ;
#3586 = EDGE_CURVE ( 'NONE', #3211, #3371, #507, .T. ) ;
#3587 = ITEM_DEFINED_TRANSFORMATION ( 'NONE', 'NONE', #3839,  #1260 ) ;
#3588 = SURFACE_SIDE_STYLE ('',( #2355 ) ) ;
#3589 = EDGE_LOOP ( 'NONE', ( #517, #181, #2911, #918, #1400, #2058, #1759, #3253 ) ) ;
#3590 = FILL_AREA_STYLE_COLOUR ( '', #2724 ) ;
#3591 = LINE ( 'NONE', #1111, #759 ) ;
#3592 = ORIENTED_EDGE ( 'NONE', *, *, #1361, .F. ) ;
#3593 = FILL_AREA_STYLE ('',( #1444 ) ) ;
#3594 = VECTOR ( 'NONE', #1991, 1000.000000000000000 ) ;
#3595 = VECTOR ( 'NONE', #296, 1000.000000000000000 ) ;
#3596 = FILL_AREA_STYLE ('',( #5 ) ) ;
#3597 = PRESENTATION_LAYER_ASSIGNMENT (  '', '', ( #2457 ) ) ;
#3598 = CARTESIAN_POINT ( 'NONE',  ( -4.290000000000000036, 0.0000000000000000000, 0.0000000000000000000 ) ) ;
#3599 = PRESENTATION_LAYER_ASSIGNMENT (  '', '', ( #896 ) ) ;
#3600 = CARTESIAN_POINT ( 'NONE',  ( -2.540000000000000036, -2.000000000000000000, 2.000000000000000000 ) ) ;
#3601 = ADVANCED_FACE ( 'NONE', ( #11, #328, #1476 ), #277, .T. ) ;
#3602 = DIRECTION ( 'NONE',  ( -0.0000000000000000000, -0.0000000000000000000, -1.000000000000000000 ) ) ;
#3603 = UNCERTAINTY_MEASURE_WITH_UNIT (LENGTH_MEASURE( 1.000000000000000082E-05 ), #472, 'distance_accuracy_value', 'NONE');
#3604 = FILL_AREA_STYLE ('',( #1797 ) ) ;
#3605 = ORIENTED_EDGE ( 'NONE', *, *, #3415, .F. ) ;
#3606 = CIRCLE ( 'NONE', #3024, 1.750000000000000222 ) ;
#3607 = FILL_AREA_STYLE_COLOUR ( '', #99 ) ;
#3608 = EDGE_CURVE ( 'NONE', #2830, #3042, #906, .T. ) ;
#3609 = STYLED_ITEM ( 'NONE', ( #1645 ), #425 ) ;
#3610 = STYLED_ITEM ( 'NONE', ( #2318 ), #1490 ) ;
#3611 = VERTEX_POINT ( 'NONE', #1509 ) ;
#3612 = COLOUR_RGB ( '',0.4000000000000000222, 0.4000000000000000222, 0.4000000000000000222 ) ;
#3613 = SURFACE_STYLE_FILL_AREA ( #2364 ) ;
#3614 = COLOUR_RGB ( '',0.4000000000000000222, 0.4000000000000000222, 0.4000000000000000222 ) ;
#3615 = AXIS2_PLACEMENT_3D ( 'NONE', #3678, #2139, #1864 ) ;
#3616 =( LENGTH_UNIT ( ) NAMED_UNIT ( * ) SI_UNIT ( .MILLI., .METRE. ) );
#3617 = ORIENTED_EDGE ( 'NONE', *, *, #666, .F. ) ;
#3618 = CARTESIAN_POINT ( 'NONE',  ( -0.5399999999999999245, 2.000000000000000000, 0.0000000000000000000 ) ) ;
#3619 = STYLED_ITEM ( 'NONE', ( #2814 ), #2342 ) ;
#3620 = LINE ( 'NONE', #2721, #2346 ) ;
#3621 = DIRECTION ( 'NONE',  ( -0.0000000000000000000, -0.0000000000000000000, -1.000000000000000000 ) ) ;
#3622 = EDGE_LOOP ( 'NONE', ( #3375, #2292, #3328, #1455 ) ) ;
#3623 = SURFACE_SIDE_STYLE ('',( #3007 ) ) ;
#3624 = VERTEX_POINT ( 'NONE', #2697 ) ;
#3625 = FILL_AREA_STYLE ('',( #2480 ) ) ;
#3626 = PRESENTATION_STYLE_ASSIGNMENT (( #3025 ) ) ;
#3627 = EDGE_CURVE ( 'NONE', #3215, #2501, #1214, .T. ) ;
#3628 = DIRECTION ( 'NONE',  ( -0.0000000000000000000, -0.0000000000000000000, -1.000000000000000000 ) ) ;
#3629 = VERTEX_POINT ( 'NONE', #1816 ) ;
#3630 = FILL_AREA_STYLE ('',( #350 ) ) ;
#3631 = EDGE_CURVE ( 'NONE', #3552, #2762, #3279, .T. ) ;
#3632 = FACE_OUTER_BOUND ( 'NONE', #3049, .T. ) ;
#3633 = EDGE_CURVE ( 'NONE', #2233, #1556, #794, .T. ) ;
#3634 = ORIENTED_EDGE ( 'NONE', *, *, #1761, .T. ) ;
#3635 = ORIENTED_EDGE ( 'NONE', *, *, #2148, .F. ) ;
#3636 =( NAMED_UNIT ( * ) SI_UNIT ( $, .STERADIAN. ) SOLID_ANGLE_UNIT ( ) );
#3637 = ORIENTED_EDGE ( 'NONE', *, *, #1821, .F. ) ;
#3638 = SURFACE_STYLE_USAGE ( .BOTH. , #2442 ) ;
#3639 = ORIENTED_EDGE ( 'NONE', *, *, #3462, .T. ) ;
#3640 = ORIENTED_EDGE ( 'NONE', *, *, #2582, .T. ) ;
#3641 = DIRECTION ( 'NONE',  ( 1.000000000000000000, 0.0000000000000000000, 0.0000000000000000000 ) ) ;
#3642 = DIRECTION ( 'NONE',  ( 1.000000000000000000, -0.0000000000000000000, 0.0000000000000000000 ) ) ;
#3643 =( LENGTH_UNIT ( ) NAMED_UNIT ( * ) SI_UNIT ( .MILLI., .METRE. ) );
#3644 = STYLED_ITEM ( 'NONE', ( #2178 ), #3802 ) ;
#3645 = FACE_OUTER_BOUND ( 'NONE', #663, .T. ) ;
#3646 = PLANE ( 'NONE',  #287 ) ;
#3647 = CIRCLE ( 'NONE', #2276, 1.449999999999999956 ) ;
#3648 = VECTOR ( 'NONE', #2951, 1000.000000000000000 ) ;
#3649 = AXIS2_PLACEMENT_3D ( 'NONE', #2683, #3869, #2424 ) ;
#3650 =( NAMED_UNIT ( * ) PLANE_ANGLE_UNIT ( ) SI_UNIT ( $, .RADIAN. ) );
#3651 = ORIENTED_EDGE ( 'NONE', *, *, #2375, .F. ) ;
#3652 = EDGE_LOOP ( 'NONE', ( #1418, #879, #2164, #2345 ) ) ;
#3653 = SURFACE_SIDE_STYLE ('',( #3006 ) ) ;
#3654 = UNCERTAINTY_MEASURE_WITH_UNIT (LENGTH_MEASURE( 1.000000000000000082E-05 ), #3643, 'distance_accuracy_value', 'NONE');
#3655 =( LENGTH_UNIT ( ) NAMED_UNIT ( * ) SI_UNIT ( .MILLI., .METRE. ) );
#3656 = COLOUR_RGB ( '',0.4000000000000000222, 0.4000000000000000222, 0.4000000000000000222 ) ;
#3657 = ORIENTED_EDGE ( 'NONE', *, *, #3627, .F. ) ;
#3658 = PLANE ( 'NONE',  #3851 ) ;
#3659 = COLOUR_RGB ( '',0.4000000000000000222, 0.4000000000000000222, 0.4000000000000000222 ) ;
#3660 = PRESENTATION_LAYER_ASSIGNMENT (  '', '', ( #3610 ) ) ;
#3661 = PRESENTATION_LAYER_ASSIGNMENT (  '', '', ( #1838 ) ) ;
#3662 =( GEOMETRIC_REPRESENTATION_CONTEXT ( 3 ) GLOBAL_UNCERTAINTY_ASSIGNED_CONTEXT ( ( #1392 ) ) GLOBAL_UNIT_ASSIGNED_CONTEXT ( ( #2892, #520, #3240 ) ) REPRESENTATION_CONTEXT ( 'NONE', 'WORKASPACE' ) );
#3663 = VERTEX_POINT ( 'NONE', #1248 ) ;
#3664 = LINE ( 'NONE', #934, #3554 ) ;
#3665 = ORIENTED_EDGE ( 'NONE', *, *, #3096, .F. ) ;
#3666 = FACE_OUTER_BOUND ( 'NONE', #3317, .T. ) ;
#3667 = PRESENTATION_STYLE_ASSIGNMENT (( #1548 ) ) ;
#3668 =( GEOMETRIC_REPRESENTATION_CONTEXT ( 3 ) GLOBAL_UNCERTAINTY_ASSIGNED_CONTEXT ( ( #1852 ) ) GLOBAL_UNIT_ASSIGNED_CONTEXT ( ( #3458, #2000, #2898 ) ) REPRESENTATION_CONTEXT ( 'NONE', 'WORKASPACE' ) );
#3669 = VECTOR ( 'NONE', #2822, 1000.000000000000000 ) ;
#3670 = DIRECTION ( 'NONE',  ( -1.000000000000000000, -0.0000000000000000000, -0.0000000000000000000 ) ) ;
#3671 = CARTESIAN_POINT ( 'NONE',  ( -0.4000000000000000777, -4.070000000000000284, 1.149999999999999911 ) ) ;
#3672 =( NAMED_UNIT ( * ) SI_UNIT ( $, .STERADIAN. ) SOLID_ANGLE_UNIT ( ) );
#3673 = SURFACE_SIDE_STYLE ('',( #2471 ) ) ;
#3674 = LINE ( 'NONE', #679, #3225 ) ;
#3675 = EDGE_LOOP ( 'NONE', ( #511, #1723 ) ) ;
#3676 = EDGE_CURVE ( 'NONE', #562, #2690, #3381, .T. ) ;
#3677 = VERTEX_POINT ( 'NONE', #2298 ) ;
#3678 = CARTESIAN_POINT ( 'NONE',  ( -5.080000000000000071, -4.070000000000000284, 0.0000000000000000000 ) ) ;
#3679 = EDGE_CURVE ( 'NONE', #2481, #18, #3069, .T. ) ;
#3680 = ORIENTED_EDGE ( 'NONE', *, *, #3572, .T. ) ;
#3681 = ORIENTED_EDGE ( 'NONE', *, *, #3631, .T. ) ;
#3682 = SURFACE_STYLE_USAGE ( .BOTH. , #1574 ) ;
#3683 = ORIENTED_EDGE ( 'NONE', *, *, #1494, .T. ) ;
#3684 =( NAMED_UNIT ( * ) PLANE_ANGLE_UNIT ( ) SI_UNIT ( $, .RADIAN. ) );
#3685 = EDGE_CURVE ( 'NONE', #1862, #2481, #3052, .T. ) ;
#3686 = LINE ( 'NONE', #2556, #410 ) ;
#3687 = CARTESIAN_POINT ( 'NONE',  ( -0.8253571800519999835, -0.3499999999999999778, 1.399999999999999911 ) ) ;
#3688 = UNCERTAINTY_MEASURE_WITH_UNIT (LENGTH_MEASURE( 1.000000000000000082E-05 ), #1760, 'distance_accuracy_value', 'NONE');
#3689 = DIRECTION ( 'NONE',  ( 0.0000000000000000000, -1.000000000000000000, 0.0000000000000000000 ) ) ;
#3690 = FACE_OUTER_BOUND ( 'NONE', #3107, .T. ) ;
#3691 = DIRECTION ( 'NONE',  ( -1.000000000000000000, 0.0000000000000000000, -0.0000000000000000000 ) ) ;
#3692 = PLANE ( 'NONE',  #530 ) ;
#3693 = ORIENTED_EDGE ( 'NONE', *, *, #428, .F. ) ;
#3694 = EDGE_CURVE ( 'NONE', #1884, #1813, #1658, .T. ) ;
#3695 = EDGE_CURVE ( 'NONE', #2775, #2888, #1675, .T. ) ;
#3696 = EDGE_LOOP ( 'NONE', ( #2772, #874, #356, #448 ) ) ;
#3697 = CARTESIAN_POINT ( 'NONE',  ( -0.8253571800518876289, 0.3499999999999999778, 1.399999999999999911 ) ) ;
#3698 = APPLICATION_CONTEXT ( 'automotive_design' ) ;
#3699 = EDGE_LOOP ( 'NONE', ( #1786, #2330 ) ) ;
#3700 = PLANE ( 'NONE',  #32 ) ;
#3701 = ORIENTED_EDGE ( 'NONE', *, *, #1292, .T. ) ;
#3702 = SURFACE_SIDE_STYLE ('',( #3395 ) ) ;
#3703 = CARTESIAN_POINT ( 'NONE',  ( -2.540000000000000036, 0.0000000000000000000, 1.399999999999999911 ) ) ;
#3704 =( LENGTH_UNIT ( ) NAMED_UNIT ( * ) SI_UNIT ( .MILLI., .METRE. ) );
#3705 = PRESENTATION_STYLE_ASSIGNMENT (( #2508 ) ) ;
#3706 = EDGE_CURVE ( 'NONE', #46, #571, #1944, .T. ) ;
#3707 = PLANE ( 'NONE',  #1532 ) ;
#3708 = COLOUR_RGB ( '',0.1960784313725490169, 0.1960784313725490169, 0.1960784313725490169 ) ;
#3709 = COLOUR_RGB ( '',0.1960784313725490169, 0.1960784313725490169, 0.1960784313725490169 ) ;
#3710 = PRESENTATION_STYLE_ASSIGNMENT (( #2804 ) ) ;
#3711 = EDGE_CURVE ( 'NONE', #1695, #2573, #675, .T. ) ;
#3712 = LINE ( 'NONE', #427, #3368 ) ;
#3713 = VECTOR ( 'NONE', #1721, 1000.000000000000000 ) ;
#3714 = AXIS2_PLACEMENT_3D ( 'NONE', #2122, #3602, #1433 ) ;
#3715 = UNCERTAINTY_MEASURE_WITH_UNIT (LENGTH_MEASURE( 1.000000000000000082E-05 ), #84, 'distance_accuracy_value', 'NONE');
#3716 = DIRECTION ( 'NONE',  ( 0.0000000000000000000, -0.0000000000000000000, 1.000000000000000000 ) ) ;
#3717 = ORIENTED_EDGE ( 'NONE', *, *, #1180, .T. ) ;
#3718 = MECHANICAL_DESIGN_GEOMETRIC_PRESENTATION_REPRESENTATION (  '', ( #3291 ), #2523 ) ;
#3719 = SURFACE_STYLE_FILL_AREA ( #2516 ) ;
#3720 = CIRCLE ( 'NONE', #14, 1.449999999999999956 ) ;
#3721 = ORIENTED_EDGE ( 'NONE', *, *, #2310, .T. ) ;
#3722 = CARTESIAN_POINT ( 'NONE',  ( -3.990000000000000657, 1.775737858763661423E-16, -4.000000000000000000 ) ) ;
#3723 = EDGE_CURVE ( 'NONE', #872, #544, #197, .T. ) ;
#3724 = DIRECTION ( 'NONE',  ( 0.0000000000000000000, 0.0000000000000000000, 1.000000000000000000 ) ) ;
#3725 = PRESENTATION_STYLE_ASSIGNMENT (( #2485 ) ) ;
#3726 = CARTESIAN_POINT ( 'NONE',  ( -0.7900000000000000355, 0.0000000000000000000, 0.0000000000000000000 ) ) ;
#3727 = MECHANICAL_DESIGN_GEOMETRIC_PRESENTATION_REPRESENTATION (  '', ( #1838 ), #1405 ) ;
#3728 = PRESENTATION_LAYER_ASSIGNMENT (  '', '', ( #1654 ) ) ;
#3729 = STYLED_ITEM ( 'NONE', ( #3531 ), #367 ) ;
#3730 = COLOUR_RGB ( '',0.1960784313725490169, 0.1960784313725490169, 0.1960784313725490169 ) ;
#3731 = UNCERTAINTY_MEASURE_WITH_UNIT (LENGTH_MEASURE( 1.000000000000000082E-05 ), #2678, 'distance_accuracy_value', 'NONE');
#3732 = PRESENTATION_LAYER_ASSIGNMENT (  '', '', ( #1220 ) ) ;
#3733 = VECTOR ( 'NONE', #3530, 1000.000000000000000 ) ;
#3734 = SURFACE_SIDE_STYLE ('',( #1385 ) ) ;
#3735 =( NAMED_UNIT ( * ) SI_UNIT ( $, .STERADIAN. ) SOLID_ANGLE_UNIT ( ) );
#3736 = VECTOR ( 'NONE', #3628, 1000.000000000000000 ) ;
#3737 = PRODUCT ( 'Schraube_links', 'Schraube_links', '', ( #1482 ) ) ;
#3738 =( NAMED_UNIT ( * ) PLANE_ANGLE_UNIT ( ) SI_UNIT ( $, .RADIAN. ) );
#3739 = SURFACE_SIDE_STYLE ('',( #1059 ) ) ;
#3740 = MECHANICAL_DESIGN_GEOMETRIC_PRESENTATION_REPRESENTATION (  '', ( #1043 ), #1103 ) ;
#3741 = STYLED_ITEM ( 'NONE', ( #1320 ), #2563 ) ;
#3742 =( LENGTH_UNIT ( ) NAMED_UNIT ( * ) SI_UNIT ( .MILLI., .METRE. ) );
#3743 = PRESENTATION_STYLE_ASSIGNMENT (( #1061 ) ) ;
#3744 = LINE ( 'NONE', #1656, #1465 ) ;
#3745 = DIRECTION ( 'NONE',  ( 0.0000000000000000000, 0.0000000000000000000, 1.000000000000000000 ) ) ;
#3746 = EDGE_LOOP ( 'NONE', ( #345, #209, #416, #2094 ) ) ;
#3747 = DIRECTION ( 'NONE',  ( 0.0000000000000000000, 0.0000000000000000000, -1.000000000000000000 ) ) ;
#3748 = CARTESIAN_POINT ( 'NONE',  ( -0.5399999999999999245, -2.000000000000000000, 4.000000000000000000 ) ) ;
#3749 = EDGE_CURVE ( 'NONE', #1070, #2798, #3146, .T. ) ;
#3750 = DIRECTION ( 'NONE',  ( -0.0000000000000000000, 1.000000000000000000, -2.220446049250000002E-16 ) ) ;
#3751 = SURFACE_SIDE_STYLE ('',( #421 ) ) ;
#3752 = DIRECTION ( 'NONE',  ( 0.0000000000000000000, 0.0000000000000000000, -1.000000000000000000 ) ) ;
#3753 = ORIENTED_EDGE ( 'NONE', *, *, #3818, .T. ) ;
#3754 = CARTESIAN_POINT ( 'NONE',  ( -4.540000000000000036, 2.000000000000000000, 0.0000000000000000000 ) ) ;
#3755 = CARTESIAN_POINT ( 'NONE',  ( -1.840000000000000080, -4.070000000000000284, 1.149999999999999911 ) ) ;
#3756 = FILL_AREA_STYLE ('',( #2548 ) ) ;
#3757 = UNCERTAINTY_MEASURE_WITH_UNIT (LENGTH_MEASURE( 1.000000000000000082E-05 ), #1036, 'distance_accuracy_value', 'NONE');
#3758 = EDGE_LOOP ( 'NONE', ( #1518, #1640 ) ) ;
#3759 = CARTESIAN_POINT ( 'NONE',  ( -4.290000000000000036, 0.3499999999999999778, 0.5999999999999999778 ) ) ;
#3760 = SURFACE_STYLE_FILL_AREA ( #3435 ) ;
#3761 = ORIENTED_EDGE ( 'NONE', *, *, #748, .F. ) ;
#3762 = PRESENTATION_STYLE_ASSIGNMENT (( #1359 ) ) ;
#3763 = DIRECTION ( 'NONE',  ( -0.0000000000000000000, -0.0000000000000000000, -1.000000000000000000 ) ) ;
#3764 = SURFACE_STYLE_FILL_AREA ( #2505 ) ;
#3765 = DIRECTION ( 'NONE',  ( -1.000000000000000000, 0.0000000000000000000, -0.0000000000000000000 ) ) ;
#3766 = LINE ( 'NONE', #1998, #2527 ) ;
#3767 = SURFACE_STYLE_USAGE ( .BOTH. , #2329 ) ;
#3768 = EDGE_LOOP ( 'NONE', ( #3496, #3532, #2756, #2674 ) ) ;
#3769 = SURFACE_STYLE_USAGE ( .BOTH. , #2562 ) ;
#3770 = DIRECTION ( 'NONE',  ( -0.0000000000000000000, -0.0000000000000000000, -1.000000000000000000 ) ) ;
#3771 = LINE ( 'NONE', #804, #1161 ) ;
#3772 = CARTESIAN_POINT ( 'NONE',  ( -4.700000000000000178, -4.070000000000000284, 1.149999999999999911 ) ) ;
#3773 = COLOUR_RGB ( '',0.1960784313725490169, 0.1960784313725490169, 0.1960784313725490169 ) ;
#3774 = SURFACE_SIDE_STYLE ('',( #1964 ) ) ;
#3775 =( NAMED_UNIT ( * ) SI_UNIT ( $, .STERADIAN. ) SOLID_ANGLE_UNIT ( ) );
#3776 = ORIENTED_EDGE ( 'NONE', *, *, #2513, .F. ) ;
#3777 = FILL_AREA_STYLE ('',( #2809 ) ) ;
#3778 = STYLED_ITEM ( 'NONE', ( #877 ), #922 ) ;
#3779 = DIRECTION ( 'NONE',  ( 0.0000000000000000000, -0.0000000000000000000, -1.000000000000000000 ) ) ;
#3780 = COLOUR_RGB ( '',0.7921568627450980005, 0.8196078431372548767, 0.9333333333333333481 ) ;
#3781 = ORIENTED_EDGE ( 'NONE', *, *, #3711, .F. ) ;
#3782 = DIRECTION ( 'NONE',  ( 0.0000000000000000000, 1.000000000000000000, -0.0000000000000000000 ) ) ;
#3783 = AXIS2_PLACEMENT_3D ( 'NONE', #2072, #1416, #2611 ) ;
#3784 = COLOUR_RGB ( '',0.4000000000000000222, 0.4000000000000000222, 0.4000000000000000222 ) ;
#3785 = PLANE ( 'NONE',  #279 ) ;
#3786 = CARTESIAN_POINT ( 'NONE',  ( -2.965000000000000302, 5.204748896376250083E-17, -4.599999999999999645 ) ) ;
#3787 = DIRECTION ( 'NONE',  ( -0.0000000000000000000, -0.0000000000000000000, -1.000000000000000000 ) ) ;
#3788 = DIRECTION ( 'NONE',  ( 1.000000000000000000, 0.0000000000000000000, 0.0000000000000000000 ) ) ;
#3789 = ORIENTED_EDGE ( 'NONE', *, *, #1323, .F. ) ;
#3790 =( NAMED_UNIT ( * ) SI_UNIT ( $, .STERADIAN. ) SOLID_ANGLE_UNIT ( ) );
#3791 = MECHANICAL_DESIGN_GEOMETRIC_PRESENTATION_REPRESENTATION (  '', ( #1587 ), #1647 ) ;
#3792 = PRESENTATION_LAYER_ASSIGNMENT (  '', '', ( #1466 ) ) ;
#3793 = PRESENTATION_STYLE_ASSIGNMENT (( #2022 ) ) ;
#3794 = AXIS2_PLACEMENT_3D ( 'NONE', #1748, #2973, #2992 ) ;
#3795 = VECTOR ( 'NONE', #1872, 1000.000000000000000 ) ;
#3796 = PRESENTATION_LAYER_ASSIGNMENT (  '', '', ( #1969 ) ) ;
#3797 = PRESENTATION_LAYER_ASSIGNMENT (  '', '', ( #3360 ) ) ;
#3798 = STYLED_ITEM ( 'NONE', ( #810 ), #2071 ) ;
#3799 =( LENGTH_UNIT ( ) NAMED_UNIT ( * ) SI_UNIT ( .MILLI., .METRE. ) );
#3800 = ORIENTED_EDGE ( 'NONE', *, *, #610, .T. ) ;
#3801 = CARTESIAN_POINT ( 'NONE',  ( 0.4000000000000001887, -4.070000000000000284, 0.0000000000000000000 ) ) ;
#3802 = ADVANCED_FACE ( 'NONE', ( #1971 ), #1578, .T. ) ;
#3803 = FACE_OUTER_BOUND ( 'NONE', #3824, .T. ) ;
#3804 = ORIENTED_EDGE ( 'NONE', *, *, #2631, .F. ) ;
#3805 = SURFACE_SIDE_STYLE ('',( #2014 ) ) ;
#3806 = CARTESIAN_POINT ( 'NONE',  ( -4.290000000000000036, 0.3499999999999999778, 0.5999999999999999778 ) ) ;
#3807 = DIRECTION ( 'NONE',  ( 1.000000000000000000, 0.0000000000000000000, 0.0000000000000000000 ) ) ;
#3808 =( NAMED_UNIT ( * ) PLANE_ANGLE_UNIT ( ) SI_UNIT ( $, .RADIAN. ) );
#3809 = EDGE_CURVE ( 'NONE', #454, #3677, #2869, .T. ) ;
#3810 = ORIENTED_EDGE ( 'NONE', *, *, #2930, .T. ) ;
#3811 = FACE_OUTER_BOUND ( 'NONE', #2900, .T. ) ;
#3812 = CARTESIAN_POINT ( 'NONE',  ( -4.540000000000000036, 2.000000000000000000, 0.0000000000000000000 ) ) ;
#3813 = DIRECTION ( 'NONE',  ( -1.000000000000000000, 0.0000000000000000000, 0.0000000000000000000 ) ) ;
#3814 = SHAPE_REPRESENTATION_RELATIONSHIP ( 'NONE' , 'NONE' ,  #1174, #768 ) ;
#3815 = ORIENTED_EDGE ( 'NONE', *, *, #3694, .F. ) ;
#3816 = LINE ( 'NONE', #3232, #852 ) ;
#3817 = FACE_OUTER_BOUND ( 'NONE', #843, .T. ) ;
#3818 = EDGE_CURVE ( 'NONE', #1004, #3389, #3474, .T. ) ;
#3819 = ORIENTED_EDGE ( 'NONE', *, *, #2036, .F. ) ;
#3820 = CARTESIAN_POINT ( 'NONE',  ( 4.700000000000000178, -4.070000000000000284, 1.149999999999999911 ) ) ;
#3821 = SURFACE_SIDE_STYLE ('',( #1129 ) ) ;
#3822 = FACE_OUTER_BOUND ( 'NONE', #1855, .T. ) ;
#3823 = FACE_OUTER_BOUND ( 'NONE', #779, .T. ) ;
#3824 = EDGE_LOOP ( 'NONE', ( #3065, #172, #3853, #3605, #1558, #3683, #2544, #3529, #998, #2854, #2019, #2958, #1567, #866, #358, #2754, #3753, #1108, #2738, #1199 ) ) ;
#3825 = EDGE_CURVE ( 'NONE', #1276, #493, #2570, .T. ) ;
#3826 = CARTESIAN_POINT ( 'NONE',  ( -3.990000000000000657, 1.775737858763661916E-16, 0.0000000000000000000 ) ) ;
#3827 = LINE ( 'NONE', #3573, #3850 ) ;
#3828 = EDGE_CURVE ( 'NONE', #1676, #2521, #3213, .T. ) ;
#3829 = CARTESIAN_POINT ( 'NONE',  ( 5.080000000000000071, 0.0000000000000000000, 7.599999999999999645 ) ) ;
#3830 = EDGE_LOOP ( 'NONE', ( #476, #3147, #1282, #2013 ) ) ;
#3831 = SURFACE_SIDE_STYLE ('',( #1746 ) ) ;
#3832 = ORIENTED_EDGE ( 'NONE', *, *, #1749, .T. ) ;
#3833 = COLOUR_RGB ( '',0.4000000000000000222, 0.4000000000000000222, 0.4000000000000000222 ) ;
#3834 = DIRECTION ( 'NONE',  ( 0.0000000000000000000, -0.0000000000000000000, -1.000000000000000000 ) ) ;
#3835 = DIRECTION ( 'NONE',  ( -0.0000000000000000000, 1.000000000000000000, 0.0000000000000000000 ) ) ;
#3836 = VECTOR ( 'NONE', #3273, 1000.000000000000000 ) ;
#3837 = AXIS2_PLACEMENT_3D ( 'NONE', #313, #1457, #1450 ) ;
#3838 = CARTESIAN_POINT ( 'NONE',  ( -0.8253571800519998725, 0.3499999999999999778, 1.399999999999999911 ) ) ;
#3839 = AXIS2_PLACEMENT_3D ( 'NONE', #539, #3251, #1167 ) ;
#3840 = EDGE_CURVE ( 'NONE', #2746, #1355, #2337, .T. ) ;
#3841 = DIRECTION ( 'NONE',  ( 0.0000000000000000000, -0.0000000000000000000, -1.000000000000000000 ) ) ;
#3842 = CIRCLE ( 'NONE', #2409, 0.4250000000000000444 ) ;
#3843 = ORIENTED_EDGE ( 'NONE', *, *, #3171, .F. ) ;
#3844 = DIRECTION ( 'NONE',  ( 0.0000000000000000000, -2.990902544787598592E-16, -1.000000000000000000 ) ) ;
#3845 = STYLED_ITEM ( 'NONE', ( #3183 ), #1420 ) ;
#3846 =( NAMED_UNIT ( * ) SI_UNIT ( $, .STERADIAN. ) SOLID_ANGLE_UNIT ( ) );
#3847 = CARTESIAN_POINT ( 'NONE',  ( 5.080000000000000071, 3.370000000000000107, 6.700000000000000178 ) ) ;
#3848 = DIRECTION ( 'NONE',  ( -1.000000000000000000, -0.0000000000000000000, -0.0000000000000000000 ) ) ;
#3849 = MECHANICAL_DESIGN_GEOMETRIC_PRESENTATION_REPRESENTATION (  '', ( #3243 ), #1725 ) ;
#3850 = VECTOR ( 'NONE', #583, 1000.000000000000000 ) ;
#3851 = AXIS2_PLACEMENT_3D ( 'NONE', #3390, #684, #973 ) ;
#3852 = CARTESIAN_POINT ( 'NONE',  ( 0.5900000000000003020, 2.388061258337338643E-16, 10.00000000000000000 ) ) ;
#3853 = ORIENTED_EDGE ( 'NONE', *, *, #3685, .T. ) ;
#3854 = CARTESIAN_POINT ( 'NONE',  ( -2.540000000000000036, -1.999999999999999556, 3.449999999999999734 ) ) ;
#3855 = COLOUR_RGB ( '',0.1960784313725490169, 0.1960784313725490169, 0.1960784313725490169 ) ;
#3856 =( LENGTH_UNIT ( ) NAMED_UNIT ( * ) SI_UNIT ( .MILLI., .METRE. ) );
#3857 = CIRCLE ( 'NONE', #1974, 1.750000000000000222 ) ;
#3858 = ORIENTED_EDGE ( 'NONE', *, *, #1293, .T. ) ;
#3859 = PRESENTATION_LAYER_ASSIGNMENT (  '', '', ( #1851 ) ) ;
#3860 = CARTESIAN_POINT ( 'NONE',  ( -4.540000000000000036, 2.000000000000000000, 4.000000000000000000 ) ) ;
#3861 =( LENGTH_UNIT ( ) NAMED_UNIT ( * ) SI_UNIT ( .MILLI., .METRE. ) );
#3862 = EDGE_CURVE ( 'NONE', #3057, #2762, #1486, .T. ) ;
#3863 = CARTESIAN_POINT ( 'NONE',  ( -2.540000000000000036, 0.0000000000000000000, 0.0000000000000000000 ) ) ;
#3864 = ORIENTED_EDGE ( 'NONE', *, *, #3679, .T. ) ;
#3865 = DIRECTION ( 'NONE',  ( -0.0000000000000000000, -1.000000000000000000, 0.0000000000000000000 ) ) ;
#3866 = EDGE_CURVE ( 'NONE', #2501, #355, #3591, .T. ) ;
#3867 = UNCERTAINTY_MEASURE_WITH_UNIT (LENGTH_MEASURE( 1.000000000000000082E-05 ), #875, 'distance_accuracy_value', 'NONE');
#3868 = SURFACE_STYLE_USAGE ( .BOTH. , #224 ) ;
#3869 = DIRECTION ( 'NONE',  ( 0.0000000000000000000, -1.000000000000000000, 2.220446049250000002E-16 ) ) ;
#3870 = UNCERTAINTY_MEASURE_WITH_UNIT (LENGTH_MEASURE( 1.000000000000000082E-05 ), #1231, 'distance_accuracy_value', 'NONE');
#3871 = APPLICATION_PROTOCOL_DEFINITION ( 'draft international standard', 'automotive_design', 1998, #3257 ) ;
#3872 =( LENGTH_UNIT ( ) NAMED_UNIT ( * ) SI_UNIT ( .MILLI., .METRE. ) );
#3873 = EDGE_LOOP ( 'NONE', ( #671, #1122, #3062, #2001 ) ) ;
#3874 = FILL_AREA_STYLE_COLOUR ( '', #1706 ) ;
#3875 = ORIENTED_EDGE ( 'NONE', *, *, #1625, .F. ) ;
#3876 = SURFACE_STYLE_USAGE ( .BOTH. , #1425 ) ;
#3877 = EDGE_CURVE ( 'NONE', #148, #541, #249, .T. ) ;
#3878 =( NAMED_UNIT ( * ) SI_UNIT ( $, .STERADIAN. ) SOLID_ANGLE_UNIT ( ) );
#3879 = FILL_AREA_STYLE_COLOUR ( '', #2305 ) ;
#3880 = SURFACE_SIDE_STYLE ('',( #2434 ) ) ;
#3881 = PRESENTATION_STYLE_ASSIGNMENT (( #3546 ) ) ;
#3882 =( NAMED_UNIT ( * ) SI_UNIT ( $, .STERADIAN. ) SOLID_ANGLE_UNIT ( ) );
#3883 = NEXT_ASSEMBLY_USAGE_OCCURRENCE ( 'NAUO1', ' ', ' ', #2418, #2306, $ ) ;
#3884 = NEXT_ASSEMBLY_USAGE_OCCURRENCE ( 'NAUO2', ' ', ' ', #2418, #2811, $ ) ;
#3885 = NEXT_ASSEMBLY_USAGE_OCCURRENCE ( 'NAUO3', ' ', ' ', #2418, #1063, $ ) ;
#3886 = NEXT_ASSEMBLY_USAGE_OCCURRENCE ( 'NAUO4', ' ', ' ', #2418, #487, $ ) ;
#3887 = NEXT_ASSEMBLY_USAGE_OCCURRENCE ( 'NAUO5', ' ', ' ', #2418, #3153, $ ) ;
ENDSEC;
END-ISO-10303-21;
